자치구,연도,면적구간,평균 전세,평균 월세보증금,평균 월세,거래건수,gu_std,year,avg_jeonse,avg_monthly_rent,tx_count,area_band
강남구,2021,33,31264,6148,79,2437,강남구,2021,31264,79,2437,33㎡
강남구,2021,59,62179,25499,113,5444,강남구,2021,62179,113,5444,59㎡
강남구,2021,84,92054,51603,182,7590,강남구,2021,92054,182,7590,84㎡
강남구,2021,기타,137919,77724,266,4533,강남구,2021,137919,266,4533,기타
강동구,2021,33,20004,4986,23,3533,강동구,2021,20004,23,3533,33㎡
강동구,2021,59,39859,14456,49,6218,강동구,2021,39859,49,6218,59㎡
강동구,2021,84,57689,31108,105,4989,강동구,2021,57689,105,4989,84㎡
강동구,2021,기타,63664,42705,116,1069,강동구,2021,63664,116,1069,기타
강북구,2021,33,12440,3539,22,432,강북구,2021,12440,22,432,33㎡
강북구,2021,59,31760,9554,54,1129,강북구,2021,31760,54,1129,59㎡
강북구,2021,84,43717,15702,97,1023,강북구,2021,43717,97,1023,84㎡
강북구,2021,기타,51114,19239,108,187,강북구,2021,51114,108,187,기타
강서구,2021,33,19666,5173,36,3743,강서구,2021,19666,36,3743,33㎡
강서구,2021,59,36197,9307,43,5864,강서구,2021,36197,43,5864,59㎡
강서구,2021,84,50909,25267,92,4031,강서구,2021,50909,92,4031,84㎡
강서구,2021,기타,67124,37103,110,900,강서구,2021,67124,110,900,기타
관악구,2021,33,16418,3173,39,1326,관악구,2021,16418,39,1326,33㎡
관악구,2021,59,39555,14735,69,2129,관악구,2021,39555,69,2129,59㎡
관악구,2021,84,50384,21714,88,1771,관악구,2021,50384,88,1771,84㎡
관악구,2021,기타,60321,29491,92,545,관악구,2021,60321,92,545,기타
광진구,2021,33,16803,2671,56,301,광진구,2021,16803,56,301,33㎡
광진구,2021,59,50210,21744,90,1295,광진구,2021,50210,90,1295,59㎡
광진구,2021,84,65530,33290,107,1877,광진구,2021,65530,107,1877,84㎡
광진구,2021,기타,101039,42702,220,462,광진구,2021,101039,220,462,기타
구로구,2021,33,15554,4438,24,2031,구로구,2021,15554,24,2031,33㎡
구로구,2021,59,29436,11515,42,4718,구로구,2021,29436,42,4718,59㎡
구로구,2021,84,44079,20190,73,2801,구로구,2021,44079,73,2801,84㎡
구로구,2021,기타,50590,30659,105,561,구로구,2021,50590,105,561,기타
금천구,2021,33,15765,2492,39,555,금천구,2021,15765,39,555,33㎡
금천구,2021,59,30215,16880,54,2227,금천구,2021,30215,54,2227,59㎡
금천구,2021,84,44441,21510,69,1341,금천구,2021,44441,69,1341,84㎡
금천구,2021,기타,49662,19079,105,167,금천구,2021,49662,105,167,기타
노원구,2021,33,15942,3124,39,2494,노원구,2021,15942,39,2494,33㎡
노원구,2021,59,24808,6650,54,10650,노원구,2021,24808,54,10650,59㎡
노원구,2021,84,46031,20339,80,3427,노원구,2021,46031,80,3427,84㎡
노원구,2021,기타,62620,33262,109,755,노원구,2021,62620,109,755,기타
도봉구,2021,33,14436,2365,43,848,도봉구,2021,14436,43,848,33㎡
도봉구,2021,59,24328,6219,56,2630,도봉구,2021,24328,56,2630,59㎡
도봉구,2021,84,37415,13619,71,1968,도봉구,2021,37415,71,1968,84㎡
도봉구,2021,기타,54332,25324,98,270,도봉구,2021,54332,98,270,기타
동대문구,2021,33,19353,3735,40,1881,동대문구,2021,19353,40,1881,33㎡
동대문구,2021,59,43813,14430,78,2377,동대문구,2021,43813,78,2377,59㎡
동대문구,2021,84,51892,22922,101,2222,동대문구,2021,51892,101,2222,84㎡
동대문구,2021,기타,58384,27333,102,688,동대문구,2021,58384,102,688,기타
동작구,2021,33,13763,3004,41,669,동작구,2021,13763,41,669,33㎡
동작구,2021,59,49622,22294,77,2755,동작구,2021,49622,77,2755,59㎡
동작구,2021,84,67602,34439,110,3511,동작구,2021,67602,110,3511,84㎡
동작구,2021,기타,76588,39163,129,1038,동작구,2021,76588,129,1038,기타
마포구,2021,33,23918,5817,42,1325,마포구,2021,23918,42,1325,33㎡
마포구,2021,59,47774,15912,70,4636,마포구,2021,47774,70,4636,59㎡
마포구,2021,84,68225,29312,141,3494,마포구,2021,68225,141,3494,84㎡
마포구,2021,기타,90367,39509,202,1054,마포구,2021,90367,202,1054,기타
서대문구,2021,33,20955,5319,35,863,서대문구,2021,20955,35,863,33㎡
서대문구,2021,59,42980,15860,74,2267,서대문구,2021,42980,74,2267,59㎡
서대문구,2021,84,57022,26316,106,2519,서대문구,2021,57022,106,2519,84㎡
서대문구,2021,기타,68095,37402,116,519,서대문구,2021,68095,116,519,기타
서초구,2021,33,29179,4787,63,1158,서초구,2021,29179,63,1158,33㎡
서초구,2021,59,55089,24919,92,4190,서초구,2021,55089,92,4190,59㎡
서초구,2021,84,90766,49538,191,5594,서초구,2021,90766,191,5594,84㎡
서초구,2021,기타,131605,69841,265,3439,서초구,2021,131605,265,3439,기타
성동구,2021,33,17984,5863,58,603,성동구,2021,17984,58,603,33㎡
성동구,2021,59,54107,21609,123,3425,성동구,2021,54107,123,3425,59㎡
성동구,2021,84,69273,30362,155,3651,성동구,2021,69273,155,3651,84㎡
성동구,2021,기타,91398,44658,266,1114,성동구,2021,91398,266,1114,기타
성북구,2021,33,10699,4758,28,1005,성북구,2021,10699,28,1005,33㎡
성북구,2021,59,41386,13339,72,3988,성북구,2021,41386,72,3988,59㎡
성북구,2021,84,50692,23000,98,3119,성북구,2021,50692,98,3119,84㎡
성북구,2021,기타,61898,26944,117,784,성북구,2021,61898,117,784,기타
송파구,2021,33,35057,8869,47,2306,송파구,2021,35057,47,2306,33㎡
송파구,2021,59,50478,17664,69,5515,송파구,2021,50478,69,5515,59㎡
송파구,2021,84,72878,39472,139,9117,송파구,2021,72878,139,9117,84㎡
송파구,2021,기타,96319,57267,167,2965,송파구,2021,96319,167,2965,기타
양천구,2021,33,9236,4643,21,980,양천구,2021,9236,21,980,33㎡
양천구,2021,59,36557,14477,56,4826,양천구,2021,36557,56,4826,59㎡
양천구,2021,84,57994,34580,96,4052,양천구,2021,57994,96,4052,84㎡
양천구,2021,기타,86711,60784,126,1388,양천구,2021,86711,126,1388,기타
영등포구,2021,33,21593,3509,44,1326,영등포구,2021,21593,44,1326,33㎡
영등포구,2021,59,41795,14426,71,3175,영등포구,2021,41795,71,3175,59㎡
영등포구,2021,84,56455,24725,99,3361,영등포구,2021,56455,99,3361,84㎡
영등포구,2021,기타,84887,39000,151,1163,영등포구,2021,84887,151,1163,기타
용산구,2021,33,24741,4856,24,586,용산구,2021,24741,24,586,33㎡
용산구,2021,59,49673,18232,117,1529,용산구,2021,49673,117,1529,59㎡
용산구,2021,84,64294,25321,163,1505,용산구,2021,64294,163,1505,84㎡
용산구,2021,기타,115560,41794,327,1611,용산구,2021,115560,327,1611,기타
은평구,2021,33,16215,5009,28,1807,은평구,2021,16215,28,1807,33㎡
은평구,2021,59,38704,11496,55,2881,은평구,2021,38704,55,2881,59㎡
은평구,2021,84,46562,24262,95,2612,은평구,2021,46562,95,2612,84㎡
은평구,2021,기타,60953,31043,113,601,은평구,2021,60953,113,601,기타
종로구,2021,33,24568,5686,50,435,종로구,2021,24568,50,435,33㎡
종로구,2021,59,43316,16299,101,558,종로구,2021,43316,101,558,59㎡
종로구,2021,84,73200,29770,143,720,종로구,2021,73200,143,720,84㎡
종로구,2021,기타,91256,38969,206,246,종로구,2021,91256,206,246,기타
중구,2021,33,23048,3047,54,911,중구,2021,23048,54,911,33㎡
중구,2021,59,49804,15417,108,903,중구,2021,49804,108,903,59㎡
중구,2021,84,65606,23978,134,937,중구,2021,65606,134,937,84㎡
중구,2021,기타,91668,29168,231,409,중구,2021,91668,231,409,기타
중랑구,2021,33,18345,4109,34,1497,중랑구,2021,18345,34,1497,33㎡
중랑구,2021,59,32648,9449,47,1916,중랑구,2021,32648,47,1916,59㎡
중랑구,2021,84,44617,20519,78,1513,중랑구,2021,44617,78,1513,84㎡
중랑구,2021,기타,56471,25551,121,392,중랑구,2021,56471,121,392,기타
강남구,2022,33,32106,7586,71,3491,강남구,2022,32106,71,3491,33㎡
강남구,2022,59,58098,25088,127,6118,강남구,2022,58098,127,6118,59㎡
강남구,2022,84,89407,50556,191,8069,강남구,2022,89407,191,8069,84㎡
강남구,2022,기타,140252,80500,277,4927,강남구,2022,140252,277,4927,기타
강동구,2022,33,19983,4191,31,2510,강동구,2022,19983,31,2510,33㎡
강동구,2022,59,43697,15977,63,5640,강동구,2022,43697,63,5640,59㎡
강동구,2022,84,57784,29551,113,4910,강동구,2022,57784,113,4910,84㎡
강동구,2022,기타,67617,38717,127,907,강동구,2022,67617,127,907,기타
강북구,2022,33,13686,2709,34,946,강북구,2022,13686,34,946,33㎡
강북구,2022,59,31431,11005,63,1144,강북구,2022,31431,63,1144,59㎡
강북구,2022,84,42841,17262,90,1067,강북구,2022,42841,90,1067,84㎡
강북구,2022,기타,51195,21507,105,249,강북구,2022,51195,105,249,기타
강서구,2022,33,20348,4996,41,3660,강서구,2022,20348,41,3660,33㎡
강서구,2022,59,31382,11534,53,7105,강서구,2022,31382,53,7105,59㎡
강서구,2022,84,48396,26378,96,4726,강서구,2022,48396,96,4726,84㎡
강서구,2022,기타,66582,38221,116,953,강서구,2022,66582,116,953,기타
관악구,2022,33,16804,3640,36,1878,관악구,2022,16804,36,1878,33㎡
관악구,2022,59,39977,16754,72,2964,관악구,2022,39977,72,2964,59㎡
관악구,2022,84,50200,22329,97,1834,관악구,2022,50200,97,1834,84㎡
관악구,2022,기타,57948,29149,105,585,관악구,2022,57948,105,585,기타
광진구,2022,33,18211,4775,57,526,광진구,2022,18211,57,526,33㎡
광진구,2022,59,49360,22466,96,1331,광진구,2022,49360,96,1331,59㎡
광진구,2022,84,67594,35285,115,2245,광진구,2022,67594,115,2245,84㎡
광진구,2022,기타,104525,54775,211,559,광진구,2022,104525,211,559,기타
구로구,2022,33,16351,4820,22,2120,구로구,2022,16351,22,2120,33㎡
구로구,2022,59,29957,12078,51,4579,구로구,2022,29957,51,4579,59㎡
구로구,2022,84,44136,22687,61,4414,구로구,2022,44136,61,4414,84㎡
구로구,2022,기타,54718,32326,111,592,구로구,2022,54718,111,592,기타
금천구,2022,33,15816,1921,46,701,금천구,2022,15816,46,701,33㎡
금천구,2022,59,31938,12346,63,1332,금천구,2022,31938,63,1332,59㎡
금천구,2022,84,43743,18843,84,895,금천구,2022,43743,84,895,84㎡
금천구,2022,기타,46998,23980,77,183,금천구,2022,46998,77,183,기타
노원구,2022,33,15493,2581,38,3051,노원구,2022,15493,38,3051,33㎡
노원구,2022,59,24593,6789,58,12293,노원구,2022,24593,58,12293,59㎡
노원구,2022,84,45569,20050,88,3869,노원구,2022,45569,88,3869,84㎡
노원구,2022,기타,63558,36151,102,729,노원구,2022,63558,102,729,기타
도봉구,2022,33,14813,2945,40,1221,도봉구,2022,14813,40,1221,33㎡
도봉구,2022,59,24462,6271,58,3108,도봉구,2022,24462,58,3108,59㎡
도봉구,2022,84,37008,13160,79,2064,도봉구,2022,37008,79,2064,84㎡
도봉구,2022,기타,54472,21772,116,280,도봉구,2022,54472,116,280,기타
동대문구,2022,33,19922,5236,42,2104,동대문구,2022,19922,42,2104,33㎡
동대문구,2022,59,44587,15387,80,2807,동대문구,2022,44587,80,2807,59㎡
동대문구,2022,84,53498,24448,112,2743,동대문구,2022,53498,112,2743,84㎡
동대문구,2022,기타,55417,24480,115,710,동대문구,2022,55417,115,710,기타
동작구,2022,33,13628,2937,40,1113,동작구,2022,13628,40,1113,33㎡
동작구,2022,59,47671,21994,85,2932,동작구,2022,47671,85,2932,59㎡
동작구,2022,84,66358,33875,113,3871,동작구,2022,66358,113,3871,84㎡
동작구,2022,기타,77806,41967,127,1030,동작구,2022,77806,127,1030,기타
마포구,2022,33,22135,5915,47,1637,마포구,2022,22135,47,1637,33㎡
마포구,2022,59,45092,16302,87,5404,마포구,2022,45092,87,5404,59㎡
마포구,2022,84,68969,29114,159,4050,마포구,2022,68969,159,4050,84㎡
마포구,2022,기타,92325,42382,223,1132,마포구,2022,92325,223,1132,기타
서대문구,2022,33,16459,5561,36,1531,서대문구,2022,16459,36,1531,33㎡
서대문구,2022,59,44349,16908,89,3046,서대문구,2022,44349,89,3046,59㎡
서대문구,2022,84,55808,25645,115,3105,서대문구,2022,55808,115,3105,84㎡
서대문구,2022,기타,67966,33642,142,569,서대문구,2022,67966,142,569,기타
서초구,2022,33,31646,5828,73,1216,서초구,2022,31646,73,1216,33㎡
서초구,2022,59,57466,25474,102,4112,서초구,2022,57466,102,4112,59㎡
서초구,2022,84,95987,51122,200,6311,서초구,2022,95987,200,6311,84㎡
서초구,2022,기타,132869,71205,273,3514,서초구,2022,132869,273,3514,기타
성동구,2022,33,21634,6331,47,863,성동구,2022,21634,47,863,33㎡
성동구,2022,59,55371,21531,134,4148,성동구,2022,55371,134,4148,59㎡
성동구,2022,84,69730,31423,164,4075,성동구,2022,69730,164,4075,84㎡
성동구,2022,기타,94217,44958,294,1143,성동구,2022,94217,294,1143,기타
성북구,2022,33,15746,5127,30,1434,성북구,2022,15746,30,1434,33㎡
성북구,2022,59,41323,13739,78,4306,성북구,2022,41323,78,4306,59㎡
성북구,2022,84,51795,21621,107,3269,성북구,2022,51795,107,3269,84㎡
성북구,2022,기타,65147,31280,125,939,성북구,2022,65147,125,939,기타
송파구,2022,33,34544,8078,48,2845,송파구,2022,34544,48,2845,33㎡
송파구,2022,59,51151,20020,78,6062,송파구,2022,51151,78,6062,59㎡
송파구,2022,84,72310,39469,146,9786,송파구,2022,72310,146,9786,84㎡
송파구,2022,기타,97522,53145,176,3202,송파구,2022,97522,176,3202,기타
양천구,2022,33,7016,4142,21,939,양천구,2022,7016,21,939,33㎡
양천구,2022,59,37773,15215,65,5290,양천구,2022,37773,65,5290,59㎡
양천구,2022,84,58221,34833,100,4540,양천구,2022,58221,100,4540,84㎡
양천구,2022,기타,90075,66136,135,1425,양천구,2022,90075,135,1425,기타
영등포구,2022,33,20187,7061,37,1874,영등포구,2022,20187,37,1874,33㎡
영등포구,2022,59,43354,18642,67,5013,영등포구,2022,43354,67,5013,59㎡
영등포구,2022,84,56905,25897,106,4216,영등포구,2022,56905,106,4216,84㎡
영등포구,2022,기타,86178,43067,168,1259,영등포구,2022,86178,168,1259,기타
용산구,2022,33,24503,8634,37,1045,용산구,2022,24503,37,1045,33㎡
용산구,2022,59,47714,16827,90,2517,용산구,2022,47714,90,2517,59㎡
용산구,2022,84,67427,25640,170,1790,용산구,2022,67427,170,1790,84㎡
용산구,2022,기타,118728,40507,420,1830,용산구,2022,118728,420,1830,기타
은평구,2022,33,18501,7774,29,2668,은평구,2022,18501,29,2668,33㎡
은평구,2022,59,39931,13427,62,3997,은평구,2022,39931,62,3997,59㎡
은평구,2022,84,44252,23459,105,3361,은평구,2022,44252,105,3361,84㎡
은평구,2022,기타,60863,28572,121,659,은평구,2022,60863,121,659,기타
종로구,2022,33,20945,7327,54,436,종로구,2022,20945,54,436,33㎡
종로구,2022,59,41923,14823,102,568,종로구,2022,41923,102,568,59㎡
종로구,2022,84,68880,29682,157,719,종로구,2022,68880,157,719,84㎡
종로구,2022,기타,91364,35515,230,260,종로구,2022,91364,230,260,기타
중구,2022,33,20420,3626,50,926,중구,2022,20420,50,926,33㎡
중구,2022,59,49967,16379,109,1069,중구,2022,49967,109,1069,59㎡
중구,2022,84,64825,24740,143,1107,중구,2022,64825,143,1107,84㎡
중구,2022,기타,90157,32777,273,467,중구,2022,90157,273,467,기타
중랑구,2022,33,18256,5274,32,1851,중랑구,2022,18256,32,1851,33㎡
중랑구,2022,59,27791,10673,46,2818,중랑구,2022,27791,46,2818,59㎡
중랑구,2022,84,44756,20215,90,1662,중랑구,2022,44756,90,1662,84㎡
중랑구,2022,기타,49940,31774,99,446,중랑구,2022,49940,99,446,기타
강남구,2023,33,30681,7611,61,4508,강남구,2023,30681,61,4508,33㎡
강남구,2023,59,59243,23179,120,8620,강남구,2023,59243,120,8620,59㎡
강남구,2023,84,87107,45665,209,10902,강남구,2023,87107,209,10902,84㎡
강남구,2023,기타,133026,70135,291,5540,강남구,2023,133026,291,5540,기타
강동구,2023,33,19028,5880,28,3718,강동구,2023,19028,28,3718,33㎡
강동구,2023,59,37381,14876,61,8152,강동구,2023,37381,61,8152,59㎡
강동구,2023,84,54070,28502,122,6261,강동구,2023,54070,122,6261,84㎡
강동구,2023,기타,59110,35334,137,1165,강동구,2023,59110,137,1165,기타
강북구,2023,33,13103,2624,43,839,강북구,2023,13103,43,839,33㎡
강북구,2023,59,29683,9703,65,1223,강북구,2023,29683,65,1223,59㎡
강북구,2023,84,40318,14163,101,1203,강북구,2023,40318,101,1203,84㎡
강북구,2023,기타,46465,17611,119,224,강북구,2023,46465,119,224,기타
강서구,2023,33,19666,5547,43,3804,강서구,2023,19666,43,3804,33㎡
강서구,2023,59,34732,11078,57,6160,강서구,2023,34732,57,6160,59㎡
강서구,2023,84,48714,22228,108,4725,강서구,2023,48714,108,4725,84㎡
강서구,2023,기타,63638,32661,124,1030,강서구,2023,63638,124,1030,기타
관악구,2023,33,15055,3835,44,1796,관악구,2023,15055,44,1796,33㎡
관악구,2023,59,37086,14506,81,2706,관악구,2023,37086,81,2706,59㎡
관악구,2023,84,47169,19851,103,1939,관악구,2023,47169,103,1939,84㎡
관악구,2023,기타,56373,23076,122,656,관악구,2023,56373,122,656,기타
광진구,2023,33,18095,4976,49,544,광진구,2023,18095,49,544,33㎡
광진구,2023,59,47512,20205,99,1803,광진구,2023,47512,99,1803,59㎡
광진구,2023,84,63305,30505,133,2451,광진구,2023,63305,133,2451,84㎡
광진구,2023,기타,97350,41995,244,600,광진구,2023,97350,244,600,기타
구로구,2023,33,15190,4884,23,2422,구로구,2023,15190,23,2422,33㎡
구로구,2023,59,28894,11041,49,4910,구로구,2023,28894,49,4910,59㎡
구로구,2023,84,40852,19188,86,3344,구로구,2023,40852,86,3344,84㎡
구로구,2023,기타,50299,27512,141,736,구로구,2023,50299,141,736,기타
금천구,2023,33,14509,4293,33,952,금천구,2023,14509,33,952,33㎡
금천구,2023,59,29875,15490,60,2158,금천구,2023,29875,60,2158,59㎡
금천구,2023,84,42752,20320,80,1304,금천구,2023,42752,80,1304,84㎡
금천구,2023,기타,45230,15100,118,188,금천구,2023,45230,118,188,기타
노원구,2023,33,15547,2861,44,2941,노원구,2023,15547,44,2941,33㎡
노원구,2023,59,23929,5879,63,12484,노원구,2023,23929,63,12484,59㎡
노원구,2023,84,43323,17096,94,4177,노원구,2023,43323,94,4177,84㎡
노원구,2023,기타,58225,25960,120,899,노원구,2023,58225,120,899,기타
도봉구,2023,33,14118,2317,49,888,도봉구,2023,14118,49,888,33㎡
도봉구,2023,59,23008,5368,63,3013,도봉구,2023,23008,63,3013,59㎡
도봉구,2023,84,34712,10744,90,2286,도봉구,2023,34712,90,2286,84㎡
도봉구,2023,기타,49689,21178,117,322,도봉구,2023,49689,117,322,기타
동대문구,2023,33,20014,5155,46,1842,동대문구,2023,20014,46,1842,33㎡
동대문구,2023,59,40918,14918,93,2672,동대문구,2023,40918,93,2672,59㎡
동대문구,2023,84,51607,18782,140,3414,동대문구,2023,51607,140,3414,84㎡
동대문구,2023,기타,55506,19261,128,788,동대문구,2023,55506,128,788,기타
동작구,2023,33,17269,3845,42,812,동작구,2023,17269,42,812,33㎡
동작구,2023,59,45475,19587,86,3345,동작구,2023,45475,86,3345,59㎡
동작구,2023,84,62005,28148,121,4352,동작구,2023,62005,121,4352,84㎡
동작구,2023,기타,70979,34239,138,1219,동작구,2023,70979,138,1219,기타
마포구,2023,33,23235,6905,38,2504,마포구,2023,23235,38,2504,33㎡
마포구,2023,59,45829,15922,98,5561,마포구,2023,45829,98,5561,59㎡
마포구,2023,84,66118,27135,165,4547,마포구,2023,66118,165,4547,84㎡
마포구,2023,기타,89398,37133,226,1249,마포구,2023,89398,226,1249,기타
서대문구,2023,33,20073,5477,43,1230,서대문구,2023,20073,43,1230,33㎡
서대문구,2023,59,40794,14614,93,2992,서대문구,2023,40794,93,2992,59㎡
서대문구,2023,84,53288,22142,125,3264,서대문구,2023,53288,125,3264,84㎡
서대문구,2023,기타,67275,27477,154,614,서대문구,2023,67275,154,614,기타
서초구,2023,33,29393,6517,62,1449,서초구,2023,29393,62,1449,33㎡
서초구,2023,59,57366,24620,107,5868,서초구,2023,57366,107,5868,59㎡
서초구,2023,84,90332,47296,213,7392,서초구,2023,90332,213,7392,84㎡
서초구,2023,기타,135805,68908,305,4023,서초구,2023,135805,305,4023,기타
성동구,2023,33,18901,5519,58,665,성동구,2023,18901,58,665,33㎡
성동구,2023,59,51331,19109,149,4497,성동구,2023,51331,149,4497,59㎡
성동구,2023,84,65495,28122,183,4586,성동구,2023,65495,183,4586,84㎡
성동구,2023,기타,94679,45225,328,1384,성동구,2023,94679,328,1384,기타
성북구,2023,33,13906,4823,31,1242,성북구,2023,13906,31,1242,33㎡
성북구,2023,59,38634,12434,88,4659,성북구,2023,38634,88,4659,59㎡
성북구,2023,84,48786,19691,111,3552,성북구,2023,48786,111,3552,84㎡
성북구,2023,기타,58100,25922,128,924,성북구,2023,58100,128,924,기타
송파구,2023,33,33072,9750,43,3347,송파구,2023,33072,43,3347,33㎡
송파구,2023,59,47729,18444,83,6522,송파구,2023,47729,83,6522,59㎡
송파구,2023,84,67059,35575,161,11149,송파구,2023,67059,161,11149,84㎡
송파구,2023,기타,91380,49284,192,3467,송파구,2023,91380,192,3467,기타
양천구,2023,33,7964,4540,21,998,양천구,2023,7964,21,998,33㎡
양천구,2023,59,35226,12624,71,5465,양천구,2023,35226,71,5465,59㎡
양천구,2023,84,55058,30269,110,4745,양천구,2023,55058,110,4745,84㎡
양천구,2023,기타,85791,59793,146,1625,양천구,2023,85791,146,1625,기타
영등포구,2023,33,23571,5945,46,1751,영등포구,2023,23571,46,1751,33㎡
영등포구,2023,59,40885,15827,83,4034,영등포구,2023,40885,83,4034,59㎡
영등포구,2023,84,53873,26890,116,4237,영등포구,2023,53873,116,4237,84㎡
영등포구,2023,기타,83907,63908,186,1401,영등포구,2023,83907,186,1401,기타
용산구,2023,33,22876,6951,37,543,용산구,2023,22876,37,543,33㎡
용산구,2023,59,46142,17471,114,2204,용산구,2023,46142,114,2204,59㎡
용산구,2023,84,62675,22688,181,1944,용산구,2023,62675,181,1944,84㎡
용산구,2023,기타,110458,39881,434,2046,용산구,2023,110458,434,2046,기타
은평구,2023,33,18515,6208,33,1965,은평구,2023,18515,33,1965,33㎡
은평구,2023,59,37848,11406,68,3967,은평구,2023,37848,68,3967,59㎡
은평구,2023,84,45457,19875,116,3755,은평구,2023,45457,116,3755,84㎡
은평구,2023,기타,56497,24188,132,712,은평구,2023,56497,132,712,기타
종로구,2023,33,25204,8844,58,537,종로구,2023,25204,58,537,33㎡
종로구,2023,59,43818,14008,112,686,종로구,2023,43818,112,686,59㎡
종로구,2023,84,72256,30594,159,878,종로구,2023,72256,159,878,84㎡
종로구,2023,기타,91944,44247,238,316,종로구,2023,91944,238,316,기타
중구,2023,33,24629,4494,66,1321,중구,2023,24629,66,1321,33㎡
중구,2023,59,48325,13821,133,1519,중구,2023,48325,133,1519,59㎡
중구,2023,84,63201,21346,154,1235,중구,2023,63201,154,1235,84㎡
중구,2023,기타,86455,29433,245,563,중구,2023,86455,245,563,기타
중랑구,2023,33,18549,5013,39,1974,중랑구,2023,18549,39,1974,33㎡
중랑구,2023,59,31475,10925,54,2251,중랑구,2023,31475,54,2251,59㎡
중랑구,2023,84,44051,18107,92,2231,중랑구,2023,44051,92,2231,84㎡
중랑구,2023,기타,53340,25194,128,431,중랑구,2023,53340,128,431,기타
강남구,2024,33,34717,8329,74,3623,강남구,2024,34717,74,3623,33㎡
강남구,2024,59,62558,24468,140,6406,강남구,2024,62558,140,6406,59㎡
강남구,2024,84,94131,48012,224,8089,강남구,2024,94131,224,8089,84㎡
강남구,2024,기타,141339,73268,314,4651,강남구,2024,141339,314,4651,기타
강동구,2024,33,27903,6132,39,2652,강동구,2024,27903,39,2652,33㎡
강동구,2024,59,46165,17547,84,6286,강동구,2024,46165,84,6286,59㎡
강동구,2024,84,60723,29347,142,6191,강동구,2024,60723,142,6191,84㎡
강동구,2024,기타,73696,37198,166,1238,강동구,2024,73696,166,1238,기타
강북구,2024,33,14992,2397,50,903,강북구,2024,14992,50,903,33㎡
강북구,2024,59,33459,10309,81,1130,강북구,2024,33459,81,1130,59㎡
강북구,2024,84,43363,15526,109,998,강북구,2024,43363,109,998,84㎡
강북구,2024,기타,52999,15323,143,188,강북구,2024,52999,143,188,기타
강서구,2024,33,21568,5731,43,3482,강서구,2024,21568,43,3482,33㎡
강서구,2024,59,34062,12003,56,6840,강서구,2024,34062,56,6840,59㎡
강서구,2024,84,51423,25945,111,4334,강서구,2024,51423,111,4334,84㎡
강서구,2024,기타,69490,33958,144,908,강서구,2024,69490,144,908,기타
관악구,2024,33,17758,4613,49,1870,관악구,2024,17758,49,1870,33㎡
관악구,2024,59,41804,16081,83,2634,관악구,2024,41804,83,2634,59㎡
관악구,2024,84,51322,22099,108,1757,관악구,2024,51322,108,1757,84㎡
관악구,2024,기타,58681,25958,117,545,관악구,2024,58681,117,545,기타
광진구,2024,33,17892,6426,53,553,광진구,2024,17892,53,553,33㎡
광진구,2024,59,51515,21896,110,1333,광진구,2024,51515,110,1333,59㎡
광진구,2024,84,69284,32664,142,2043,광진구,2024,69284,142,2043,84㎡
광진구,2024,기타,107648,48868,264,524,광진구,2024,107648,264,524,기타
구로구,2024,33,16488,4930,32,2164,구로구,2024,16488,32,2164,33㎡
구로구,2024,59,32371,12754,57,4524,구로구,2024,32371,57,4524,59㎡
구로구,2024,84,45085,21709,75,3392,구로구,2024,45085,75,3392,84㎡
구로구,2024,기타,56804,30762,140,506,구로구,2024,56804,140,506,기타
금천구,2024,33,15998,4017,45,652,금천구,2024,15998,45,652,33㎡
금천구,2024,59,32526,11874,70,1338,금천구,2024,32526,70,1338,59㎡
금천구,2024,84,45279,16871,98,845,금천구,2024,45279,98,845,84㎡
금천구,2024,기타,47299,19650,110,174,금천구,2024,47299,110,174,기타
노원구,2024,33,16432,2431,42,3215,노원구,2024,16432,42,3215,33㎡
노원구,2024,59,25220,5950,67,11189,노원구,2024,25220,67,11189,59㎡
노원구,2024,84,47033,17375,96,3535,노원구,2024,47033,96,3535,84㎡
노원구,2024,기타,62412,30165,123,740,노원구,2024,62412,123,740,기타
도봉구,2024,33,15242,3504,44,1006,도봉구,2024,15242,44,1006,33㎡
도봉구,2024,59,24463,5880,65,2811,도봉구,2024,24463,65,2811,59㎡
도봉구,2024,84,37335,12422,89,1966,도봉구,2024,37335,89,1966,84㎡
도봉구,2024,기타,54525,19520,124,256,도봉구,2024,54525,124,256,기타
동대문구,2024,33,20177,5807,47,2106,동대문구,2024,20177,47,2106,33㎡
동대문구,2024,59,46954,16125,92,2849,동대문구,2024,46954,92,2849,59㎡
동대문구,2024,84,56268,21338,141,2837,동대문구,2024,56268,141,2837,84㎡
동대문구,2024,기타,58590,24236,130,666,동대문구,2024,58590,130,666,기타
동작구,2024,33,15843,6388,41,1308,동작구,2024,15843,41,1308,33㎡
동작구,2024,59,51039,21533,99,2932,동작구,2024,51039,99,2932,59㎡
동작구,2024,84,67772,32656,129,3818,동작구,2024,67772,129,3818,84㎡
동작구,2024,기타,77427,38677,158,897,동작구,2024,77427,158,897,기타
마포구,2024,33,24243,6770,54,1703,마포구,2024,24243,54,1703,33㎡
마포구,2024,59,47911,16306,103,5028,마포구,2024,47911,103,5028,59㎡
마포구,2024,84,73555,29899,179,3960,마포구,2024,73555,179,3960,84㎡
마포구,2024,기타,94727,42584,240,1066,마포구,2024,94727,240,1066,기타
서대문구,2024,33,17488,5897,51,1473,서대문구,2024,17488,51,1473,33㎡
서대문구,2024,59,46914,17886,99,2704,서대문구,2024,46914,99,2704,59㎡
서대문구,2024,84,59784,25750,133,2858,서대문구,2024,59784,133,2858,84㎡
서대문구,2024,기타,69301,28665,203,501,서대문구,2024,69301,203,501,기타
서초구,2024,33,32012,6839,81,1179,서초구,2024,32012,81,1179,33㎡
서초구,2024,59,63917,25620,131,4122,서초구,2024,63917,131,4122,59㎡
서초구,2024,84,101617,52084,229,5705,서초구,2024,101617,229,5705,84㎡
서초구,2024,기타,139933,70048,339,3348,서초구,2024,139933,339,3348,기타
성동구,2024,33,30416,5210,66,646,성동구,2024,30416,66,646,33㎡
성동구,2024,59,58247,22270,154,3977,성동구,2024,58247,154,3977,59㎡
성동구,2024,84,72663,30993,193,3915,성동구,2024,72663,193,3915,84㎡
성동구,2024,기타,101512,41429,386,1089,성동구,2024,101512,386,1089,기타
성북구,2024,33,18500,5301,35,1309,성북구,2024,18500,35,1309,33㎡
성북구,2024,59,43653,13902,96,3979,성북구,2024,43653,96,3979,59㎡
성북구,2024,84,53102,21517,121,3002,성북구,2024,53102,121,3002,84㎡
성북구,2024,기타,63651,26241,153,798,성북구,2024,63651,153,798,기타
송파구,2024,33,36185,9058,52,2833,송파구,2024,36185,52,2833,33㎡
송파구,2024,59,52132,20118,87,5911,송파구,2024,52132,87,5911,59㎡
송파구,2024,84,74971,38924,172,9380,송파구,2024,74971,172,9380,84㎡
송파구,2024,기타,95601,50244,192,3143,송파구,2024,95601,192,3143,기타
양천구,2024,33,8387,3980,20,792,양천구,2024,8387,20,792,33㎡
양천구,2024,59,40186,15375,77,4825,양천구,2024,40186,77,4825,59㎡
양천구,2024,84,61486,35039,115,4314,양천구,2024,61486,115,4314,84㎡
양천구,2024,기타,93838,64964,170,1332,양천구,2024,93838,170,1332,기타
영등포구,2024,33,20893,8248,40,2550,영등포구,2024,20893,40,2550,33㎡
영등포구,2024,59,46466,19644,79,4763,영등포구,2024,46466,79,4763,59㎡
영등포구,2024,84,60865,26055,126,3995,영등포구,2024,60865,126,3995,84㎡
영등포구,2024,기타,91578,64605,207,1174,영등포구,2024,91578,207,1174,기타
용산구,2024,33,25813,9548,44,911,용산구,2024,25813,44,911,33㎡
용산구,2024,59,52484,18249,99,2254,용산구,2024,52484,99,2254,59㎡
용산구,2024,84,69711,26141,199,1678,용산구,2024,69711,199,1678,84㎡
용산구,2024,기타,127024,39872,449,1803,용산구,2024,127024,449,1803,기타
은평구,2024,33,19121,8385,32,2786,은평구,2024,19121,32,2786,33㎡
은평구,2024,59,42611,14007,73,3553,은평구,2024,42611,73,3553,59㎡
은평구,2024,84,47021,22755,120,3212,은평구,2024,47021,120,3212,84㎡
은평구,2024,기타,62953,28806,136,547,은평구,2024,62953,136,547,기타
종로구,2024,33,20114,7272,61,535,종로구,2024,20114,61,535,33㎡
종로구,2024,59,45065,16001,121,515,종로구,2024,45065,121,515,59㎡
종로구,2024,84,77034,30925,174,709,종로구,2024,77034,174,709,84㎡
종로구,2024,기타,99867,35388,283,253,종로구,2024,99867,283,253,기타
중구,2024,33,22357,5820,69,1002,중구,2024,22357,69,1002,33㎡
중구,2024,59,52548,13189,147,1185,중구,2024,52548,147,1185,59㎡
중구,2024,84,67194,23922,162,1089,중구,2024,67194,162,1089,84㎡
중구,2024,기타,89585,29460,276,449,중구,2024,89585,276,449,기타
중랑구,2024,33,18966,6213,33,2194,중랑구,2024,18966,33,2194,33㎡
중랑구,2024,59,28283,11051,49,2879,중랑구,2024,28283,49,2879,59㎡
중랑구,2024,84,46435,20645,97,1709,중랑구,2024,46435,97,1709,84㎡
중랑구,2024,기타,47812,25583,147,454,중랑구,2024,47812,147,454,기타
강남구,2025,33,34083,8181,83,3470,강남구,2025,34083,83,3470,33㎡
강남구,2025,59,65548,25675,150,6415,강남구,2025,65548,150,6415,59㎡
강남구,2025,84,94932,51037,222,8939,강남구,2025,94932,222,8939,84㎡
강남구,2025,기타,142761,76422,308,4666,강남구,2025,142761,308,4666,기타
강동구,2025,33,26870,6568,34,4151,강동구,2025,26870,34,4151,33㎡
강동구,2025,59,42862,16152,73,7406,강동구,2025,42862,73,7406,59㎡
강동구,2025,84,61998,31306,142,6077,강동구,2025,61998,142,6077,84㎡
강동구,2025,기타,68341,37370,162,1320,강동구,2025,68341,162,1320,기타
강북구,2025,33,16362,2177,51,887,강북구,2025,16362,51,887,33㎡
강북구,2025,59,33230,9662,74,1042,강북구,2025,33230,74,1042,59㎡
강북구,2025,84,44320,13366,123,1005,강북구,2025,44320,123,1005,84㎡
강북구,2025,기타,50104,21056,131,216,강북구,2025,50104,131,216,기타
강서구,2025,33,22063,6472,47,4010,강서구,2025,22063,47,4010,33㎡
강서구,2025,59,39262,12542,66,5747,강서구,2025,39262,66,5747,59㎡
강서구,2025,84,55443,27072,118,4253,강서구,2025,55443,118,4253,84㎡
강서구,2025,기타,71706,34878,140,934,강서구,2025,71706,140,934,기타
관악구,2025,33,20777,4641,57,1363,관악구,2025,20777,57,1363,33㎡
관악구,2025,59,42268,14804,91,2658,관악구,2025,42268,91,2658,59㎡
관악구,2025,84,53055,21542,118,1979,관악구,2025,53055,118,1979,84㎡
관악구,2025,기타,59746,25463,134,590,관악구,2025,59746,134,590,기타
광진구,2025,33,29566,8124,45,961,광진구,2025,29566,45,961,33㎡
광진구,2025,59,52353,21897,114,1532,광진구,2025,52353,114,1532,59㎡
광진구,2025,84,70663,34242,144,2376,광진구,2025,70663,144,2376,84㎡
광진구,2025,기타,109409,46119,300,645,광진구,2025,109409,300,645,기타
구로구,2025,33,16634,5040,33,2324,구로구,2025,16634,33,2324,33㎡
구로구,2025,59,32062,11150,56,4603,구로구,2025,32062,56,4603,59㎡
구로구,2025,84,44613,20273,93,2967,구로구,2025,44613,93,2967,84㎡
구로구,2025,기타,53275,27610,156,641,구로구,2025,53275,156,641,기타
금천구,2025,33,15181,4898,34,843,금천구,2025,15181,34,843,33㎡
금천구,2025,59,33080,15660,65,1857,금천구,2025,33080,65,1857,59㎡
금천구,2025,84,45829,20784,88,1133,금천구,2025,45829,88,1133,84㎡
금천구,2025,기타,48510,17188,129,155,금천구,2025,48510,129,155,기타
노원구,2025,33,17571,2996,47,2959,노원구,2025,17571,47,2959,33㎡
노원구,2025,59,25689,6459,67,11325,노원구,2025,25689,67,11325,59㎡
노원구,2025,84,47391,17751,101,3748,노원구,2025,47391,101,3748,84㎡
노원구,2025,기타,63798,29675,128,759,노원구,2025,63798,128,759,기타
도봉구,2025,33,15516,3162,53,893,도봉구,2025,15516,53,893,33㎡
도봉구,2025,59,25286,5504,70,2644,도봉구,2025,25286,70,2644,59㎡
도봉구,2025,84,45441,11773,97,2168,도봉구,2025,45441,97,2168,84㎡
도봉구,2025,기타,53795,22653,127,282,도봉구,2025,53795,127,282,기타
동대문구,2025,33,20504,6753,46,2811,동대문구,2025,20504,46,2811,33㎡
동대문구,2025,59,47147,14601,99,3798,동대문구,2025,47147,99,3798,59㎡
동대문구,2025,84,57351,21651,145,3693,동대문구,2025,57351,145,3693,84㎡
동대문구,2025,기타,62014,22922,135,756,동대문구,2025,62014,135,756,기타
동작구,2025,33,15721,5035,39,915,동작구,2025,15721,39,915,33㎡
동작구,2025,59,52584,22210,101,3362,동작구,2025,52584,101,3362,59㎡
동작구,2025,84,69660,32252,135,4416,동작구,2025,69660,135,4416,84㎡
동작구,2025,기타,77795,38887,150,1191,동작구,2025,77795,150,1191,기타
마포구,2025,33,26136,6198,51,1987,마포구,2025,26136,51,1987,33㎡
마포구,2025,59,53579,18493,114,5370,마포구,2025,53579,114,5370,59㎡
마포구,2025,84,75638,30562,179,4383,마포구,2025,75638,179,4383,84㎡
마포구,2025,기타,98984,40155,270,1221,마포구,2025,98984,270,1221,기타
서대문구,2025,33,22433,5912,50,1128,서대문구,2025,22433,50,1128,33㎡
서대문구,2025,59,47159,16988,107,2798,서대문구,2025,47159,107,2798,59㎡
서대문구,2025,84,60637,25602,138,3108,서대문구,2025,60637,138,3108,84㎡
서대문구,2025,기타,72891,31795,174,594,서대문구,2025,72891,174,594,기타
서초구,2025,33,31458,7252,78,1360,서초구,2025,31458,78,1360,33㎡
서초구,2025,59,67624,28134,134,5848,서초구,2025,67624,134,5848,59㎡
서초구,2025,84,105558,55468,245,7404,서초구,2025,105558,245,7404,84㎡
서초구,2025,기타,151100,78699,352,3780,서초구,2025,151100,352,3780,기타
성동구,2025,33,25761,8004,59,852,성동구,2025,25761,59,852,33㎡
성동구,2025,59,60289,22623,170,4955,성동구,2025,60289,170,4955,59㎡
성동구,2025,84,74511,31665,202,4677,성동구,2025,74511,202,4677,84㎡
성동구,2025,기타,99961,44649,335,1321,성동구,2025,99961,335,1321,기타
성북구,2025,33,18839,5727,41,1112,성북구,2025,18839,41,1112,33㎡
성북구,2025,59,43618,14111,99,4115,성북구,2025,43618,99,4115,59㎡
성북구,2025,84,53415,21842,123,3368,성북구,2025,53415,123,3368,84㎡
성북구,2025,기타,63415,24996,158,802,성북구,2025,63415,158,802,기타
송파구,2025,33,36989,10131,54,3030,송파구,2025,36989,54,3030,33㎡
송파구,2025,59,54381,20596,94,5978,송파구,2025,54381,94,5978,59㎡
송파구,2025,84,75595,40736,184,10351,송파구,2025,75595,184,10351,84㎡
송파구,2025,기타,100519,51053,220,3223,송파구,2025,100519,220,3223,기타
양천구,2025,33,7864,4331,21,834,양천구,2025,7864,21,834,33㎡
양천구,2025,59,40040,14664,77,5166,양천구,2025,40040,77,5166,59㎡
양천구,2025,84,61622,35077,122,4504,양천구,2025,61622,122,4504,84㎡
양천구,2025,기타,96378,64798,163,1551,양천구,2025,96378,163,1551,기타
영등포구,2025,33,25878,6173,58,2166,영등포구,2025,25878,58,2166,33㎡
영등포구,2025,59,46948,18089,96,3901,영등포구,2025,46948,96,3901,59㎡
영등포구,2025,84,60771,26838,132,4079,영등포구,2025,60771,132,4079,84㎡
영등포구,2025,기타,92450,43258,233,1253,영등포구,2025,92450,233,1253,기타
용산구,2025,33,26946,7422,45,804,용산구,2025,26946,45,804,33㎡
용산구,2025,59,54789,18793,135,2057,용산구,2025,54789,135,2057,59㎡
용산구,2025,84,72007,25702,207,1789,용산구,2025,72007,207,1789,84㎡
용산구,2025,기타,128669,46102,470,1897,용산구,2025,128669,470,1897,기타
은평구,2025,33,18330,7412,38,1976,은평구,2025,18330,38,1976,33㎡
은평구,2025,59,42881,13637,81,3354,은평구,2025,42881,81,3354,59㎡
은평구,2025,84,50042,22023,129,3162,은평구,2025,50042,129,3162,84㎡
은평구,2025,기타,60564,26353,144,636,은평구,2025,60564,144,636,기타
종로구,2025,33,31902,7684,65,738,종로구,2025,31902,65,738,33㎡
종로구,2025,59,50117,15785,118,620,종로구,2025,50117,118,620,59㎡
종로구,2025,84,81398,34396,180,838,종로구,2025,81398,180,838,84㎡
종로구,2025,기타,106684,44228,261,280,종로구,2025,106684,261,280,기타
중구,2025,33,26359,6065,72,1189,중구,2025,26359,72,1189,33㎡
중구,2025,59,54747,15699,153,1449,중구,2025,54747,153,1449,59㎡
중구,2025,84,69549,24302,177,1153,중구,2025,69549,177,1153,84㎡
중구,2025,기타,91104,28415,308,482,중구,2025,91104,308,482,기타
중랑구,2025,33,20388,6169,40,2019,중랑구,2025,20388,40,2019,33㎡
중랑구,2025,59,35447,11074,59,2274,중랑구,2025,35447,59,2274,59㎡
중랑구,2025,84,49514,21144,94,2155,중랑구,2025,49514,94,2155,84㎡
중랑구,2025,기타,56192,25062,147,406,중랑구,2025,56192,147,406,기타
