gu_std,year,rent_type,avg_deposit,avg_monthly_rent,tx_count
강남구,2021,월세,30000.0,130.0,7815
강남구,2021,전세,78750.0,0.0,9620
강남구,2022,월세,27000.0,120.0,11308
강남구,2022,전세,75000.0,0.0,11297
강남구,2023,월세,20000.0,120.0,14173
강남구,2023,전세,74525.0,0.0,15396
강남구,2024,월세,22000.0,140.0,10668
강남구,2024,전세,80000.0,0.0,12101
강남구,2025,월세,25000.0,150.0,11116
강남구,2025,전세,80000.0,0.0,12333
강남구,2026,월세,30000.0,160.0,1095
강남구,2026,전세,80000.0,0.0,1276
강동구,2021,월세,7981.0,29.0,5979
강동구,2021,전세,45000.0,0.0,8080
강동구,2022,월세,10000.0,50.0,6141
강동구,2022,전세,48786.0,0.0,7826
강동구,2023,월세,8900.0,38.0,8039
강동구,2023,전세,45000.0,0.0,11257
강동구,2024,월세,10000.0,65.0,6294
강동구,2024,전세,52560.0,0.0,10070
강동구,2025,월세,8900.0,42.0,8514
강동구,2025,전세,52000.0,0.0,10422
강동구,2026,월세,12325.0,65.0,762
강동구,2026,전세,60000.0,0.0,1019
강북구,2021,월세,5000.0,45.0,944
강북구,2021,전세,36750.0,0.0,1486
강북구,2022,월세,5000.0,53.0,1537
강북구,2022,전세,37000.0,0.0,1869
강북구,2023,월세,5000.0,62.0,1581
강북구,2023,전세,35000.0,0.0,1908
강북구,2024,월세,3000.0,70.0,1471
강북구,2024,전세,39000.0,0.0,1748
강북구,2025,월세,3000.0,69.0,1546
강북구,2025,전세,40000.0,0.0,1599
강북구,2026,월세,4932.0,80.0,160
강북구,2026,전세,44100.0,0.0,166
강서구,2021,월세,6000.0,36.0,4919
강서구,2021,전세,38000.0,0.0,7754
강서구,2022,월세,8185.0,50.0,5461
강서구,2022,전세,34000.0,0.0,10983
강서구,2023,월세,8000.0,53.0,5729
강서구,2023,전세,38500.0,0.0,9989
강서구,2024,월세,8320.0,48.0,5656
강서구,2024,전세,38150.0,0.0,9907
강서구,2025,월세,8727.0,57.0,6516
강서구,2025,전세,44000.0,0.0,8413
강서구,2026,월세,8500.0,51.0,771
강서구,2026,전세,47250.0,0.0,861
관악구,2021,월세,6000.0,55.0,1994
관악구,2021,전세,43500.0,0.0,2920
관악구,2022,월세,9500.0,55.0,3601
관악구,2022,전세,43000.0,0.0,3659
관악구,2023,월세,5800.0,65.0,3265
관악구,2023,전세,41000.0,0.0,3832
관악구,2024,월세,8100.0,60.0,3451
관악구,2024,전세,45148.0,0.0,3354
관악구,2025,월세,8700.0,75.0,3007
관악구,2025,전세,47000.0,0.0,3574
관악구,2026,월세,8350.0,80.0,388
관악구,2026,전세,49000.0,0.0,324
광진구,2021,월세,23000.0,90.0,1115
광진구,2021,전세,59850.0,0.0,2253
광진구,2022,월세,20000.0,82.0,1943
광진구,2022,전세,60000.0,0.0,2718
광진구,2023,월세,20000.0,95.0,2095
광진구,2023,전세,56000.0,0.0,3303
광진구,2024,월세,17000.0,97.0,1797
광진구,2024,전세,63000.0,0.0,2656
광진구,2025,월세,15000.0,75.0,2399
광진구,2025,전세,65000.0,0.0,3111
광진구,2026,월세,20000.0,90.0,268
광진구,2026,전세,68250.0,0.0,305
구로구,2021,월세,6000.0,32.0,3730
구로구,2021,전세,34650.0,0.0,4544
구로구,2022,월세,10000.0,42.0,6175
구로구,2022,전세,35000.0,0.0,5530
구로구,2023,월세,7000.0,36.0,5472
구로구,2023,전세,34500.0,0.0,5940
구로구,2024,월세,9275.0,46.0,5385
구로구,2024,전세,37000.0,0.0,5200
구로구,2025,월세,7231.0,45.0,5510
구로구,2025,전세,37800.0,0.0,5006
구로구,2026,월세,9396.5,50.5,564
구로구,2026,전세,41000.0,0.0,612
금천구,2021,월세,22000.0,55.0,2280
금천구,2021,전세,31000.0,0.0,1595
금천구,2022,월세,5000.0,56.0,1110
금천구,2022,전세,33000.0,0.0,2001
금천구,2023,월세,11800.0,53.0,2543
금천구,2023,전세,32000.0,0.0,2059
금천구,2024,월세,5000.0,60.0,1227
금천구,2024,전세,35000.0,0.0,1782
금천구,2025,월세,12000.0,57.0,2311
금천구,2025,전세,35000.0,0.0,1668
금천구,2026,월세,9756.0,53.0,186
금천구,2026,전세,37000.0,0.0,184
노원구,2021,월세,4500.0,55.0,5273
노원구,2021,전세,26250.0,0.0,9625
노원구,2022,월세,3519.5,60.0,7860
노원구,2022,전세,26000.0,0.0,12082
노원구,2023,월세,3000.0,64.0,7676
노원구,2023,전세,25000.0,0.0,12825
노원구,2024,월세,3000.0,65.0,7231
노원구,2024,전세,26500.0,0.0,11446
노원구,2025,월세,3257.0,70.0,7603
노원구,2025,전세,28000.0,0.0,11164
노원구,2026,월세,4639.0,66.0,1059
노원구,2026,전세,30000.0,0.0,1418
도봉구,2021,월세,3500.0,55.0,1495
도봉구,2021,전세,27300.0,0.0,3443
도봉구,2022,월세,4000.0,55.0,2576
도봉구,2022,전세,28000.0,0.0,4095
도봉구,2023,월세,3000.0,65.0,2227
도봉구,2023,전세,27000.0,0.0,4282
도봉구,2024,월세,4000.0,65.0,2235
도봉구,2024,전세,29000.0,0.0,3803
도봉구,2025,월세,3000.0,70.0,2202
도봉구,2025,전세,30450.0,0.0,3777
도봉구,2026,월세,5000.0,70.0,293
도봉구,2026,전세,32000.0,0.0,387
동대문구,2021,월세,6721.0,60.0,2417
동대문구,2021,전세,44100.0,0.0,3591
동대문구,2022,월세,10000.0,63.0,3802
동대문구,2022,전세,46050.0,0.0,4562
동대문구,2023,월세,10000.0,80.0,3551
동대문구,2023,전세,45000.0,0.0,5164
동대문구,2024,월세,9700.0,70.0,3822
동대문구,2024,전세,50000.0,0.0,4636
동대문구,2025,월세,9600.0,68.0,5257
동대문구,2025,전세,50000.0,0.0,5771
동대문구,2026,월세,7808.0,73.0,608
동대문구,2026,전세,57875.0,0.0,542
동작구,2021,월세,20000.0,72.0,2404
동작구,2021,전세,60000.0,0.0,4273
동작구,2022,월세,20000.0,70.0,3799
동작구,2022,전세,58800.0,0.0,5147
동작구,2023,월세,15000.0,83.0,3436
동작구,2023,전세,55000.0,0.0,6292
동작구,2024,월세,15000.0,70.0,3490
동작구,2024,전세,60050.0,0.0,5438
동작구,2025,월세,20000.0,89.0,3612
동작구,2025,전세,63000.0,0.0,6244
동작구,2026,월세,15000.0,70.0,543
동작구,2026,전세,68000.0,0.0,687
마포구,2021,월세,10000.0,70.0,3964
마포구,2021,전세,57000.0,0.0,5113
마포구,2022,월세,10000.0,80.0,5734
마포구,2022,전세,56500.0,0.0,6489
마포구,2023,월세,10000.0,80.0,6525
마포구,2023,전세,57000.0,0.0,7336
마포구,2024,월세,10000.0,93.0,5392
마포구,2024,전세,60000.0,0.0,6364
마포구,2025,월세,10000.0,100.0,6025
마포구,2025,전세,65000.0,0.0,6919
마포구,2026,월세,10000.0,100.0,767
마포구,2026,전세,68000.0,0.0,781
서대문구,2021,월세,10000.0,60.0,2016
서대문구,2021,전세,50000.0,0.0,3283
서대문구,2022,월세,10000.0,65.0,3619
서대문구,2022,전세,50000.0,0.0,4632
서대문구,2023,월세,10000.0,75.0,3276
서대문구,2023,전세,47000.0,0.0,4824
서대문구,2024,월세,10000.0,75.0,3277
서대문구,2024,전세,52920.0,0.0,4259
서대문구,2025,월세,10000.0,85.0,3166
서대문구,2025,전세,54600.0,0.0,4453
서대문구,2026,월세,10000.0,76.0,444
서대문구,2026,전세,59800.0,0.0,521
서초구,2021,월세,30000.0,120.0,5512
서초구,2021,전세,76000.0,0.0,7015
서초구,2022,월세,30000.0,135.0,6895
서초구,2022,전세,77700.0,0.0,8258
서초구,2023,월세,28610.0,125.0,8145
서초구,2023,전세,75000.0,0.0,10587
서초구,2024,월세,30000.0,148.5,5770
서초구,2024,전세,82000.0,0.0,8584
서초구,2025,월세,30000.0,150.0,8198
서초구,2025,전세,87075.0,0.0,10162
서초구,2026,월세,30000.0,150.0,770
서초구,2026,전세,79196.0,0.0,946
성동구,2021,월세,20000.0,120.0,2756
성동구,2021,전세,60000.0,0.0,4597
성동구,2022,월세,17000.0,120.0,4432
성동구,2022,전세,62000.0,0.0,5797
성동구,2023,월세,19000.0,140.0,4333
성동구,2023,전세,58000.0,0.0,6798
성동구,2024,월세,20000.0,150.0,3836
성동구,2024,전세,65000.0,0.0,5789
성동구,2025,월세,20000.0,150.0,4853
성동구,2025,전세,66000.0,0.0,6939
성동구,2026,월세,18000.0,130.0,601
성동구,2026,전세,73000.0,0.0,776
성북구,2021,월세,10000.0,60.0,2591
성북구,2021,전세,45000.0,0.0,4902
성북구,2022,월세,10000.0,69.5,4256
성북구,2022,전세,46200.0,0.0,5692
성북구,2023,월세,10000.0,80.0,4048
성북구,2023,전세,43000.0,0.0,6329
성북구,2024,월세,10000.0,76.0,3530
성북구,2024,전세,48000.0,0.0,5557
성북구,2025,월세,10000.0,85.0,3714
성북구,2025,전세,49000.0,0.0,5668
성북구,2026,월세,11000.0,82.0,439
성북구,2026,전세,53000.0,0.0,555
송파구,2021,월세,20000.0,80.0,6999
송파구,2021,전세,64000.0,0.0,9879
송파구,2022,월세,20000.0,87.0,10105
송파구,2022,전세,63000.0,0.0,11790
송파구,2023,월세,17477.5,81.0,9996
송파구,2023,전세,60000.0,0.0,14489
송파구,2024,월세,20000.0,100.0,7972
송파구,2024,전세,65000.0,0.0,11131
송파구,2025,월세,20000.0,100.0,9622
송파구,2025,전세,67300.0,0.0,12919
송파구,2026,월세,20000.0,100.0,1147
송파구,2026,전세,70000.0,0.0,1401
양천구,2021,월세,10000.0,44.0,3554
양천구,2021,전세,46000.0,0.0,6222
양천구,2022,월세,15000.0,60.0,4539
양천구,2022,전세,47250.0,0.0,7655
양천구,2023,월세,10000.0,65.0,4374
양천구,2023,전세,45000.0,0.0,8459
양천구,2024,월세,15000.0,70.0,3949
양천구,2024,전세,51000.0,0.0,7314
양천구,2025,월세,11647.0,70.0,4305
양천구,2025,전세,51450.0,0.0,7736
양천구,2026,월세,20000.0,85.0,477
양천구,2026,전세,56250.0,0.0,804
영등포구,2021,월세,10000.0,63.0,2653
영등포구,2021,전세,48812.5,0.0,5178
영등포구,2022,월세,15000.0,60.0,5353
영등포구,2022,전세,50000.0,0.0,7009
영등포구,2023,월세,10000.0,75.0,4229
영등포구,2023,전세,48000.0,0.0,7194
영등포구,2024,월세,13071.0,61.0,5452
영등포구,2024,전세,53000.0,0.0,7029
영등포구,2025,월세,10000.0,75.0,4686
영등포구,2025,전세,55000.0,0.0,6695
영등포구,2026,월세,17000.0,68.0,651
영등포구,2026,전세,59800.0,0.0,821
용산구,2021,월세,10000.0,111.0,1780
용산구,2021,전세,62000.0,0.0,2773
용산구,2022,월세,14407.0,78.0,3768
용산구,2022,전세,63000.0,0.0,3414
용산구,2023,월세,13965.0,136.0,2834
용산구,2023,전세,60000.0,0.0,3902
용산구,2024,월세,16052.0,82.0,3343
용산구,2024,전세,65000.0,0.0,3302
용산구,2025,월세,12760.0,145.0,3100
용산구,2025,전세,68000.0,0.0,3434
용산구,2026,월세,17344.0,120.0,327
용산구,2026,전세,68625.0,0.0,330
은평구,2021,월세,8090.0,35.0,2634
은평구,2021,전세,41000.0,0.0,4012
은평구,2022,월세,9424.0,35.0,4599
은평구,2022,전세,41895.0,0.0,6086
은평구,2023,월세,8649.0,45.0,3944
은평구,2023,전세,42000.0,0.0,6455
은평구,2024,월세,9300.0,37.0,4628
은평구,2024,전세,46000.0,0.0,5470
은평구,2025,월세,9892.0,49.0,3728
은평구,2025,전세,47000.0,0.0,5384
은평구,2026,월세,9311.5,45.0,530
은평구,2026,전세,51450.0,0.0,603
종로구,2021,월세,10000.0,80.0,762
종로구,2021,전세,57000.0,0.0,898
종로구,2022,월세,10000.0,90.0,1057
종로구,2022,전세,50000.0,0.0,926
종로구,2023,월세,10150.0,90.0,1151
종로구,2023,전세,58000.0,0.0,1266
종로구,2024,월세,10000.0,85.0,1067
종로구,2024,전세,61000.0,0.0,944
종로구,2025,월세,10000.0,85.0,1423
종로구,2025,전세,68000.0,0.0,1050
종로구,2026,월세,10657.0,90.0,192
종로구,2026,전세,70000.0,0.0,113
중구,2021,월세,5000.0,80.0,1240
중구,2021,전세,56700.0,0.0,1519
중구,2022,월세,7650.0,90.0,1698
중구,2022,전세,55120.0,0.0,1871
중구,2023,월세,5000.0,96.0,2365
중구,2023,전세,55000.0,0.0,2273
중구,2024,월세,6122.0,115.0,1878
중구,2024,전세,60000.0,0.0,1847
중구,2025,월세,7000.0,110.0,2279
중구,2025,전세,61300.0,0.0,1987
중구,2026,월세,10000.0,120.0,283
중구,2026,전세,65800.0,0.0,210
중랑구,2021,월세,5366.0,40.0,1852
중랑구,2021,전세,35500.0,0.0,2781
중랑구,2022,월세,6221.0,40.0,3098
중랑구,2022,전세,31550.0,0.0,3678
중랑구,2023,월세,6000.0,50.0,2856
중랑구,2023,전세,36000.0,0.0,4031
중랑구,2024,월세,7610.0,37.0,3420
중랑구,2024,전세,34000.0,0.0,3815
중랑구,2025,월세,7200.0,47.0,3486
중랑구,2025,전세,43000.0,0.0,3359
중랑구,2026,월세,8816.0,34.0,543
중랑구,2026,전세,33600.0,0.0,521
