gu_std,year,rent_type,count,ratio_pct
강남구,2021,월세,7815,44.823630628047034
강남구,2021,전세,9620,55.17636937195297
강남구,2022,월세,11308,50.02433090024331
강남구,2022,전세,11297,49.97566909975669
강남구,2023,월세,14173,47.93195576448308
강남구,2023,전세,15396,52.06804423551693
강남구,2024,월세,10668,46.853177565988844
강남구,2024,전세,12101,53.146822434011156
강남구,2025,월세,11116,47.405006610089984
강남구,2025,전세,12333,52.594993389910016
강남구,2026,월세,1095,46.18304512863771
강남구,2026,전세,1276,53.8169548713623
강동구,2021,월세,5979,42.527918059605945
강동구,2021,전세,8080,57.47208194039405
강동구,2022,월세,6141,43.96792439321257
강동구,2022,전세,7826,56.03207560678742
강동구,2023,월세,8039,41.66148424543947
강동구,2023,전세,11257,58.338515754560525
강동구,2024,월세,6294,38.46247861158641
강동구,2024,전세,10070,61.537521388413595
강동구,2025,월세,8514,44.961977186311785
강동구,2025,전세,10422,55.038022813688215
강동구,2026,월세,762,42.784952274003366
강동구,2026,전세,1019,57.21504772599663
강북구,2021,월세,944,38.8477366255144
강북구,2021,전세,1486,61.15226337448559
강북구,2022,월세,1537,45.12624779800352
강북구,2022,전세,1869,54.873752201996474
강북구,2023,월세,1581,45.313843508168524
강북구,2023,전세,1908,54.686156491831476
강북구,2024,월세,1471,45.69742155949052
강북구,2024,전세,1748,54.30257844050948
강북구,2025,월세,1546,49.15739268680445
강북구,2025,전세,1599,50.84260731319555
강북구,2026,월세,160,49.079754601226995
강북구,2026,전세,166,50.920245398773
강서구,2021,월세,4919,38.81480312475341
강서구,2021,전세,7754,61.18519687524658
강서구,2022,월세,5461,33.209681342738996
강서구,2022,전세,10983,66.79031865726101
강서구,2023,월세,5729,36.448657590024176
강서구,2023,전세,9989,63.55134240997582
강서구,2024,월세,5656,36.34260746642678
강서구,2024,전세,9907,63.65739253357322
강서구,2025,월세,6516,43.64659387768772
강서구,2025,전세,8413,56.35340612231228
강서구,2026,월세,771,47.24264705882353
강서구,2026,전세,861,52.75735294117647
관악구,2021,월세,1994,40.57794057794058
관악구,2021,전세,2920,59.42205942205943
관악구,2022,월세,3601,49.60055096418733
관악구,2022,전세,3659,50.39944903581267
관악구,2023,월세,3265,46.00535437508807
관악구,2023,전세,3832,53.99464562491193
관악구,2024,월세,3451,50.71271124173402
관악구,2024,전세,3354,49.28728875826598
관악구,2025,월세,3007,45.69214405105607
관악구,2025,전세,3574,54.30785594894393
관악구,2026,월세,388,54.49438202247191
관악구,2026,전세,324,45.50561797752809
광진구,2021,월세,1115,33.105700712589076
광진구,2021,전세,2253,66.89429928741093
광진구,2022,월세,1943,41.686333404848746
광진구,2022,전세,2718,58.31366659515126
광진구,2023,월세,2095,38.810670618747686
광진구,2023,전세,3303,61.189329381252314
광진구,2024,월세,1797,40.35481697731866
광진구,2024,전세,2656,59.64518302268134
광진구,2025,월세,2399,43.53901996370236
광진구,2025,전세,3111,56.460980036297634
광진구,2026,월세,268,46.77137870855148
광진구,2026,전세,305,53.22862129144852
구로구,2021,월세,3730,45.08097655305777
구로구,2021,전세,4544,54.91902344694223
구로구,2022,월세,6175,52.75523280649295
구로구,2022,전세,5530,47.244767193507045
구로구,2023,월세,5472,47.94952681388013
구로구,2023,전세,5940,52.05047318611987
구로구,2024,월세,5385,50.87387812942844
구로구,2024,전세,5200,49.126121870571566
구로구,2025,월세,5510,52.39634842145302
구로구,2025,전세,5006,47.60365157854697
구로구,2026,월세,564,47.95918367346938
구로구,2026,전세,612,52.04081632653062
금천구,2021,월세,2280,58.83870967741935
금천구,2021,전세,1595,41.16129032258065
금천구,2022,월세,1110,35.67984570877532
금천구,2022,전세,2001,64.32015429122468
금천구,2023,월세,2543,55.25858322468492
금천구,2023,전세,2059,44.74141677531508
금천구,2024,월세,1227,40.777666999002996
금천구,2024,전세,1782,59.222333000997004
금천구,2025,월세,2311,58.079919577783365
금천구,2025,전세,1668,41.920080422216635
금천구,2026,월세,186,50.27027027027027
금천구,2026,전세,184,49.72972972972973
노원구,2021,월세,5273,35.39401261914351
노원구,2021,전세,9625,64.60598738085649
노원구,2022,월세,7860,39.4143014742754
노원구,2022,전세,12082,60.585698525724595
노원구,2023,월세,7676,37.442075996292864
노원구,2023,전세,12825,62.557924003707136
노원구,2024,월세,7231,38.71606789098892
노원구,2024,전세,11446,61.28393210901108
노원구,2025,월세,7603,40.512601907603774
노원구,2025,전세,11164,59.487398092396226
노원구,2026,월세,1059,42.75333064190553
노원구,2026,전세,1418,57.24666935809447
도봉구,2021,월세,1495,30.27541514783313
도봉구,2021,전세,3443,69.72458485216687
도봉구,2022,월세,2576,38.61490031479538
도봉구,2022,전세,4095,61.385099685204615
도봉구,2023,월세,2227,34.214165002304505
도봉구,2023,전세,4282,65.7858349976955
도봉구,2024,월세,2235,37.01556806889699
도봉구,2024,전세,3803,62.98443193110301
도봉구,2025,월세,2202,36.82890115403914
도봉구,2025,전세,3777,63.17109884596086
도봉구,2026,월세,293,43.08823529411765
도봉구,2026,전세,387,56.91176470588235
동대문구,2021,월세,2417,40.229693741677764
동대문구,2021,전세,3591,59.770306258322236
동대문구,2022,월세,3802,45.45671927307509
동대문구,2022,전세,4562,54.54328072692491
동대문구,2023,월세,3551,40.745840504876654
동대문구,2023,전세,5164,59.254159495123346
동대문구,2024,월세,3822,45.18798770394892
동대문구,2024,전세,4636,54.81201229605107
동대문구,2025,월세,5257,47.66956837141821
동대문구,2025,전세,5771,52.3304316285818
동대문구,2026,월세,608,52.8695652173913
동대문구,2026,전세,542,47.130434782608695
동작구,2021,월세,2404,36.004193500074884
동작구,2021,전세,4273,63.99580649992511
동작구,2022,월세,3799,42.46590655041359
동작구,2022,전세,5147,57.53409344958641
동작구,2023,월세,3436,35.32072368421053
동작구,2023,전세,6292,64.67927631578947
동작구,2024,월세,3490,39.090501792114694
동작구,2024,전세,5438,60.909498207885306
동작구,2025,월세,3612,36.64772727272727
동작구,2025,전세,6244,63.35227272727273
동작구,2026,월세,543,44.146341463414636
동작구,2026,전세,687,55.85365853658537
마포구,2021,월세,3964,43.67081634901399
마포구,2021,전세,5113,56.329183650986
마포구,2022,월세,5734,46.911560173443505
마포구,2022,전세,6489,53.08843982655649
마포구,2023,월세,6525,47.07452564750018
마포구,2023,전세,7336,52.925474352499826
마포구,2024,월세,5392,45.86594079618918
마포구,2024,전세,6364,54.13405920381082
마포구,2025,월세,6025,46.546662546353524
마포구,2025,전세,6919,53.453337453646476
마포구,2026,월세,767,49.547803617571056
마포구,2026,전세,781,50.45219638242894
서대문구,2021,월세,2016,38.0449141347424
서대문구,2021,전세,3283,61.9550858652576
서대문구,2022,월세,3619,43.861350139377045
서대문구,2022,전세,4632,56.138649860622955
서대문구,2023,월세,3276,40.44444444444444
서대문구,2023,전세,4824,59.55555555555555
서대문구,2024,월세,3277,43.48460721868365
서대문구,2024,전세,4259,56.51539278131635
서대문구,2025,월세,3166,41.5540097125607
서대문구,2025,전세,4453,58.4459902874393
서대문구,2026,월세,444,46.01036269430052
서대문구,2026,전세,521,53.989637305699475
서초구,2021,월세,5512,44.00095793086932
서초구,2021,전세,7015,55.99904206913068
서초구,2022,월세,6895,45.50254075100641
서초구,2022,전세,8258,54.49745924899359
서초구,2023,월세,8145,43.48174247277387
서초구,2023,전세,10587,56.51825752722613
서초구,2024,월세,5770,40.1978542566532
서초구,2024,전세,8584,59.8021457433468
서초구,2025,월세,8198,44.651416122004356
서초구,2025,전세,10162,55.34858387799564
서초구,2026,월세,770,44.871794871794876
서초구,2026,전세,946,55.12820512820513
성동구,2021,월세,2756,37.4813001495988
성동구,2021,전세,4597,62.51869985040119
성동구,2022,월세,4432,43.327793528204126
성동구,2022,전세,5797,56.672206471795874
성동구,2023,월세,4333,38.927320097026325
성동구,2023,전세,6798,61.07267990297368
성동구,2024,월세,3836,39.85454545454545
성동구,2024,전세,5789,60.14545454545455
성동구,2025,월세,4853,41.15502035278155
성동구,2025,전세,6939,58.84497964721845
성동구,2026,월세,601,43.64560639070443
성동구,2026,전세,776,56.35439360929557
성북구,2021,월세,2591,34.57894034432137
성북구,2021,전세,4902,65.42105965567863
성북구,2022,월세,4256,42.782468837957374
성북구,2022,전세,5692,57.217531162042626
성북구,2023,월세,4048,39.009347595644215
성북구,2023,전세,6329,60.990652404355785
성북구,2024,월세,3530,38.846704082755586
성북구,2024,전세,5557,61.15329591724441
성북구,2025,월세,3714,39.58644212321467
성북구,2025,전세,5668,60.413557876785326
성북구,2026,월세,439,44.16498993963783
성북구,2026,전세,555,55.83501006036218
송파구,2021,월세,6999,41.468183434056165
송파구,2021,전세,9879,58.53181656594383
송파구,2022,월세,10105,46.15208951815483
송파구,2022,전세,11790,53.847910481845176
송파구,2023,월세,9996,40.82499489483357
송파구,2023,전세,14489,59.175005105166434
송파구,2024,월세,7972,41.73166518347903
송파구,2024,전세,11131,58.26833481652096
송파구,2025,월세,9622,42.686659864247375
송파구,2025,전세,12919,57.31334013575263
송파구,2026,월세,1147,45.015698587127154
송파구,2026,전세,1401,54.98430141287284
양천구,2021,월세,3554,36.354337152209496
양천구,2021,전세,6222,63.645662847790504
양천구,2022,월세,4539,37.223224536657376
양천구,2022,전세,7655,62.776775463342624
양천구,2023,월세,4374,34.08400218187486
양천구,2023,전세,8459,65.91599781812515
양천구,2024,월세,3949,35.06170647252064
양천구,2024,전세,7314,64.93829352747936
양천구,2025,월세,4305,35.752844448135534
양천구,2025,전세,7736,64.24715555186447
양천구,2026,월세,477,37.23653395784544
양천구,2026,전세,804,62.76346604215457
영등포구,2021,월세,2653,33.87817647809986
영등포구,2021,전세,5178,66.12182352190014
영등포구,2022,월세,5353,43.302054683708135
영등포구,2022,전세,7009,56.697945316291865
영등포구,2023,월세,4229,37.02179812658672
영등포구,2023,전세,7194,62.97820187341328
영등포구,2024,월세,5452,43.68239724381059
영등포구,2024,전세,7029,56.31760275618941
영등포구,2025,월세,4686,41.17388630173095
영등포구,2025,전세,6695,58.82611369826905
영등포구,2026,월세,651,44.22554347826087
영등포구,2026,전세,821,55.77445652173913
용산구,2021,월세,1780,39.09510213046343
용산구,2021,전세,2773,60.90489786953657
용산구,2022,월세,3768,52.464494569757726
용산구,2022,전세,3414,47.53550543024227
용산구,2023,월세,2834,42.072446555819475
용산구,2023,전세,3902,57.927553444180525
용산구,2024,월세,3343,50.30850263355907
용산구,2024,전세,3302,49.691497366440935
용산구,2025,월세,3100,47.44413835322926
용산구,2025,전세,3434,52.555861646770744
용산구,2026,월세,327,49.77168949771689
용산구,2026,전세,330,50.2283105022831
은평구,2021,월세,2634,39.63286187180259
은평구,2021,전세,4012,60.36713812819742
은평구,2022,월세,4599,43.04164716892841
은평구,2022,전세,6086,56.95835283107159
은평구,2023,월세,3944,37.92672372343495
은평구,2023,전세,6455,62.07327627656506
은평구,2024,월세,4628,45.83085759556348
은평구,2024,전세,5470,54.16914240443652
은평구,2025,월세,3728,40.913081650570675
은평구,2025,전세,5384,59.08691834942933
은평구,2026,월세,530,46.77846425419241
은평구,2026,전세,603,53.22153574580759
종로구,2021,월세,762,45.903614457831324
종로구,2021,전세,898,54.096385542168676
종로구,2022,월세,1057,53.30307614725164
종로구,2022,전세,926,46.69692385274836
종로구,2023,월세,1151,47.62101779064957
종로구,2023,전세,1266,52.37898220935043
종로구,2024,월세,1067,53.058180009945296
종로구,2024,전세,944,46.941819990054704
종로구,2025,월세,1423,57.54144763445208
종로구,2025,전세,1050,42.45855236554792
종로구,2026,월세,192,62.95081967213115
종로구,2026,전세,113,37.049180327868854
중구,2021,월세,1240,44.9438202247191
중구,2021,전세,1519,55.0561797752809
중구,2022,월세,1698,47.576351919305125
중구,2022,전세,1871,52.423648080694875
중구,2023,월세,2365,50.991806813281585
중구,2023,전세,2273,49.008193186718415
중구,2024,월세,1878,50.41610738255034
중구,2024,전세,1847,49.58389261744966
중구,2025,월세,2279,53.42240975152368
중구,2025,전세,1987,46.57759024847633
중구,2026,월세,283,57.40365111561866
중구,2026,전세,210,42.59634888438134
중랑구,2021,월세,1852,39.97409885603281
중랑구,2021,전세,2781,60.02590114396719
중랑구,2022,월세,3098,45.72018890200709
중랑구,2022,전세,3678,54.27981109799291
중랑구,2023,월세,2856,41.469435167707275
중랑구,2023,전세,4031,58.53056483229273
중랑구,2024,월세,3420,47.27021423635107
중랑구,2024,전세,3815,52.72978576364893
중랑구,2025,월세,3486,50.927684441197954
중랑구,2025,전세,3359,49.072315558802046
중랑구,2026,월세,543,51.03383458646616
중랑구,2026,전세,521,48.96616541353384
