순번,자치구,구역명,위치,,사업방법,,,사업추진단계,기존 가구수(멸실량),추진단계,,,,,,,,,,,,공급형태별 건립세대수 (공급량),,
,,,,,,,,,,,,,,,,,,,,,,총합계,분양,임대
,,,,,,,,,,"구역지정
(아파트 지구는 정비계획 수립)",,추진위원회,"조합설립인가
(사업시행자 지정일)",건축심의,사업시행인가,,"관리처분
계획인가",,이주,,착공,,,
,,,위치1(지번주소),위치2(도로명주소),공공/민간,일반/재촉지구,사업유형,,,최초,변경(최종),,,,최초,변경(최종),최초,변경(최종),이주시작일,이주종료일,,,,
1,종로구,수송1-2,수송동 146-12,종로1길 36,민간,일반,도시정비형 재개발,구역지정,0,2010-12-30,2024-11-21,,,,,,,,,,,0,0,0
2,종로구,수송1-7,수송동 80,종로5길 68,민간,일반,도시정비형 재개발,건축심의,0,2010-12-30,2025-03-28,,,2025-07-17,,,,,,,,0,0,0
3,종로구,신문로2-12,신문로1가 158,세종대로21길 71,공공,일반,도시정비형 재개발,조합설립,0,1983-09-30,2025-12-04,,2021-08-27,,,,,,,,,128,64,64
4,종로구,신영1,신영동 158-2,세검정로6길 62-2,민간,일반,주택정비형 재개발,관리처분,66,2000-06-01,2024-08-16,,2003-07-07,,2018-10-19,2025-02-19,2022-02-26,2025-10-10,2022-11-19,2023-02-01,,199,199,0
5,종로구,종로6가,종로6가 117,종로 269-3,민간,일반,도시정비형 재개발,구역지정,165,2009-10-01,2012-05-24,,,,,,,,,,,199,0,199
6,종로구,사직2,사직동 311-10,사직로 62-2,민간,일반,도시정비형 재개발,사업시행,0,2009-11-19,2013-10-28,2003-11-21,2010-07-19,2011-11-10,2012-09-21,,,,,,,456,378,78
7,종로구,돈의문2,교남동 28,통일로 150-7,민간,재촉,도시정비형 재개발,관리처분,0,2003-11-18,2006-04-13,,2024-06-21,2023-11-13,2024-06-21,,2025-05-23,,,,,228,151,77
8,종로구,세운2,장사동 67,종로22길 13-2,민간,재촉,도시정비형 재개발,구역지정,48,2006-10-26,2024-06-27,,,,,,,,,,,0,0,0
9,종로구,세운4,예지동 85,종로30길 19-8,민간,재촉,도시정비형 재개발,관리처분,0,2004-02-05,2014-03-27,,,2018-11-27,2018-06-29,2021-12-17,2020-02-28,,2021-11-01,2021-12-31,,0,0,0
10,종로구,"공평15,16",인사동 87,-,민간,일반,도시정비형 재개발,착공,0,1978-09-26,2021-09-02,,,2019-12-10,2020-05-18,2022-05-04,2020-11-16,2023-02-17,,,2022-11-17,0,0,0
11,종로구,공평3,공평동 1,인사동5길 41,민간,일반,도시정비형 재개발,건축심의,0,1978-09-26,2024-11-14,,,2025-06-19,,,,,,,,0,0,0
12,종로구,관수동일반정비3,관수동 59 일대,돈화문로 15,민간,일반,도시정비형 재개발,사업시행,0,2024-04-11,2025-02-06,,,2025-05-15,2025-08-22,,,,,,,0,0,0
13,종로구,관수동일반정비8,관수동 129-1 일대,청계천로 113,민간,일반,도시정비형 재개발,사업시행,0,2024-04-11,2024-02-06,,,2025-04-24,2025-09-26,,,,,,,0,0,0
14,종로구,내자필운2-1,내자동 81,사직로12길 19-12,민간,일반,도시정비형 재개발,구역지정,0,2011-05-06,2025-09-11,,,,,,,,,,,376,55,321
15,종로구,서린345지구,"서린동 111-1번지 일대
",,민간,일반,도시정비형 재개발,사업시행,0,1983-09-06,2025-01-02,,,2024-11-29,2025-04-08,2025-04-08,,,,,,0,0,0
16,종로구,수송1-3,수송동 146-2,종로1길 36,공공,일반,도시정비형 재개발,사업시행,0,2010-12-30,2025-01-17,,,2024-01-09,2025-02-14,,,,,,,0,0,0
17,종로구,숭인동56일대,숭인동 56-4번지 일원,,민간,일반,주택정비형 재개발,구역지정,709,2024-12-19,,,,,,,,,,,,974,804,170
18,종로구,창신1-6,창신동 459-12번지 일원,종로48길 27,민간,일반,도시정비형 재개발,조합설립,0,2022-04-28,,,2022-10-07,,,,,,,,,0,0,0
19,종로구,창신3,"창신동 412-1번지 일원
","종로54길 39
",민간,일반,도시정비형 재개발,구역지정,0,2022-04-28,,,,,,,,,,,,0,0,0
20,종로구,창신4-1,창신동330-1번지 일원,종로 328,민간,일반,도시정비형 재개발,추진위,0,2007-04-30,2022-04-28,2017-07-04,,,,,,,,,,0,0,0
21,종로구,창신동23-606번지일원,"창신동 23-606번지 일원
",,민간,일반,주택정비형 재개발,구역지정,2172,2025-11-13,,,,,,,,,,,,2667,2342,325
22,종로구,창신동23일대,"창신동 23-2번지 일원
",,민간,일반,주택정비형 재개발,구역지정,426,2024-12-19,,,,,,,,,,,,1034,879,155
23,종로구,창신동629번지일원,"창신동 629번지 일원
",,민간,일반,주택정비형 재개발,구역지정,1780,2025-11-13,,,,,,,,,,,,1875,1646,229
24,중구,광희동1가일원,광희동1가 303-1,마른내로 137,민간,일반,도시정비형 재개발,구역지정,0,2024-04-18,2024-04-18,,,,,,,,,,,0,0,0
25,중구,남대문-7-1,남창동 9-1,퇴계로 63,민간,일반,도시정비형 재개발,사업시행,0,1977-06-29,2025-02-27,,2022-06-22,2025-05-15,2022-06-22,2025-11-21,,,,,,299,0,299
26,중구,남대문로5가구역84-1구역,남대문로5가 84-1,세종대로 10-2,민간,일반,도시정비형 재개발,구역지정,0,2025-05-29,2025-05-29,,,,,,,,,,,0,0,0
27,중구,"마포로5-10,11",중림동 157-2,서소문로 26,민간,일반,도시정비형 재개발,관리처분,0,1979-09-21,2023-12-28,,2022-08-24,2024-04-18,2022-08-24,2024-11-15,2023-08-30,2025-12-10,,,,299,205,94
28,중구,마포로5-9-1,순화동 6-10,,민간,일반,도시정비형 재개발,착공,15,1979-09-21,2025-12-11,,2022-07-22,2022-03-16,2022-07-22,2023-11-03,2023-06-20,2023-06-20,,,2024-01-12,102,63,39
29,중구,명동-1,을지로2가 185,을지로 76,민간,일반,도시정비형 재개발,착공,0,1983-09-30,2025-04-02,,2024-06-03,2024-03-04,2024-06-03,2025-04-30,2025-02-12,2025-02-12,,,2025-07-30,0,0,0
30,중구,명동-2,을지로2가 163-3,을지로 80-1,민간,일반,도시정비형 재개발,관리처분,1,1983-09-30,2020-11-26,,2023-09-20,2023-01-18,2023-09-20,2023-09-20,2025-07-23,,,,,0,0,0
31,중구,무교다동-16,다동 130,다동길 30,민간,일반,도시정비형 재개발,건축심의,0,1973-09-06,2022-08-25,,,2023-03-07,,,,,,,,0,0,0
32,중구,무교다동-29,을지로1가 16,무교로 6,민간,일반,도시정비형 재개발,관리처분,0,1973-09-06,2024-08-07,,2024-11-20,2024-03-26,2024-11-20,2024-11-20,2025-09-17,,,,,0,0,0
33,중구,무교다동-31,을지로1가 42,남대문로9길 39,민간,일반,도시정비형 재개발,착공,0,1973-09-06,2023-09-21,,2024-06-19,2024-01-23,2024-06-19,2024-06-19,2024-11-22,2024-11-22,,,2025-08-25,0,0,0
34,중구,봉래-2,봉래동1가 48-3,칠패로 36,민간,일반,도시정비형 재개발,구역지정,0,2017-08-24,2025-03-20,,,,,,,,,,,0,0,0
35,중구,봉래-3,남대문로5가 63-1,세종대로1길 7,민간,일반,도시정비형 재개발,사업시행,0,2017-08-24,2024-08-07,,,2024-09-13,2025-06-25,2025-06-25,,,,,,0,0,0
36,중구,서-서1·2-1,순화동 7,서소문로 88,민간,일반,도시정비형 재개발,착공,0,1973-09-06,2024-06-20,,2022-07-27,2024-09-13,2022-07-27,2022-07-16,2022-12-28,2022-12-28,,,2025-11-07,0,0,0
37,중구,서소문-10,서소문 58-7,서소문로 106,민간,일반,도시정비형 재개발,착공,0,1973-09-06,2021-12-30,,2022-09-21,2024-08-20,2022-09-21,2024-11-15,2024-03-20,2024-03-20,,,2025-01-15,0,0,0
38,중구,"서소문-11,12",서소문동 58-9,서소문로 100,민간,일반,도시정비형 재개발,착공,0,1973-09-06,2023-09-14,,2023-02-08,2024-04-18,2023-02-08,2024-11-15,2025-03-12,2025-03-12,,,2025-03-31,0,0,0
39,중구,"세운3-2,3",입정동 175-1,,민간,재촉,도시정비형 재개발,착공,0,2009-03-19,2023-12-07,,2017-04-26,2024-03-26,2017-04-26,2025-02-12,2021-07-07,2025-06-25,,,2025-03-20,0,0,0
40,중구,"세운3-8,9,10",을지로3가 227,을지로15길 10,민간,재촉,도시정비형 재개발,사업시행,2,2009-03-19,2023-12-07,,2021-11-17,2024-03-26,2021-11-17,2025-06-18,,,,,,0,0,0
41,중구,"세운5-1,3",산림동 190-3,을지로19길 28,민간,재촉,도시정비형 재개발,관리처분,0,2009-03-19,2023-10-26,,2020-09-16,2024-02-13,2020-09-16,2024-06-19,2024-12-13,2024-12-13,2025-03-01,2025-08-31,,0,0,0
42,중구,세운6-1-3,인현동1가 31,을지로20길 24-10,민간,재촉,도시정비형 재개발,추진위,0,2006-10-26,2025-07-24,2025-10-01,,,,,,,,,,0,0,0
43,중구,세운6-3-3,을지로4가 310-2,을지로22길 11,민간,재촉,도시정비형 재개발,착공,0,2009-03-19,2025-04-24,,2017-11-17,2024-03-26,2017-11-17,2025-06-25,2020-10-21,2021-05-20,,,2021-07-02,0,0,0
44,중구,"세운6-4-22,23",충무로4가 108-21,퇴계로 223,민간,재촉,도시정비형 재개발,사업시행,0,2009-03-19,2024-01-25,,2022-09-23,2021-09-15,2022-09-23,2022-09-23,,,,,,0,0,0
45,중구,수표,입정동 237,충무로13길 7,민간,일반,도시정비형 재개발,착공,0,2010-08-26,2025-02-19,,2022-07-06,2024-10-31,2020-11-18,2025-04-25,2022-06-29,2023-11-01,,,2024-07-05,0,0,0
46,중구,신당10,신당동 236-100,다산로33라길 32-7,민간,일반,주택정비형 재개발,조합설립,899,2023-06-22,2023-06-22,,2023-12-27,,,,,,,,,1423,1107,316
47,중구,신당8,청구동 321-1,다산로28길 22,민간,일반,주택정비형 재개발,관리처분,1182,2007-05-25,2023-06-07,2004-12-30,2016-12-12,2017-12-19,2018-12-05,2023-07-26,2024-05-31,2024-05-31,2024-11-01,2025-12-31,,1159,983,176
48,중구,신당9,신당동 432-1008,다산로5길 6-10 ,민간,일반,주택정비형 재개발,건축심의,261,2010-11-04,2022-11-09,2005-01-24,2018-04-20,2020-11-18,,,,,,,,315,315,0
49,중구,"양동-11,12",남대문로5가 580,,민간,일반,도시정비형 재개발,관리처분,173,1978-09-26,2024-08-29,,2023-03-22,2025-01-16,2023-03-22,2025-06-30,2025-10-22,2022-07-20,,,,0,0,0
50,중구,"양동-4-2,7",남대문로5가 395,소월로 50,민간,일반,도시정비형 재개발,관리처분,0,1978-09-26,2024-12-18,,2024-12-24,2024-07-16,2024-12-24,2024-12-24,2025-03-19,2025-03-19,2025-02-03,2025-04-11,,0,0,0
51,중구,"양동-8-1,6",남대문로5가 526,퇴계로 18,민간,일반,도시정비형 재개발,관리처분,0,1978-09-26,2025-04-23,,,2024-12-23,2025-04-30,2025-04-30,2025-10-24,2022-07-20,,,,0,0,0
52,중구,"을지로2가-1,3,6,18",삼각동 66-1,청계천로 54,민간,일반,도시정비형 재개발,구역지정,0,1977-06-29,2024-12-05,,,,,,,,,,,0,0,0
53,중구,"을지로3가-1,2",수표동 56-9,삼일대로12길 15,민간,일반,도시정비형 재개발,착공,0,2016-10-06,2023-07-20,,2023-09-27,2023-07-11,2023-09-27,2025-10-01,2024-03-11,2024-03-11,,,2025-08-22,0,0,0
54,중구,을지로3가-10,을지로3가 95-12,을지로11길 12,민간,일반,도시정비형 재개발,관리처분,0,2016-10-06,2024-09-25,,2024-02-28,2023-11-13,2024-02-28,2024-02-28,2024-09-27,2024-09-27,,,,0,0,0
55,중구,을지로3가-12,을지로3가 65-14,충무로9길 17,민간,일반,도시정비형 재개발,착공,0,2016-10-06,2021-01-28,,2021-09-01,2021-04-28,2021-09-01,2025-01-02,2022-06-15,2022-06-15,,,2023-09-27,0,0,0
56,중구,을지로3가-6,수표동 35-10,수표로 66,민간,일반,도시정비형 재개발,착공,0,2016-10-06,2020-11-26,,2021-06-16,2020-12-16,2021-03-03,2021-06-16,2022-04-06,2022-04-06,,,2023-04-06,0,0,0
57,중구,을지로3가-9,을지로3가 5-1,충무로9길 29,민간,일반,도시정비형 재개발,착공,0,2016-10-06,2024-08-16,,2022-12-21,2024-10-11,2022-12-21,2025-02-12,2023-09-13,2025-03-26,,,2025-04-15,0,0,0
58,중구,중림동398,중림동 398,서소문로 8,민간,일반,주택정비형 재개발,조합설립,280,2023-09-14,2023-09-14,,2024-12-19,,,,,,,,,791,600,191
59,용산구,한강맨션아파트,이촌동 300-23,이촌로 248,민간,일반,아파트지구 재건축,관리처분,660,2018-03-15,2023-09-07,2003-12-26,2017-06-05,2019-09-10,2021-09-24,,2022-12-02,,,,,1441,1303,138
60,용산구,후암1,후암동 142-4,한강대로98나길 26,민간,일반,단독주택 재건축,추진위,730,,,2007-04-23,,,,,,,,,,0,0,0
61,용산구,한강삼익아파트,이촌동 300-301,이촌로 264,민간,일반,아파트지구 재건축,사업시행,252,2018-03-15,2023-04-28,,2003-05-10,2019-03-12,2020-06-05,,,,,,,329,277,52
62,용산구,왕궁아파트,이촌동 300-11,이촌로88길 15,민간,일반,아파트지구 재건축,조합설립,250,2023-09-07,2024-11-14,2006-05-23,2008-12-09,,,,,,,,,318,260,58
63,용산구,청화아파트,이태원동 22-2,장문로 27,민간,일반,공동주택 재건축,추진위,578,,,2009-12-30,,,,,,,,,,0,0,0
64,용산구,이촌1,"이촌동 199,203,206","이촌로80-8,60, 이촌로14길 11-22",민간,일반,단독주택 재건축,추진위,520,,,2007-02-23,,,,,,,,,,0,0,0
65,용산구,신동아아파트,서빙고동 241-21,서빙고로 241-21 일대,민간,일반,아파트지구 재건축,조합설립,1326,,,2017-10-13,2021-01-07,,,,,,,,,0,0,0
66,용산구,중산시범아파트,이촌동 211-2,이촌로2가길 36,민간,일반,공동주택 재건축,추진위,266,,2016-01-12,2005-07-12,,,,,,,,,,0,0,0
67,용산구,강변강서아파트,"이촌동 193-3,5","이촌로 104, 이촌로34길 10",공공,일반,아파트지구 재건축,조합설립,213,,1976-08-21,1993-04-12,1993-04-12,,,,,,,,,0,0,0
68,용산구,동자동2,동자동 15-1,한강대로 392,민간,일반,도시정비형 재개발,관리처분,15,1978-11-30,2025-02-27,,,,1985-12-26,,2020-09-25,,,,,0,0,0
69,용산구,신용산역북측1,한강로2가 2-116,한강로2가 2-116,민간,일반,도시정비형 재개발,사업시행,71,2015-07-01,2023-01-20,,,,2021-12-31,,,,,,,324,295,29
70,용산구,신용산역북측2,한강로2가 2-194,새창로 209,민간,일반,도시정비형 재개발,사업시행,75,2015-07-01,2023-11-10,,,,2020-12-10,,,,,,,340,314,26
71,용산구,정비창전면1,한강로3가 40-641,한강대로15길 19-17,민간,일반,도시정비형 재개발,조합설립,619,2018-04-05,,2018-11-21,2021-08-30,,,,,,,,,777,678,99
72,용산구,용산역전면1-2,한강로3가 40-712,한강대로21나길 40,민간,일반,도시정비형 재개발,추진위,0,2006-01-19,,2018-07-13,,,,,,,,,,0,0,0
73,용산구,정비창전면3,한강로3가 40-19,한강대로 23,민간,일반,도시정비형 재개발,조합설립,20,2018-04-05,,,2022-08-10,,,,,,,,,128,128,0
74,용산구,남영동업무지구2,갈월동 92,한강대로 273 일대,민간,일반,도시정비형 재개발,조합설립,32,2022-08-18,,2022-10-19,2023-04-14,,,,,,,,,565,456,109
75,용산구,산호아파트,원효로4가 118-16,원효로 66,민간,일반,아파트지구 재건축,사업시행,554,2020-01-09,2022-06-24,2005-03-11,2017-08-31,2021-04-15,2024-03-29,,,,,,,647,574,73
76,용산구,서계통합구역,서계동 33번지 일대,,민간,일반,주택정비형 재개발,추진위,2892,2025-04-10,,2025-11-28,,,,,,,,,,2691,2103,588
77,용산구,청파1구역,청파동2가 11-1,청파로57길 23,민간,일반,주택정비형 재개발,조합설립,640,2022-07-14,,2005-08-12,2023-02-17,,,,,,,,,697,581,116
78,용산구,청파2구역,청파동1가 89-18,청파로71나길 23-4,민간,일반,주택정비형 재개발,구역지정,1408,2024-10-31,,,,,,,,,,,,1905,1498,407
79,용산구,한강로,한강로1가 158번지 일대,,민간,일반,도시정비형 재개발,건축심의,468,2011-10-13,2011-10-13,2012-05-10,2012-10-18,2013-10-15,,,,,,,,406,362,44
80,용산구,한남2구역,보광동 272-3,우사단로4길 4-5,민간,재촉,주택정비형 재개발,관리처분,1799,2009-10-01,2009-10-01,2010-06-28,2012-06-01,2020-08-11,2021-11-26,,2025-07-25,,,,,1537,1299,238
81,용산구,한남3구역,"한남동 686
","이태원로 222-32
",민간,재촉,주택정비형 재개발,관리처분,8373,2009-10-01,2009-10-01,2010-08-01,2012-09-04,2017-10-24,2019-03-29,2024-09-13,2023-06-23,2023-09-15,2023-10-30,2025-07-01,,5970,4950,1020
82,용산구,한남4구역,보광동 360,장문로15가길 7-16,민간,재촉,주택정비형 재개발,사업시행,2588,2009-10-01,2009-10-01,2010-09-29,2015-01-06,2024-05-28,2025-11-14,,,,,,,2331,1981,350
83,용산구,한남5구역,동빙고동 60,서빙고로75가길 5-19,민간,재촉,주택정비형 재개발,건축심의,2635,2009-10-01,2009-10-01,2010-06-15,2012-08-22,2024-04-09,,,,,,,,2592,2202,390
84,성동구,성수전략1,성수동1가 72-10,,민간,일반,주택정비형 재개발,조합설립,3121,2009-04-23,2011-02-17,2009-10-27,2017-07-18,,,,,,,,,3014,2385,629
85,성동구,성수전략2,성수동2가 506,,민간,일반,주택정비형 재개발,조합설립,2339,2009-04-23,2011-02-17,2009-10-27,2020-03-06,,,,,,,,,2609,2061,548
86,성동구,성수전략3,성수동2가 572-7,,민간,일반,주택정비형 재개발,조합설립,2005,2009-04-23,2011-02-17,2009-10-27,2019-02-27,,,,,,,,,2213,1727,486
87,성동구,성수전략4,성수동2가 219-4,,민간,일반,주택정비형 재개발,조합설립,1602,2009-04-23,2011-02-17,2009-10-22,2016-07-25,,,,,,,,,1439,1172,267
88,성동구,용답동,용답동 108-1,,민간,일반,주택정비형 재개발,착공,1844,2007-09-27,2022-12-01,2006-07-30,2007-11-16,2015-08-01,2017-01-12,2024-05-13,2018-07-06,2024-04-04,,,2023-10-24,1670,1365,305
89,성동구,금호16,금호동2가 501-31,,민간,일반,주택정비형 재개발,관리처분,483,2007-07-12,2007-07-12,2005-09-30,2008-04-21,2008-02-25,2009-12-17,2024-01-04,2024-04-11,,2024-08-29,2025-08-30,,595,475,120
90,성동구,응봉1,응봉동 193-162,독서당로60가길 6-1,민간,일반,단독주택 재건축,사업시행,621,2011-10-27,2023-03-23,2006-08-29,2016-04-22,2021-07-27,2023-04-20,2023-04-20,,,,,,525,525,0
91,성동구,한남하이츠,옥수동 220-1,,민간,일반,공동주택 재건축,사업시행,535,2017-02-16,2017-02-16,2003-12-26,2018-05-18,2019-05-28,2020-05-21,2020-05-21,,,,,,790,787,3
92,성동구,장미아파트,성수동1가 656-421,왕십리로 66-15,민간,일반,공동주택 재건축,착공,173,2016-09-08,2021-01-07,2004-01-26,2019-03-14,2020-08-04,2021-07-22,2024-03-07,2022-09-29,2024-11-28,,,2024-10-23,287,260,27
93,성동구,장안평중고차매매센터,용답동 234,,민간,일반,도시정비형 재개발,건축심의,0,2018-01-11,2018-01-11,2018-05-15,2020-03-23,2023-02-14,,,,,,,,0,0,0
94,성동구,성수1,성수동1가 656-1267,,민간,일반,단독주택 재건축,건축심의,143,2008-06-05,2022-10-20,2004-01-15,2020-08-06,2021-03-09,,,,,,,,322,272,50
95,성동구,금호21구역,금호동3가 1번지 일대,무수막길 31,민간,일반,주택정비형 재개발,조합설립,1741,2023-09-07,2023-09-07,,2024-10-18,,,,,,,,,1219,999,220
96,성동구,마장동382번지일대,마장동 382,살곶이2길 37,민간,일반,주택정비형 재개발,구역지정,125,2025-08-28,,,,,,,,,,,,1000,1000,0
97,성동구,마장세림아파트,마장동 784,마장로42길 16,민간,일반,공동주택 재건축,조합설립,841,2022-06-23,2022-06-23,2023-02-20,2023-12-22,,,,,,,,,996,915,81
98,성동구,왕십리역세권4,행당동248번지,,민간,일반,도시정비형 재개발,추진위,79,2024-02-15,2024-02-15,2024-03-25,,,,,,,,,,631,477,154
99,광진구,신향빌라,중곡4동 18-24,용마산로24길 13,민간,일반,공동주택 재건축,구역지정,156,2022-06-02,2022-06-02,,,,,,,,,,,339,322,17
100,광진구,자양4동A구역주택재개발사업,자양4동 57-90번지 일대,능동로3마길 10-3,민간,일반,주택정비형 재개발,구역지정,1445,2025-07-03,,,,,,,,,,,,2999,2447,552
101,광진구,자양5재정비촉진구역,자양동 680-81,자양로 72,민간,재촉,도시정비형 재개발,구역지정,224,2018-01-18,2018-01-18,,,,,,,,,,,840,538,302
102,광진구,자양7,자양동 464-40,자양번영로3길 38-14,민간,일반,단독주택 재건축,조합설립,432,2018-08-30,,2008-02-05,2021-10-03,,,,,,,,,917,874,43
103,광진구,자양한양아파트,자양동 695,구의 강변로 11,민간,일반,공동주택 재건축,추진위,444,2024-05-30,,2025-04-07,,,,,,,,,,859,652,207
104,광진구,중곡아파트,중곡동 190-26,긴고랑로1길 55,공공,일반,공동주택 재건축,조합설립,276,2014-11-13,2025-10-16,2005-09-01,2022-07-19,,,,,,,,,348,306,42
105,동대문구,이문4,이문동 86-1,외대역동로34길 52,민간,재촉,주택정비형 재개발,관리처분,2629,2008-01-07,2025-04-17,2004-06-23,2017-03-16,2021-10-26,2023-02-16,,2024-04-01,,2024-11-25,2026-03-31,,3488,2778,710
106,동대문구,전농8,전농동 204,전농로17길 26 ,민간,재촉,주택정비형 재개발,건축심의,1581,2008-07-10,2025-06-05,2005-09-27,2021-12-08,2023-10-17,,,,,,,,1760,1409,351
107,동대문구,전농,전농동 494-1,서울시립대로 57,민간,재촉,도시정비형 재개발,사업시행,474,2006-03-30,2006-03-30,2005-12-26,2007-06-22,2023-09-26,2024-12-26,,,,,,,1122,932,190
108,동대문구,전농12,전농동 643-51,서울시립대로 49,민간,재촉,주택정비형 재개발,조합설립,348,2009-06-25,2009-06-25,2007-01-31,2022-01-14,,,,,,,,,297,246,51
109,동대문구,용두1-1,용두동 24-1,왕산로 138-1,민간,재촉,도시정비형 재개발,구역지정,0,2007-05-17,2007-05-17,,,,,,,,,,,0,0,0
110,동대문구,용두1-2,용두동 23-8,왕산로 142-1,민간,재촉,도시정비형 재개발,사업시행,30,2007-05-17,2007-05-17,2019-05-07,2019-10-23,2022-04-26,2022-11-23,,,,,,,243,211,32
111,동대문구,용두1-4,용두동 26-3,고산자로32길 15-9,민간,재촉,도시정비형 재개발,건축심의,32,2005-05-17,2007-05-17,,2024-06-07,2025-03-25,,,,,,,,60,60,0
112,동대문구,용두1-5,용두동 23-1,왕산로 150,민간,재촉,도시정비형 재개발,추진위,98,2005-05-17,2007-05-17,2019-11-12,,,,,,,,,,324,324,0
113,동대문구,용두1-6,용두동 14-1,왕산로 154,공공,재촉,도시정비형 재개발,건축심의,136,2005-05-17,2007-05-17,,2021-07-14,2025-06-19,,,,,,,,977,556,421
114,동대문구,청량리6,청량리동 205,홍릉로 90,민간,일반,주택정비형 재개발,사업시행,950,2008-11-13,2008-11-13,2004-08-04,2019-05-07,2022-04-22,2024-11-07,,,,,,,1493,1239,254
115,동대문구,제기4,제기동 288,홍릉로15길 11,민간,일반,주택정비형 재개발,관리처분,412,2005-12-29,2024-04-18,2006-06-20,2016-05-16,2017-09-26,2019-03-07,2025-06-12,2022-08-25,2022-08-25,2023-06-17,2024-07-01,,909,753,156
116,동대문구,제기6,제기동 120-104,고산자로52길 20,민간,일반,주택정비형 재개발,관리처분,556,2009-02-12,2018-09-27,2004-08-31,2017-12-27,2019-07-24,2020-12-24,2023-03-08,2023-11-09,,2025-06-01,2026-01-01,,423,350,73
117,동대문구,청량리7,청량리동 199,-,민간,일반,주택정비형 재개발,착공,926,2007-09-06,,2004-06-25,2007-12-26,2008-10-15,2009-04-02,2023-03-23,2020-04-23,2023-06-09,,,2022-12-29,761,627,134
118,동대문구,청량리8,청량리동 435,홍릉로12길 18,민간,일반,주택정비형 재개발,관리처분,381,2010-11-25,2023-09-07,2006-01-09,2018-07-11,2022-04-26,2024-07-11,,2025-09-25,,,,,610,460,150
119,동대문구,장안현대,장안동 95-1,한천로 244,민간,일반,공동주택 재건축,사업시행,456,2017-09-14,2022-12-01,2018-06-12,2020-07-10,2022-06-14,2024-08-13,2024-08-13,,,,,,746,641,105
120,동대문구,제기1(경동미주아파트),제기동 892-68,정릉천동로 80,민간,일반,공동주택 재건축,착공,228,2012-10-18,2018-12-27,2008-01-01,2019-05-01,2020-06-23,2021-04-01,2025-07-07,2023-04-13,,,,2025-03-31,351,306,45
121,동대문구,답십리자동자부품상가,답십리동 952,"전농로4길 62
",민간,일반,도시정비형 재개발,사업시행,0,2020-09-03,2025-01-23,2020-09-01,2021-10-01,2023-06-01,2025-04-03,,,,,,,618,478,140
122,동대문구,신설1,신설동 92-5,하정로6길 14,공공,일반,주택정비형 재개발,사업시행,121,2008-10-30,2024-08-08,,2021-07-22,2024-08-20,2025-03-20,,,,,,,299,189,110
123,동대문구,신이문역세권,이문동 168-1,신이문로24길 31,민간,일반,도시정비형 재개발,조합설립,0,2020-12-03,2024-06-13,,2024-09-12,,,,,,,,,1265,899,366
124,동대문구,용두구역6지구,용두동 52-1,천호대로 27길 73,민간,일반,도시정비형 재개발,구역지정,0,2000-02-09,,,,,,,,,,,,0,0,0
125,동대문구,용두구역7지구,용두동 53-6,왕산로길 6길 27,민간,일반,도시정비형 재개발,구역지정,0,2000-02-09,,,,,,,,,,,,0,0,0
126,동대문구,전농13,전농동 295-29,사가정로 104,민간,재촉,도시정비형 재개발,구역지정,274,2024-08-22,,,,,,,,,,,,949,795,154
127,동대문구,전농9,전농동 103-236,전농로37길 39,공공,일반,주택정비형 재개발,조합설립,884,2023-06-29,2023-06-29,2007-07-04,2023-07-13,,,,,,,,,1159,920,239
128,동대문구,청량리미주아파트,청량리동 235-1,청량리동 235-1,민간,일반,공동주택 재건축,추진위,1089,2023-08-03,2023-08-03,2024-10-07,,,,,,,,,,1370,1208,162
129,동대문구,청량리9,청량리동 19,왕산로51길 13,민간,일반,주택정비형 재개발,구역지정,337,2025-06-26,,,,,,,,,,,,843,680,163
130,동대문구,휘경5,휘경동 43-8,한천로47길 2,민간,일반,주택정비형 재개발,구역지정,459,2023-06-22,,,,,,,,,,,,634,594,40
131,중랑구,상봉7,상봉동 88,상봉로25가길 27,민간,재촉,도시정비형 재개발,사업시행,349,2009-08-13,2020-07-16,2009-09-08,2011-12-01,2023-07-25,2015-11-19,,,,,,,841,719,122
132,중랑구,상봉9,상봉동 83-1,상봉로 117,민간,재촉,도시정비형 재개발,착공,2,2015-04-16,2021-07-29,,,2022-04-12,2022-12-29,2024-11-21,2024-05-23,,,,2024-12-09,999,802,197
133,중랑구,중화3,중화동 303-9,동일로 775-11,민간,재촉,도시정비형 재개발,착공,114,2017-11-30,2022-12-22,,,2018-05-29,2018-12-06,2023-12-28,2020-07-24,,,,2025-12-08,176,158,18
134,중랑구,망우1(염광아파트),망우본동 178-1,망우로81길 27,공공,일반,공동주택 재건축,조합설립,367,2011-07-28,2025-03-20,2003-12-30,2012-05-29,,,,,,,,,581,539,42
135,중랑구,면목7구역,면목본동 69-14,상봉로5길 25,민간,일반,주택정비형 재개발,조합설립,1543,2024-01-11,2025-05-29,2024-04-12,2024-09-11,,,,,,,,,1449,1160,289
136,중랑구,면목8구역,면목5동 172-1,동일로 607,민간,일반,주택정비형 재개발,추진위,946,,,2025-12-05,,,,,,,,,,1260,1003,257
137,중랑구,면목9구역,면목7동 527,용마산로60가길 8-17,공공,일반,주택정비형 재개발,구역지정,795,2025-12-26,,,,,,,,,,,,1057,792,265
138,중랑구,상봉10,상봉동 50-1,망우로55길 39,민간,재촉,도시정비형 재개발,추진위,127,2023-06-15,2023-06-15,2024-01-05,,,,,,,,,,498,382,116
139,중랑구,상봉13구역,망우본동 461-12,봉우재로 229,민간,일반,주택정비형 재개발,추진위,934,2025-03-27,,2025-10-28,,,,,,,,,,1249,979,270
140,중랑구,중화5구역,중화1동 122,봉화산로30길 14,공공,일반,주택정비형 재개발,조합설립,1260,2023-12-14,,,2024-01-18,,,,,,,,,1610,1196,414
141,중랑구,중화동우성타운,중화동 195-2,"동일로 754
",민간,일반,공동주택 재건축,건축심의,96,2023-03-16,2025-07-24,,2023-05-11,2025-12-18,,,,,,,,219,213,6
142,성북구,길음5,정릉동 175,성북구 정릉로29길 18 일대,민간,재촉,주택정비형 재개발,조합설립,466,2010-04-08,2023-04-20,2010-06-14,2019-08-19,,,,,,,,,808,660,148
143,성북구,신월곡1,하월곡동 88-142,동소문로42가길 18 일대,민간,재촉,도시정비형 재개발,관리처분,733,2009-01-02,2024-12-19,2006-04-07,2009-08-31,2017-08-01,2020-08-20,2023-07-27,2022-11-29,2025-07-02,2023-10-16,이주 중,,2244,2025,219
144,성북구,신길음1,길음동 31-1,성북구 도봉로31 일대,민간,재촉,도시정비형 재개발,건축심의,157,2010-04-15,2024-11-14,2008-01-30,2012-11-01,2023-05-30,,,,,,,,405,295,110
145,성북구,신길음,길음동524-87,동소문로41길 4 일대,민간,재촉,도시정비형 재개발,사업시행,414,2007-06-09,2022-01-13,2006-03-31,,2023-12-12,2012-11-19,2025-05-29,,,,,,878,670,208
146,성북구,장위14,장위동 233-552,장위로20길 29-9 일대,민간,재촉,주택정비형 재개발,건축심의,2777,2008-04-03,2024-07-25,2008-05-30,2010-05-26,2023-11-28,,,,,,,,2439,2000,439
147,성북구,장위15,장위동 233-42,장위로11길 11 일대,민간,재촉,주택정비형 재개발,조합설립,2832,2008-04-03,2024-09-19,2010-07-09,2022-03-28,,,,,,,,,3317,2560,757
148,성북구,장위10,장위동 68-37,장위로38길 19-23 일대,민간,재촉,주택정비형 재개발,관리처분,1349,2008-04-03,2024-02-29,2008-04-23,2009-07-27,2024-07-02,2013-07-01,2025-06-26,2017-07-27,2023-07-06,2018-05-24,2021-12-01,,1931,1590,341
149,성북구,장위3,장위동 305,한천로101가길 5 일대,민간,재촉,주택정비형 재개발,추진위,931,2008-04-03,2008-04-03,2004-09-10,,,,,,,,,,1078,894,184
150,성북구,장위6,장위동 25-55,한천로86가길34 일대,민간,재촉,주택정비형 재개발,착공,1556,2008-04-03,2023-03-02,2006-08-08,2010-06-24,2014-03-11,2015-05-01,2023-08-11,2020-07-08,2024-05-03,,,2024-03-20,1637,1352,285
151,성북구,보문5,보문동1가 196-11,고려대로6길 16-5 일대,민간,일반,주택정비형 재개발,착공,223,2010-06-10,2018-05-17,2005-10-21,2010-08-24,2017-11-07,2018-07-12,2023-09-04,2020-02-06,2023-05-18,,,2023-06-08,199,199,0
152,성북구,정릉골,정릉동 757,솔샘로15가길 50-4 일대,민간,일반,주택정비형 재개발,관리처분,1237,2012-08-02,2012-08-02,2014-06-24,2017-06-02,2020-03-24,2021-12-29,2021-12-29,2024-01-25,,2024-08-13,이주 중,,1411,1411,0
153,성북구,삼선5,삼선동2가 296,삼선교로14길 90-1 일대,민간,일반,주택정비형 재개발,착공,1350,2009-06-04,2021-10-14,2005-06-04,2010-07-19,2013-07-23,2016-07-14,2024-08-30,2018-08-30,2021-05-14,,,2023-08-01,1223,1015,208
154,성북구,동소문2,동소문동2가 33,동소문로6길 4-21 일대,민간,일반,주택정비형 재개발,조합설립,386,2002-04-23,2011-11-10,2006-03-22,2008-03-17,,,,,,,,,615,453,162
155,성북구,동선2,동선동4가 304-2,동소문로29길 11 일대,민간,일반,주택정비형 재개발,관리처분,235,2011-03-03,2021-03-18,2006-01-13,2012-05-16,2013-06-12,2014-02-28,2021-04-01,2019-06-17,2025-04-30,2022-08-18,2023-06-28,,334,277,57
156,성북구,돈암6,돈암동 48-29,동소문로35가길 43 일대,민간,일반,주택정비형 재개발,건축심의,785,2011-11-24,2022-10-06,2014-02-26,2019-09-27,2021-05-11,,,,,,,,900,735,165
157,성북구,성북2,성북동 226-103,성북로23길 132-3 일대,민간,재촉,주택정비형 재개발,사업시행,509,2011-08-18,2023-10-26,2004-09-13,2014-05-09,2022-09-28,2024-09-05,,,,,,,191,191,0
158,성북구,석관4,"석관동 62-1
",한천로69길 27,민간,일반,주택정비형 재개발,구역지정,1298,2025-04-10,,,,,,,,,,,,1530,1277,253
159,성북구,성북1,"성북동 179-68
","성북로8길 26-9
",공공,일반,주택정비형 재개발,조합설립,1397,2024-10-04,,2004-07-31,2024-10-31,,,,,,,,,2086,1668,418
160,성북구,안암1,"안암동3가 136-1
",안암로9나길 14 일대,민간,일반,단독주택 재건축,조합설립,434,2024-03-28,2024-03-28,,1998-06-15,,,,,,,,,427,427,0
161,성북구,장위8,"장위동 85
",장위로49길18,공공,재촉,주택정비형 재개발,조합설립,1198,2023-12-28,2023-12-28,,2024-01-10,,,,,,,,,2846,2062,784
162,성북구,장위9,"장위동 238-83
",장위로33길24-4,공공,재촉,주택정비형 재개발,조합설립,1063,2023-12-28,2023-12-28,,2024-01-10,,,,,,,,,2230,1467,763
163,성북구,종암8,종암동 3-10번지 일대,월곡로6길 5-10,민간,일반,주택정비형 재개발,추진위,397,2025-05-29,,2025-12-10,,,,,,,,,,694,592,102
164,성북구,종암9,종암동 125-35번지 일대,종암로19라길 14,민간,일반,주택정비형 재개발,추진위,684,2025-08-21,,2025-11-28,,,,,,,,,,854,721,133
165,성북구,하월곡1,하월곡동 70-1,오패산로17길 21-19,민간,일반,주택정비형 재개발,추진위,467,2025-05-01,,2025-11-17,,,,,,,,,,1990,1587,403
166,강북구,미아2,미아동 403,솔샘로60길 15,민간,재촉,주택정비형 재개발,조합설립,3563,2010-03-18,2020-08-27,2004-09-06,2016-05-31,,,,,,,,,4003,3293,710
167,강북구,미아3(재촉),미아동 439,숭인로7나길 33-14,민간,재촉,주택정비형 재개발,관리처분,971,2010-03-18,2023-01-05,2010-05-19,2015-01-13,2019-06-11,2021-07-23,2023-01-26,2024-06-03,,2024-11-19,일부 주민 이주중(이주율98%),,1051,893,158
168,강북구,미아4,미아동 1261,삼양로20길 40-15,민간,재촉,단독주택 재건축,관리처분,528,2010-03-18,2025-02-20,2006-04-27,2016-02-12,2019-09-10,2021-03-12,2025-09-29,2023-11-30,,2024-05-27,일부 주민 이주중(98%이주완료),,493,483,10
169,강북구,강북5,미아동 61-79,도봉로13가길 9-13 일대,공공,재촉,도시정비형 재개발,조합설립,120,2014-03-06,2015-06-11,,2021-11-19,,,,,,,,,688,390,298
170,강북구,강북3,"미아동 45-32번지 일대
",도봉로4길 32,민간,재촉,도시정비형 재개발,사업시행,325,2023-04-27,2023-04-27,,2023-06-16,2024-03-04,2024-10-25,,,,,,,920,681,239
171,강북구,미아11,미아동 791-108,삼양로74나길 5,민간,일반,주택정비형 재개발,건축심의,510,2010-12-30,2025-09-05,2006-07-12,2022-05-16,2023-06-30,,,,,,,,653,544,109
172,강북구,미아4-1,미아동 8-373,"월계로21길 49
",민간,일반,단독주택 재건축,조합설립,576,2009-08-06,2024-12-05,2006-04-27,2020-04-20,,,,,,,,,1015,937,78
173,강북구,미아9-2,미아동 137-72,도봉로22길 9,민간,일반,단독주택 재건축,사업시행,1793,2009-07-30,2023-06-02,2006-04-27,2020-04-06,2021-09-14,2023-08-30,,,,,,,1758,1758,0
174,강북구,번동441-3번지일대,"번동 441-3
","
도봉로78길 75",민간,일반,주택정비형 재개발,구역지정,547,2025-08-28,,,,,,,,,,,,903,728,175
175,도봉구,도봉2,도봉동 95,마들로 710 일대,민간,일반,주택정비형 재개발,착공,207,2007-02-08,2018-11-26,2004-12-09,2007-04-02,2007-04-12,2007-08-30,2019-10-10,2021-03-10,2021-11-16,,,2023-09-01,299,239,60
176,도봉구,방학3구역,방학동 685 일대,방학로2가길25,민간,일반,주택정비형 재개발,구역지정,384,2025-05-22,,,,,,,,,,,,1650,1351,299
177,도봉구,방학신동아1단지아파트,방학동 272,방학로 193,민간,일반,공동주택 재건축,구역지정,3169,2025-10-02,,,,,,,,,,,,4099,3819,280
178,도봉구,삼환도봉아파트,도봉동 87,도봉로180길 6-119,민간,일반,공동주택 재건축,구역지정,680,2025-08-14,,,,,,,,,,,,993,838,155
179,도봉구,쌍문3,쌍문동 724,노해로38길 15,민간,일반,주택정비형 재개발,조합설립,194,2024-02-22,,,2025-09-26,,,,,,,,,320,253,67
180,도봉구,쌍문한양1차아파트,쌍문동 388-33,우이천로 304,민간,일반,공동주택 재건축,조합설립,863,2025-04-17,,2025-06-25,2025-12-30,,,,,,,,,1158,1084,74
181,도봉구,창동상아1차아파트,창동 299,해등로 118,민간,일반,공동주택 재건축,조합설립,720,2025-04-17,,,2025-10-30,,,,,,,,,962,832,130
182,노원구,상계1,상계동 5-16,덕릉로131길60,민간,재촉,주택정비형 재개발,관리처분,1082,2008-09-11,2019-06-27,2008-12-29,2013-08-23,2020-01-06,2020-10-19,2021-03-09,2025-12-23,,,,,1388,1098,290
183,노원구,상계2,상계동 111-206,"상계로35가길27
",민간,재촉,주택정비형 재개발,사업시행,1854,2008-09-11,2018-10-26,2009-08-24,2010-05-07,2020-04-14,2021-09-01,2023-07-17,,,,,,2200,1685,515
184,노원구,상계5,상계동 109-43,덕릉로115나길 25,민간,재촉,주택정비형 재개발,건축심의,1174,2008-09-11,2023-07-13,2008-11-18,2009-06-23,2025-12-18,,,,,,,,2042,1693,349
185,노원구,월계동(재해관리구역),월계동 487-17,"석계로9길 21, 2층",민간,일반,단독주택 재건축,착공,361,2006-03-16,2022-02-10,2006-04-04,2006-06-12,2019-12-03,2006-09-11,2023-05-11,2007-08-08,2021-07-08,,,2025-12-23,355,355,0
186,노원구,월계동신아파트,월계동 436,"석계로5길11, 5층",민간,일반,공동주택 재건축,관리처분,864,2009-09-24,2020-09-03,2006-12-04,2017-08-10,2020-02-11,2021-06-14,2021-06-14,2023-09-06,2023-09-06,,,,1060,1060,0
187,노원구,상계주공5단지,상계동 721,동일로 216길 47,민간,일반,공동주택 재건축,사업시행,840,2021-03-25,2024-08-29,,2021-05-13,2023-08-29,2024-08-29,2025-12-01,,,,,,996,941,55
188,노원구,상계3,상계동 71-183,덕릉로126라길 8,공공,재촉,주택정비형 재개발,조합설립,2192,2024-10-24,2024-10-24,,2025-10-30,,,,,,,,,2550,2001,549
189,노원구,상계5동일대,상계동154-3,,민간,일반,주택정비형 재개발,구역지정,4110,2025-04-17,2025-04-17,,,,,,,,,,,4591,3727,864
190,노원구,중계본동(백사마을),중계본동 30-3,중계로2길 2,민간,일반,주택정비형 재개발,관리처분,1154,2009-05-28,2019-10-10,,2017-07-06,2020-04-14,2021-03-04,,2024-03-18,,2024-04-11,2025-12-01,,3178,2613,565
191,은평구,불광1,불광동 19-3,불광로 146,민간,일반,단독주택 재건축,사업시행,302,2012-09-27,2024-05-23,2006-09-04,2020-08-27,2023-12-21,2024-12-26,,,,,,,499,499,0
192,은평구,불광5,불광동 238,불광로9길,민간,일반,주택정비형 재개발,관리처분,1861,2008-12-18,2020-03-26,2005-02-05,2010-11-19,2019-12-24,2021-09-23,2021-09-23,2024-11-28,,2025-09-05,2026-03-04,,2387,2013,374
193,은평구,갈현1,갈현동 300,갈현로41가길 36(갈현동),민간,일반,주택정비형 재개발,착공,3328,2011-09-29,2019-11-14,2005-02-04,2015-10-30,2017-09-19,2019-01-31,2020-09-10,2022-05-06,,,,2025-11-28,4116,3496,620
194,은평구,대조1,"대조동 88,89",역말로10길 1-17,민간,일반,주택정비형 재개발,착공,1342,2009-05-07,2024-11-07,2005-04-27,2011-12-01,2019-06-19,2017-01-26,2020-10-21,2019-05-23,2023-05-11,,,2022-09-21,2451,2083,368
195,은평구,수색8,수색동 16-2,-,민간,재촉,주택정비형 재개발,관리처분,387,2008-05-22,2017-01-26,2008-08-29,2009-05-27,2018-04-01,2018-07-20,2021-07-29,2023-01-26,2022-05-23,2023-10-20,2024-09-28,,578,479,99
196,은평구,증산5,증산동 195,-,민간,재촉,주택정비형 재개발,관리처분,1559,2010-12-09,2024-04-04,2011-10-07,2012-03-20,2013-02-01,2013-06-13,2023-01-12,2023-09-11,,2024-06-01,2025-12-31,,1694,1402,292
197,은평구,독바위역세권,불광동 227-7,불광로13가길 12,민간,일반,도시정비형 재개발,건축심의,723,2019-07-25,2023-09-14,,,2024-12-23,,,,,,,,1457,1055,402
198,은평구,불광8,불광동 600,불광로2길 6-2,민간,일반,주택정비형 재개발,구역지정,216,2024-10-17,2024-10-17,,,,,,,,,,,321,260,61
199,은평구,수색1,"수색동 366-11
",,민간,재촉,도시정비형 재개발,조합설립,51,2008-05-22,2008-05-22,2008-09-04,2010-07-01,,,,,,,,,0,0,0
200,은평구,수색12,수색동 369-3,,민간,재촉,도시정비형 재개발,구역지정,31,2008-05-22,2008-05-22,,,,,,,,,,,0,0,0
201,은평구,수색3,수색동 106-1,,민간,재촉,도시정비형 재개발,구역지정,5,2008-05-22,2008-05-22,,,,,,,,,,,0,0,0
202,은평구,수색5,수색동 102-20,,민간,재촉,도시정비형 재개발,구역지정,2,2008-05-22,2008-05-22,,,,,,,,,,,0,0,0
203,은평구,신사동200번지일대,신사동 200번지 일대,,민간,일반,주택정비형 재개발,구역지정,1148,2025-10-23,,,,,,,,,,,,1536,1327,209
204,은평구,신사동237번지일대,신사동 237번지 일대,,민간,일반,주택정비형 재개발,조합설립,1191,2025-10-23,,,2025-12-18,,,,,,,,,1360,1167,193
205,은평구,역촌역세권(대조동),대조동 59-1,진흥로11길 8-23,민간,일반,도시정비형 재개발,조합설립,585,2024-07-25,2024-07-25,2025-03-24,2025-11-17,,,,,,,,,1302,725,577
206,은평구,연신내,"불광동 305-3일대
",통일로 834,민간,일반,도시정비형 재개발,착공,25,2011-04-29,2021-04-08,,,2021-07-27,2022-04-07,2023-01-19,2023-04-17,,,,2023-05-04,77,0,77
207,은평구,응암동700번지일대,응암동 700번지 일대,,민간,일반,주택정비형 재개발,추진위,885,2025-08-14,,2025-12-24,,,,,,,,,,0,0,0
208,은평구,응암동755번지,응암동 755번지 일대,,민간,일반,주택정비형 재개발,구역지정,996,2025-08-14,,,,,,,,,,,,0,0,0
209,서대문구,마포로4-1,북아현동 876,신촌로 37길 56,민간,일반,도시정비형 재개발,구역지정,22,1979-09-21,2025-08-07,,,,,,,,,,,105,89,16
210,서대문구,신촌서대문2-2,창천동 18-42,신촌로 105-5,민간,일반,도시정비형 재개발,착공,0,2014-08-21,2014-08-21,,,2021-08-21,2022-08-18,2025-09-10,2025-10-01,,,,2025-11-04,0,0,0
211,서대문구,마포로5-2,충정로3가 250-70,충정로 30,민간,일반,도시정비형 재개발,조합설립,78,1979-09-21,2023-11-02,2008-04-30,2024-07-31,,,,,,,,,192,192,0
212,서대문구,가재울7,북가좌동 80,"거북골로14길 91
",민간,재촉,주택정비형 재개발,조합설립,1352,2012-06-07,2004-12-27,2007-05-02,2022-08-09,,,,,,,,,1435,1236,199
213,서대문구,가재울9,남가좌동 295-5,수색로 42 일대,민간,재촉,도시정비형 재개발,조합설립,118,2021-05-06,2021-05-06,,2021-05-12,,,,,,,,,239,166,73
214,서대문구,북아현2,북아현동 520,북아현 520번지 일대,민간,재촉,주택정비형 재개발,사업시행,3735,2008-02-05,2008-02-05,2008-02-29,2009-03-27,2020-11-10,2009-12-08,2022-03-17,,,,,,2320,1919,401
215,서대문구,북아현3,북아현동 3-66,북아현동 3-66 일대,민간,재촉,주택정비형 재개발,사업시행,3530,2008-02-05,2008-02-05,2008-03-17,2008-09-26,2023-07-11,2011-09-01,,,,,,,4739,3927,812
216,서대문구,홍제2,홍제동 326-5,통일로 479 일대,민간,재촉,도시정비형 재개발,조합설립,83,2005-12-30,2014-12-18,2006-12-01,2015-05-14,,,,,,,,,124,106,18
217,서대문구,영천,영천동 69-20,영천시장길 14,민간,일반,주택정비형 재개발,착공,139,2006-02-23,2006-02-01,2006-09-01,2008-03-27,2021-11-01,2011-04-25,2025-01-20,2020-02-01,2025-04-18,,,2022-11-30,199,199,0
218,서대문구,북가좌6,북가좌동 372-1,수색로8길 37,민간,일반,단독주택 재건축,건축심의,1611,2014-05-29,2024-06-20,2006-11-14,2020-02-13,2025-11-13,,,,,,,,1953,1710,243
219,서대문구,연희1,연희동 533-5,-,민간,일반,주택정비형 재개발,착공,722,2007-06-21,2025-02-05,2004-09-06,2008-03-25,2024-10-31,2010-12-28,2025-04-09,2019-05-17,2024-04-03,,,2025-10-24,959,817,142
220,서대문구,홍은5,홍은동 277-45,모래내로 347-10,민간,일반,단독주택 재건축,건축심의,377,2009-05-21,2025-06-25,2008-01-15,2010-06-04,2025-10-24,,,,,,,,602,578,24
221,서대문구,홍제3,홍제동 104-41,통일로 32길 36,민간,일반,단독주택 재건축,관리처분,492,2010-10-14,2025-04-23,2007-07-12,2011-11-13,2022-10-22,2019-02-20,,2022-07-15,,2024-09-25,2025-12-28,,620,566,54
222,서대문구,북아현4,북아현동 227-10,북아현동 227-10 일대,민간,재촉,도시정비형 재개발,구역지정,145,2025-07-31,,,,,,,,,,,,359,227,132
223,서대문구,연희2,연희동 721-6,홍연8길 7,공공,일반,주택정비형 재개발,조합설립,789,2023-12-14,2023-12-14,,2024-03-13,,,,,,,,,1067,844,223
224,서대문구,충정로1,충정로3가281-11,충정로4길 5-18,공공,일반,주택정비형 재개발,조합설립,80,2024-12-19,2024-12-19,,2025-03-26,,,,,,,,,297,196,101
225,서대문구,충현2구역,냉천동 171-1,"통일로 139-1
",민간,일반,도시정비형 재개발,구역지정,11,2024-08-16,2024-08-16,,,,,,,,,,,0,0,0
226,서대문구,홍은1(재촉),홍은동 48-163,세검정로1길 11,공공,재촉,도시정비형 재개발,조합설립,157,2023-12-07,2023-12-07,,2024-01-31,,,,,,,,,329,219,110
227,서대문구,홍은15,홍은동 8-400,"포방터2가길 20-4
",민간,일반,주택정비형 재개발,구역지정,1360,2025-04-17,2025-04-17,,,,,,,,,,,1834,1533,301
228,서대문구,홍제3(재촉),홍제동 306-2,통일로 445,민간,재촉,도시정비형 재개발,추진위,0,,,2006-09-22,,,,,,,,,,0,0,0
229,서대문구,홍제동267-1,홍제동 267-1,세무서10길 27-1,민간,일반,주택정비형 재개발,추진위,127,2025-12-26,2025-12-26,2025-12-19,,,,,,,,,,877,692,185
230,서대문구,홍제역역세권활성화사업,"홍제동 298-9
",인왕시장길 16,공공,일반,도시정비형 재개발,조합설립,375,2025-07-03,,,2025-09-03,,,,,,,,,1121,980,141
231,마포구,신촌지역(마포)4-10,노고산동 109-62,백범로4길 14,민간,일반,도시정비형 재개발,관리처분,178,2014-08-28,2024-07-04,,,2024-03-04,2024-09-12,,2025-03-27,,,,,295,246,49
232,마포구,신촌지역(마포)4-12,노고산동 106-46,서강로20길 24,민간,일반,도시정비형 재개발,관리처분,7,2014-08-28,2023-10-19,,,2024-02-13,2025-02-13,,2025-09-25,,,,,218,161,57
233,마포구,신촌지역(마포)4-1,"노고산동 107-2
",서강로 144,민간,일반,도시정비형 재개발,관리처분,0,2014-08-28,2023-10-19,,,2023-12-12,2025-02-13,,2025-12-11,,,,,133,107,26
234,마포구,신촌지역(마포)3-3,노고산동 31-77,"백범로1길 8
",민간,일반,도시정비형 재개발,관리처분,29,2014-08-28,2020-12-17,,,2021-10-12,2022-02-17,,2022-09-01,,2019-07-17,2022-10-31,,288,237,51
235,마포구,신촌지역(마포)4-5,"노고산동 109-125
",,민간,일반,도시정비형 재개발,구역지정,0,2014-08-28,2014-08-28,,,,,,,,,,,40,22,18
236,마포구,신촌지역(마포)2-7,"노고산동 57-20
",신촌로18길 9,민간,일반,도시정비형 재개발,관리처분,1,2014-08-28,2022-09-08,,,2023-04-11,2023-11-23,2023-11-23,2024-09-05,2024-09-05,,,,189,140,49
237,마포구,신촌지역(마포)4-9,노고산동 106-9,백범로2길 15,민간,일반,도시정비형 재개발,관리처분,13,2014-08-28,2022-10-20,,,2023-04-25,2024-01-25,2025-05-15,2025-11-13,2025-11-13,,,,286,210,76
238,마포구,공덕1,공덕동 105-84,마포대로16길 20,민간,일반,단독주택 재건축,착공,701,2011-06-30,2020-10-22,2006-08-07,2014-03-28,2015-11-10,2017-07-23,2025-03-11,2018-04-19,2023-07-31,,,2023-10-23,1101,1036,65
239,마포구,성산시영아파트,성산동 446,월드컵북로 235,민간,일반,공동주택 재건축,조합설립,3710,2023-12-28,2023-12-28,2025-03-14,2025-12-22,,,,,,,,,4823,4307,516
240,마포구,마포로1-10,도화동 536,토정로37길 46,민간,일반,도시정비형 재개발,사업시행,90,1979-09-21,2022-03-03,2019-10-22,2020-06-04,2023-01-16,2025-04-05,,,,,,,231,185,46
241,마포구,마포로3-1,"아현동 617-1
",마포대로 193,민간,일반,도시정비형 재개발,착공,4,1979-09-21,2024-04-18,,,2021-08-24,2021-12-23,2024-05-20,2023-01-19,,,,2024-09-06,198,163,35
242,마포구,마포로1-34,도화동 169-1,마포대로 58,민간,일반,도시정비형 재개발,건축심의,0,1979-09-21,2022-06-16,,,2023-01-16,,,,,,,,44,0,44
243,마포구,마포로3-3,아현동 613-10,마포대로19길 8,민간,일반,도시정비형 재개발,착공,117,1979-09-21,2024-07-04,,,2008-09-18,2009-03-12,2020-06-25,2020-08-27,,,,2023-11-21,239,239,0
244,마포구,마포로1-58-2,도화동 16-1,독막로 319,민간,일반,도시정비형 재개발,관리처분,0,2004-05-15,2024-12-05,,,2021-12-09,2022-06-09,2025-08-28,2022-11-10,,,,,178,178,0
245,마포구,공덕6,공덕동 119,마포대로14길 일대,민간,일반,주택정비형 재개발,사업시행,85,2010-03-04,2019-01-03,2004-07-20,2021-03-16,2022-07-22,2024-06-20,,,,,,,166,155,11
246,마포구,공덕7,공덕동 115-97,만리재옛6길 11-1 일대,민간,일반,주택정비형 재개발,구역지정,453,2024-05-30,2024-05-30,,,,,,,,,,,703,597,106
247,마포구,공덕8,공덕동 11-24,만리재로12나길 20,민간,일반,주택정비형 재개발,구역지정,973,2024-12-05,2024-12-05,,,,,,,,,,,1564,1258,306
248,마포구,염리4,염리동 488-14,숭문16나길 11 일대,민간,일반,주택정비형 재개발,구역지정,766,2025-12-18,,,,,,,,,,,,1120,862,258
249,마포구,합정7,합정동 381-49 일대,양화로 28-10,민간,재촉,도시정비형 재개발,착공,63,2022-11-17,2022-11-17,,,2023-02-28,2023-08-10,2024-07-11,2023-12-07,,,,2024-12-30,198,165,33
250,양천구,신정1-3,양천구 신정동 606,양천구 신월로 216,민간,재촉,주택정비형 재개발,사업시행,176,2005-11-24,2011-07-07,2005-09-28,2007-03-26,2008-08-20,2009-03-18,2019-12-27,,,,,,211,175,36
251,양천구,신정3-1,양천구 신정동 1190,양천구 중앙로45길 8-32,민간,재촉,도시정비형 재개발,추진위,222,2010-08-05,2010-08-05,2010-12-02,,,,,,,,,,155,148,7
252,양천구,신정3-2,양천구 신정동 1182,양천구 중앙로43길 23,민간,재촉,도시정비형 재개발,추진위,163,2010-08-05,2010-08-05,2012-08-30,,,,,,,,,,155,146,9
253,양천구,신정4,양천구 신정동 1200,양천구 중앙로45길 27-19,민간,재촉,단독주택 재건축,관리처분,1592,2017-08-17,2022-02-17,2018-06-11,2019-08-27,2022-09-27,2024-07-25,,2025-09-25,,,,,1713,1651,62
254,양천구,목2동232번지일대,목2동 232번지 일대,양천구 목동중앙본로18가길 16,민간,일반,주택정비형 재개발,구역지정,302,2025-09-25,,,,,,,,,,,,586,495,91
255,양천구,목동10단지,양천구 신정동 311,양천구 목동서로 400,민간,일반,공동주택 재건축,조합설립,2160,2025-07-31,2025-07-31,,2025-10-23,,,,,,,,,4050,3541,509
256,양천구,목동11단지,양천구 신정동 325,양천구 목동동로 10,민간,일반,공동주택 재건축,구역지정,1595,2025-11-13,2025-11-13,,,,,,,,,,,2679,2327,352
257,양천구,목동12단지,양천구 신정동 326,양천구 목동동로 50,민간,일반,공동주택 재건축,추진위,1860,2025-03-13,2025-03-13,2025-09-11,,,,,,,,,,2810,2443,367
258,양천구,목동13단지,양천구 신정동 327,양천구 목동동로 100,민간,일반,공동주택 재건축,조합설립,2280,2025-03-13,2025-03-13,,2025-10-02,,,,,,,,,3852,3284,568
259,양천구,목동14단지,양천구 신정동 331,양천구 목동동로 130,민간,일반,공동주택 재건축,조합설립,3100,2025-03-06,2025-03-06,,2025-10-16,,,,,,,,,5123,4394,729
260,양천구,목동1단지,양천구 목동 901,양천구 목동서로 38,민간,일반,공동주택 재건축,구역지정,1882,2025-12-04,2025-12-04,,,,,,,,,,,3500,3087,413
261,양천구,목동2단지,양천구 목동 902,양천구 목동서로 70,민간,일반,공동주택 재건축,구역지정,1640,2025-12-04,2025-12-04,,,,,,,,,,,3389,2993,396
262,양천구,목동3단지,양천구 목동 903,양천구 목동서로 100,민간,일반,공동주택 재건축,추진위,1588,2025-12-04,2025-12-04,2025-12-11,,,,,,,,,,3317,2919,398
263,양천구,목동4단지,양천구 목동 904,양천구 목동서로 130,민간,일반,공동주택 재건축,추진위,1382,2025-08-07,2025-08-07,2025-11-14,,,,,,,,,,2436,2143,293
264,양천구,목동5단지,양천구 목동 912,양천구 목동동로 350,민간,일반,공동주택 재건축,조합설립,1848,2025-09-04,2025-09-04,,2025-12-04,,,,,,,,,3930,3468,462
265,양천구,목동6단지,양천구 목동 911,양천구 목동동로 430,민간,일반,공동주택 재건축,조합설립,1362,2024-08-16,2024-08-16,,2025-05-22,,,,,,,,,2173,1900,273
266,양천구,목동7단지,양천구 목동 925번지 일대,양천구 목동로 212,민간,일반,공동주택 재건축,구역지정,2550,2025-09-04,2025-09-04,,,,,,,,,,,4341,3910,431
267,양천구,목동8단지,양천구 신정동 314번지 일대,양천구 목동서로 280,민간,일반,공동주택 재건축,추진위,1352,2025-03-13,2025-03-13,2025-09-11,,,,,,,,,,1881,1588,293
268,양천구,목동9단지,"양천구 신정동 912번지
",양천구 목동서로 340,민간,일반,공동주택 재건축,조합설립,2030,2025-07-31,2025-07-31,,2025-10-30,,,,,,,,,3957,3337,620
269,양천구,수정아파트,신정동 733-31,양천구 신정로13길 35,민간,일반,공동주택 재건축,관리처분,220,2020-04-23,2021-12-30,,2021-01-18,2023-02-28,2023-12-18,2023-12-18,2024-12-31,,,,,276,248,28
270,양천구,신월7동1,신월7동 913번지 일대,양천구 지양로 96,민간,일반,주택정비형 재개발,조합설립,2085,2025-01-23,,,2025-06-05,,,,,,,,,2890,2309,581
271,양천구,신월7동2,신월7동 941번지 일대,양천구 지양로7길 14,공공,일반,주택정비형 재개발,조합설립,1549,2024-03-28,,,2024-06-25,,,,,,,,,2228,1684,544
272,양천구,신월시영,양천구 신월동 987-1,양천구 신월로 99,민간,일반,공동주택 재건축,조합설립,2256,2025-08-07,,,2025-11-06,,,,,,,,,3149,2953,196
273,양천구,신정동1152번지일대,신정동 1152 일대,양천구 중앙로25길 17,민간,일반,주택정비형 재개발,조합설립,411,2023-09-07,2023-09-07,,2024-06-18,,,,,,,,,956,703,253
274,강서구,방화6,방화동 608-97,방화대로25길 13,민간,재촉,단독주택 재건축,착공,402,2010-03-25,2021-02-04,2010-09-07,2017-04-03,2017-06-29,2018-11-05,2022-05-25,2021-08-04,,,,2025-09-08,557,537,20
275,강서구,방화3,방화동 615-103,개화동로25길 39,민간,재촉,단독주택 재건축,사업시행,1413,2012-07-26,2025-07-24,2014-05-29,2019-08-08,2023-06-13,2024-08-07,,,,,,,1476,1420,56
276,강서구,방화5,공항동 18,방화대로21길 70,민간,재촉,단독주택 재건축,관리처분,1822,2017-08-17,2021-07-22,2018-04-26,2019-07-17,2020-12-22,2022-04-20,,2024-09-11,,2024-12-24,2025-06-23,,1657,1596,61
277,강서구,신안빌라,마곡동 327-53,방화대로34길 120,민간,일반,공동주택 재건축,건축심의,234,2012-08-09,2025-10-10,2023-02-06,2023-07-05,2025-04-24,,,,,,,,365,358,7
278,강서구,등촌1,등촌동 366-24,등촌로51마길 18,민간,일반,단독주택 재건축,착공,441,2008-10-23,2020-11-11,2006-08-03,2009-11-26,2021-03-16,2013-01-09,2024-05-27,2018-05-02,2024-10-02,,,2023-08-25,543,517,26
279,강서구,방화2,방화동 589-13,"초원로 38-14
",민간,재촉,주택정비형 재개발,조합설립,672,2024-03-21,2025-11-27,,2024-08-16,,,,,,,,,740,643,97
280,구로구,개봉3,고척동 311-14,-,민간,일반,단독주택 재건축,조합설립,1362,2010-05-13,2023-12-28,2006-04-27,2019-08-02,,,,,,,,,2177,1880,297
281,구로구,고척4,고척동 148,"-

",민간,일반,주택정비형 재개발,착공,359,2014-03-13,2023-07-24,,,2018-02-01,2018-12-20,2025-03-17,2021-06-10,2024-08-26,,,2025-05-01,983,835,148
282,구로구,"대흥,성원,동진빌라",온수동 45-32,경인로 5(온수동),민간,일반,공동주택 재건축,사업시행,741,2014-06-01,2025-01-23,2008-09-10,2016-02-17,2017-08-29,2018-11-15,2018-11-15,,,,,,1455,1373,82
283,구로구,오류동현대연립,오류동 156-15,오류로 62-15(오류동),민간,일반,공동주택 재건축,관리처분,240,2015-07-30,2019-11-28,2016-05-25,2018-04-11,2020-06-17,2021-05-06,2024-09-12,2023-07-26,,2024-07-01,2024-11-30,,447,408,39
284,구로구,보광아파트,구로동 440,가마산로 231(구로동),민간,일반,공동주택 재건축,사업시행,340,2016-03-31,2024-06-13,2017-05-02,2020-04-28,2021-08-31,2023-03-10,2025-03-13,,,,,,675,675,0
285,구로구,고척동산업인아파트,고척동 57-9,경인로47다길 43(고척동),민간,일반,공동주택 재건축,사업시행,342,2016-11-10,2022-02-22,2018-11-20,2021-05-12,2023-05-30,2024-06-05,2024-06-13,,,,,,367,367,0
286,구로구,길훈아파트,개봉동 312-38,개봉로3가길 88-41(개봉동),민간,일반,공동주택 재건축,착공,205,2011-06-30,2011-06-30,2009-11-24,2010-06-21,2015-06-18,2016-05-13,2016-05-13,2017-12-28,2024-10-31,,,2022-12-09,295,295,0
287,구로구,가리봉1구역,가리봉동 115번지 일대,우마2가길 28,민간,일반,주택정비형 재개발,추진위,1369,2025-04-17,,2025-10-01,,,,,,,,,,2259,1650,609
288,구로구,가리봉2구역,"가리봉 87-177
","구로동로5길 23-21
",민간,일반,주택정비형 재개발,추진위,610,2025-03-13,,2025-10-01,,,,,,,,,,1214,931,283
289,구로구,고척동253번지일대,고척동 253번지 일대,고척로41가길 21,민간,일반,주택정비형 재개발,추진위,1738,2025-04-24,,2025-11-06,,,,,,,,,,1469,1243,226
290,구로구,구로우성아파트,"구로동 23
",공원로6가길 67,민간,일반,공동주택 재건축,구역지정,344,2025-03-26,2025-03-26,,,,,,,,,,,522,453,69
291,구로구,남구로역세권공공임대주택도시정비형재개발정비구역,구로동 715-24번지 일대,구로동로11길 10 일대,민간,일반,도시정비형 재개발,사업시행,153,2020-02-27,,,,2022-12-22,2024-02-16,2024-08-28,,,,,,299,214,85
292,구로구,서울가든빌라,오류동 97-4,,민간,일반,공동주택 재건축,구역지정,339,2024-03-07,2024-03-07,,,,,,,,,,,653,582,71
293,구로구,신도림동293번지일대,신도림동 293,구로중앙로42길,민간,일반,도시정비형 재개발,구역지정,1384,2012-10-25,2012-10-25,,,,,,,,,,,2722,2219,503
294,구로구,우신빌라,궁동 213-21,,민간,일반,공동주택 재건축,구역지정,762,2023-12-28,2023-12-28,,,,,,,,,,,1127,1063,64
295,구로구,한효아파트,"고척동 52-332
",,민간,일반,공동주택 재건축,구역지정,290,2023-01-05,2023-01-05,,,,,,,,,,,440,407,33
296,금천구,시흥무지개아파트,시흥동 109-1 ,시흥대로73길 11,민간,일반,공동주택 재건축,사업시행,662,2017-02-16,,,2018-03-15,2020-05-12,2021-06-30,,,,,,,993,865,128
297,금천구,시흥동현대아파트,시흥동 220-2,탑골로3길 50,민간,일반,공동주택 재건축,착공,140,2019-12-31,2020-11-02,,2020-05-04,2020-11-25,2022-02-28,2024-07-23,2023-01-06,2024-04-11,,,2024-09-13,219,219,0
298,금천구,독산시흥,시흥1동 871번지일대,시흥대로74길 20일대,민간,일반,주택정비형 재개발,조합설립,920,2025-01-16,,,2025-08-21,,,,,,,,,2072,1730,342
299,금천구,시흥1,시흥동 810,독산로 32길일대,민간,일반,주택정비형 재개발,구역지정,608,2024-07-11,,,,,,,,,,,,1170,945,225
300,영등포구,신길10,신길동 3590,신길로 108,민간,재촉,공동주택 재건축,관리처분,595,2007-11-29,2007-11-29,2004-02-25,2018-01-18,2019-10-08,2021-05-31,,2022-11-10,,2023-03-01,2024-05-30,,812,733,79
301,영등포구,여의도광장아파트28번지,여의도동 28,여의나루로 7,민간,일반,아파트지구 재건축,조합설립,576,2006-01-12,,2009-07-27,2019-06-05,,,,,,,,,1391,1159,232
302,영등포구,여의도광장아파트38-1번지,여의도동 38-1,여의나루로 12,민간,일반,아파트지구 재건축,조합설립,168,2006-01-12,,2023-01-19,2024-08-06,,,,,,,,,0,0,0
303,영등포구,여의도대교아파트,여의도동 41,국제금융로7길 20,민간,일반,아파트지구 재건축,사업시행,576,2024-09-26,,2023-02-28,2024-02-06,2025-02-27,2025-08-28,,,,,,,0,0,0
304,영등포구,여의도목화아파트,여의도동 30,여의나루로 126,민간,일반,아파트지구 재건축,조합설립,312,2006-01-12,,2009-03-16,2022-09-29,,,,,,,,,0,0,0
305,영등포구,여의도미성아파트,"여의도동 37,37-1",의사당대로 108,민간,일반,아파트지구 재건축,추진위,577,2006-01-12,,2009-09-16,,,,,,,,,,0,0,0
306,영등포구,여의도삼부아파트,"여의도동 30-2,3",국제금융로7길 27,민간,일반,아파트지구 재건축,추진위,866,2006-01-12,,2020-08-04,,,,,,,,,,0,0,0
307,영등포구,여의도삼익아파트,여의도동 51,국제금융로 109,민간,일반,아파트지구 재건축,조합설립,360,,,,2023-11-02,,,,,,,,,0,0,0
308,영등포구,여의도시범아파트,여의도동 50,63로 45,민간,일반,아파트지구 재건축,건축심의,1584,2025-02-13,,2008-05-14,2017-07-01,2025-11-13,,,,,,,,2473,2130,343
309,영등포구,여의도은하아파트,여의도동 52,63로 7,민간,일반,아파트지구 재건축,조합설립,360,,,,2023-11-30,,,,,,,,,0,0,0
310,영등포구,여의도한양아파트,여의도동 42,국제금융로 79,민간,일반,아파트지구 재건축,사업시행,588,2024-03-21,,,2022-08-04,2024-12-23,2025-10-31,,,,,,,992,814,178
311,영등포구,영등포1-11,영등포동5가 30,영중로20길 2,민간,재촉,도시정비형 재개발,사업시행,560,2005-12-22,2005-12-22,2010-02-17,2020-11-26,2024-04-30,2025-05-14,,,,,,,818,647,171
312,영등포구,영등포1-12,영등포동5가 22-3,영중로14길 9-3,민간,재촉,도시정비형 재개발,조합설립,296,2005-12-22,2005-12-22,2018-06-14,2019-11-19,,,,,,,,,1182,947,235
313,영등포구,영등포1-13,영등포동5가 32-8,영중로22길 23,민간,재촉,도시정비형 재개발,착공,588,2005-12-22,2005-12-22,2008-06-13,2010-04-28,2018-06-12,2019-12-30,2023-10-19,2021-07-12,,,,2025-05-13,659,398,261
314,영등포구,영등포1-2,영등포동7가 76-5,영중로 94,민간,재촉,도시정비형 재개발,사업시행,2,2005-12-22,2005-12-22,2008-02-05,2008-04-08,2021-04-15,2024-06-07,,,,,,,218,149,69
315,영등포구,문래동국화아파트,문래동3가 76-1,도림로 462,민간,일반,공동주택 재건축,조합설립,270,2020-12-03,2020-12-03,2022-01-19,2024-11-28,,,,,,,,,354,324,30
316,영등포구,문래동남성아파트,문래동2가 35,경인로77길 19,민간,일반,공동주택 재건축,사업시행,390,2013-09-05,2013-09-05,2009-08-26,2017-08-26,2020-10-13,2021-07-23,,,,,,,488,436,52
317,영등포구,문래동진주아파트,문래동5가 22,선유로9길 31,민간,일반,공동주택 재건축,관리처분,160,2015-11-19,2015-11-19,,2017-12-21,2020-09-15,2021-05-20,,2023-08-17,,2024-08-26,2025-01-27,,324,284,40
318,영등포구,신길동삼성아파트,신길동 4759,여의대방로 45,민간,일반,공동주택 재건축,건축심의,384,2015-08-13,2015-08-13,2016-06-11,2018-01-26,2020-09-15,,,,,,,,562,468,94
319,영등포구,신길동우성2차·우창아파트,신길동 4501,여의대방로5길 2,민간,일반,공동주택 재건축,사업시행,939,2020-07-02,2020-07-02,,2020-09-24,2023-07-25,2024-11-14,,,,,,,1212,1104,108
320,영등포구,양평13,"양평동2가 33-20
",선유서로25길 6-5,공공,일반,도시정비형 재개발,사업시행,389,2009-09-24,2023-12-28,2008-08-29,2010-04-12,2025-02-27,2010-12-02,2025-12-18,,,,,,557,353,204
321,영등포구,양평동신동아아파트,양평동1가 20,선유서로 76,민간,일반,공동주택 재건축,조합설립,495,2011-06-30,2011-06-30,2009-04-24,2020-12-08,,,,,,,,,563,507,56
322,영등포구,여의도공작아파트,여의도동 21-2,"여의대로6길 17
",민간,일반,공동주택 재건축,조합설립,373,2022-11-17,2022-11-17,,2023-02-23,,,,,,,,,581,501,80
323,영등포구,여의도수정아파트,여의도동 32,"국제금융로7길 1
",민간,일반,공동주택 재건축,구역지정,329,2025-05-22,,,,,,,,,,,,498,437,61
324,영등포구,여의도진주아파트,"여의도동 54-4
",국제금융로 108-6,민간,일반,공동주택 재건축,추진위,376,2025-04-03,,2025-06-02,,,,,,,,,,578,490,88
325,영등포구,유원제일1차아파트,당산동4가 91,국회대로29길 13,민간,일반,공동주택 재건축,착공,360,2014-07-10,2014-07-10,2009-09-03,2017-11-24,2019-03-12,2019-12-30,2024-01-15,2022-04-13,2025-01-20,,,2024-08-05,550,479,71
326,영등포구,유원제일2차아파트,당산동5가 7-2,선유동2로 46,민간,일반,공동주택 재건축,사업시행,410,2015-07-30,2015-07-30,2016-06-10,2018-08-20,2023-08-26,2025-03-13,,,,,,,703,628,75
327,영등포구,당산1구역,당산동6가 104,당산로52길 23,민간,일반,주택정비형 재개발,추진위,764,2025-04-10,2025-04-10,2025-12-10,,,,,,,,,,737,518,219
328,영등포구,신길제2구역,신길동 190,신길로58길 1-3,민간,일반,주택정비형 재개발,사업시행,2790,2009-08-20,2024-09-26,2007-08-24,2020-03-04,2024-03-04,2025-09-12,,,,,,,2550,1901,649
329,영등포구,양평12,"양평동1가 243-1
",-,민간,일반,도시정비형 재개발,착공,387,2009-09-24,2017-01-05,2008-09-29,2009-12-23,2017-07-24,2018-04-19,,2019-12-26,2022-10-18,,,2023-01-09,707,539,168
330,영등포구,영등포도심역세권도시정비형재개발구역,영등포동4가 431-6번지 일대,영중로3길 7,민간,일반,도시정비형 재개발,조합설립,165,2021-06-10,2021-06-10,2022-08-09,2023-07-28,,,,,,,,,999,804,195
331,영등포구,대선제분일대1구역1지구,문래동 3가 16-32,문래로30길 5,민간,일반,도시정비형 재개발,사업시행,0,2020-11-26,2020-11-26,,2021-03-11,2021-05-13,2022-03-04,,,,,,,141,125,16
332,영등포구,문래동4가,문래동4가 23-6번지,도림로141다길 20,민간,일반,도시정비형 재개발,조합설립,284,2013-07-11,2013-07-11,2019-05-28,2023-04-04,,,,,,,,,1114,915,199
333,영등포구,대림1구역,"대림동 855-1
",디지털로69나길 7,민간,일반,주택정비형 재개발,추진위,213,2025-03-27,,2025-11-13,,,,,,,,,,1026,868,158
334,영등포구,대선제분1구역5지구,"문래동3가 8-2
",영신로23길 17,민간,일반,도시정비형 재개발,사업시행,0,2020-11-26,2024-08-29,,,2024-12-23,2025-06-19,,,,,,,0,0,0
335,영등포구,"문래동1가A8,11지구",문래동1가 55,경인로80길 3,민간,일반,도시정비형 재개발,구역지정,0,2013-07-11,2025-03-13,,,,,,,,,,,0,0,0
336,영등포구,문래동1가A-5,문래동1가 74,"경인로76길 6
",민간,일반,도시정비형 재개발,관리처분,0,2013-07-11,2022-08-08,,2023-02-07,2022-09-22,2023-02-27,2025-07-11,2023-06-01,,,,,0,0,0
337,영등포구,문래동2가A-4,문래동2가26,"경인로 719
",민간,일반,도시정비형 재개발,구역지정,0,2013-07-11,2023-05-25,,,,,,,,,,,0,0,0
338,영등포구,신길1,신길동 147-80,도신로56길 29-5,공공,재촉,주택정비형 재개발,조합설립,909,2007-11-29,2024-12-26,,2025-05-01,,,,,,,,,1483,1042,441
339,영등포구,신길13,"신길동 340-1
","신길로23길 20
",공공,재촉,공동주택 재건축,사업시행,167,2007-11-29,2007-11-29,2020-03-19,2021-03-11,2024-10-11,2025-11-24,,,,,,,586,399,187
340,영등포구,신길역세권,신길동 39-3,"서울 영등포구 영등포로62라길 2
",민간,일반,도시정비형 재개발,건축심의,581,2018-06-28,2024-05-16,2019-05-27,2021-07-05,2024-02-07,,,,,,,,999,599,400
341,영등포구,양평14,양평동2가 29-6,선유서로 89,공공,일반,도시정비형 재개발,추진위,118,2013-11-07,2013-11-07,2018-07-31,,,,,,,,,,297,247,50
342,동작구,노량진3,노량진동 232-19,장승배기로24길 6,민간,재촉,주택정비형 재개발,사업시행,1038,2009-12-10,,2004-12-10,2017-12-29,2018-11-13,2021-02-26,2025-06-24,,,,,,1250,1035,215
343,동작구,노량진1,노량진동 278-2,노량진로10가길 30-9,민간,재촉,주택정비형 재개발,사업시행,3897,2009-12-10,2025-05-08,2011-07-29,2017-11-10,2021-06-08,2023-03-07,2023-03-07,,,,,,2992,2461,531
344,동작구,노량진6,노량진동 294-220,등용로4길 78,민간,재촉,주택정비형 재개발,착공,886,2009-12-10,2023-10-12,2010-03-25,2011-03-17,2017-10-24,2014-09-01,2025-12-24,2021-01-25,2021-01-25,,,2025-06-27,1499,1237,262
345,동작구,노량진5,노량진동 270-3,등용로4길 148,민간,재촉,주택정비형 재개발,관리처분,541,2009-12-10,,2010-02-26,2016-02-11,2019-05-28,2021-02-26,,2023-09-25,,2024-04-22,2025-03-31,,727,597,130
346,동작구,노량진2,노량진동 312-75,장승배기로15길 34,민간,재촉,주택정비형 재개발,착공,283,2009-12-10,2023-01-26,2010-02-04,2010-06-24,2024-01-09,2014-08-08,2025-05-01,2021-03-08,2021-03-08,,,2025-11-14,404,299,105
347,동작구,노량진4,노량진동 227-121,장승배기로20가길 17-28,민간,재촉,주택정비형 재개발,관리처분,1168,2009-12-10,,2010-06-29,2015-04-02,2017-06-13,2018-04-30,2025-02-25,2022-12-19,,2023-12-12,2024-08-31,,835,709,126
348,동작구,노량진8,대방동 23-61,등용로 114,민간,재촉,주택정비형 재개발,착공,1099,2010-06-03,2023-05-18,2010-07-14,2011-11-14,2017-08-01,2018-09-19,2025-05-27,2021-12-29,2021-12-29,,,2025-10-30,987,815,172
349,동작구,노량진7,대방동 13-31,등용로8가길 6,민간,재촉,주택정비형 재개발,관리처분,599,2010-06-03,,2011-06-03,2013-02-07,2015-08-18,2017-06-09,2025-08-21,2024-05-07,,2024-11-01,2025-12-31,,576,478,98
350,동작구,흑석1,흑석동 43-7,-,민간,재촉,주택정비형 재개발,조합설립,493,2008-09-11,2020-01-23,2009-01-15,2022-03-31,,,,,,,,,0,0,0
351,동작구,흑석9,흑석동 90,서달로10가길 1,민간,재촉,주택정비형 재개발,착공,1906,2009-09-11,2024-06-27,2008-06-20,2013-03-28,2024-04-09,2017-11-30,2024-11-08,2019-10-23,2024-01-11,,,2025-04-04,1536,1274,262
352,동작구,흑석2,흑석동 99-3,흑석로 110,공공,재촉,도시정비형 재개발,조합설립,390,2008-09-11,2025-07-31,,2021-09-13,,,,,,,,,1012,660,352
353,동작구,흑석11,흑석동 304,현충로 144,민간,재촉,주택정비형 재개발,관리처분,1829,2012-07-26,2025-08-21,2014-07-28,2015-12-01,2020-06-23,2021-03-18,2025-08-28,2022-08-16,2023-06-14,2022-11-24,2024-01-08,,1515,1249,266
354,동작구,사당5,사당동 303,사당로16길 117,민간,일반,단독주택 재건축,사업시행,414,2017-03-02,2017-03-02,2017-11-15,2018-11-21,2022-12-21,2024-02-14,,,,,,,530,495,35
355,동작구,상도14,상도동 244,성대로17길 68,민간,일반,주택정비형 재개발,조합설립,1239,2025-04-03,,,2025-10-02,,,,,,,,,1191,1040,151
356,동작구,상도15,상도동 279,성대로10길 44,민간,일반,주택정비형 재개발,조합설립,2572,2025-04-03,,,2025-06-05,,,,,,,,,3204,2704,500
357,관악구,신림2,신림동 324-25,원신길 225 일대,민간,재촉,주택정비형 재개발,관리처분,1115,2008-04-10,2019-10-31,2008-04-24,2008-08-27,2017-08-22,2018-09-20,2021-01-04,2021-04-29,,2021-10-25,2022-12-30,,1487,1262,225
358,관악구,신림1,"신림동 808
",양지길94,민간,재촉,주택정비형 재개발,사업시행,4410,2008-04-10,2024-06-20,2016-03-24,2019-11-21,2023-02-27,2025-03-11,,,,,,,4185,3554,631
359,관악구,봉천1-1,보라매동 728-57,보라매로6길 10 일대,민간,일반,단독주택 재건축,사업시행,471,2009-11-26,2022-08-26,2007-12-17,2019-11-13,2023-07-25,2025-05-14,,,,,,,807,740,67
360,관악구,봉천4-1-3,봉천동 480,,민간,일반,주택정비형 재개발,사업시행,642,,2009-11-19,2008-07-15,2014-05-15,2023-02-14,2024-05-30,2024-05-30,,,,,,855,694,161
361,관악구,봉천14,"봉천동 4-51
",청림5가길 24,민간,일반,주택정비형 재개발,사업시행,632,2014-06-19,2024-04-18,2009-09-09,2020-09-29,2023-08-29,2025-05-30,,,,,,,1571,1311,260
362,관악구,신림미성아파트,조원동 1656,조원로2길 13 일대,민간,일반,공동주택 재건축,사업시행,286,2010-12-16,2022-09-29,2004-02-27,2010-10-27,2023-11-28,2025-03-13,2025-03-13,,,,,,490,437,53
363,관악구,미성동건영아파트,미성동 746-43,문성로 74 일대,민간,일반,공동주택 재건축,조합설립,511,2018-11-08,2022-11-24,2019-10-28,2020-12-30,,,,,,,,,601,551,50
364,관악구,뉴서울개나리열망연립,신림동 739,미성10길 64 일대,민간,일반,공동주택 재건축,사업시행,211,2019-12-16,2022-11-03,2007-06-05,2020-11-05,2022-05-26,2023-07-13,,,,,,,306,275,31
365,관악구,봉천13,봉천동 922-1,남부순환로 1752,공공,일반,주택정비형 재개발,조합설립,169,2009-12-24,2009-12-24,2006-03-30,2022-02-10,,,,,,,,,473,301,172
366,관악구,신림7,신림동 675,,민간,일반,주택정비형 재개발,구역지정,1226,2024-09-26,,,,,,,,,,,,1402,1111,291
367,서초구,"반포주공1단지(1,2,4주구)",반포동 810,서초구 신반포로 45,민간,일반,아파트지구 재건축,착공,2210,2017-04-27,2022-06-23,2011-12-28,2013-09-11,2017-07-04,2017-09-27,2024-09-03,2018-12-03,,,,2024-03-29,5007,4794,213
368,서초구,반포주공1단지(3주구),반포동 1109,서초구 신반포로 32,민간,일반,아파트지구 재건축,착공,1490,2016-09-13,2016-09-13,2003-09-01,2014-12-11,2017-06-27,2017-09-25,2025-01-09,2021-07-14,2024-03-27,,,2023-03-03,2091,2091,0
369,서초구,방배13,방배동 541-2,서초구 효령로14다길 6,민간,일반,단독주택 재건축,관리처분,2911,2015-02-17,2023-07-20,2015-11-23,2016-07-29,2017-04-25,2017-09-06,,2018-09-03,,2021-03-30,2024-12-04,,2296,2092,204
370,서초구,방배14,방배동 975-35,서초구 방배중앙로3길 26,민간,일반,단독주택 재건축,관리처분,506,2014-07-10,2022-10-06,2015-01-22,2016-04-25,2024-08-27,2017-06-20,2025-07-29,2017-12-28,,2021-10-01,2022-09-07,,492,440,52
371,서초구,방배5,방배동 946-8,서초구 서초대로8길 27-5,민간,일반,단독주택 재건축,착공,2551,2010-09-02,2024-03-21,2004-12-16,2012-05-10,2012-12-26,2013-07-29,2024-05-30,2016-07-14,2024-07-25,,,2022-07-28,3064,2798,266
372,서초구,방배7,방배동 891-3,서초구 서초대로32길 30-6,민간,일반,단독주택 재건축,사업시행,229,2012-07-26,2023-12-28,2006-05-04,2021-01-11,2023-06-28,2024-06-25,,,,,,,316,299,17
373,서초구,방배삼익,방배동 1018-1,서초구 효령로34길 79,민간,일반,공동주택 재건축,착공,408,2012-02-09,2025-09-11,2009-09-28,2017-12-04,2018-09-18,2019-05-23,2024-09-25,2021-12-16,2024-08-06,,,2023-11-21,707,621,86
374,서초구,방배삼호,방배동 771-1,방배로43길 21,민간,일반,아파트지구 재건축,추진위,804,,,2005-06-29,,,,,,,,,,0,0,0
375,서초구,방배신동아,방배동 988-1,서초구 효령로 164,민간,일반,공동주택 재건축,관리처분,493,2020-05-14,2024-05-09,2020-09-02,2020-12-31,2025-07-07,2022-07-08,,2023-10-12,,2023-10-12,2024-01-12,,843,734,109
376,서초구,방배신삼호,방배동 725,방배로 270,민간,일반,공동주택 재건축,조합설립,481,2016-09-08,2024-12-26,2004-05-14,2019-03-15,,,,,,,,,920,785,135
377,서초구,삼호가든5차,반포동 30-1,서초중앙로 242,민간,일반,아파트지구 재건축,건축심의,168,2022-10-06,,2017-03-02,2020-09-09,2024-02-13,,,,,,,,305,260,45
378,서초구,서초신동아,서초동 1333,사임당로 137,민간,일반,아파트지구 재건축,착공,997,2004-12-27,2024-04-11,2003-12-19,2015-04-10,2016-08-23,2017-03-31,2024-04-15,2018-05-15,,,,2024-12-31,1161,1161,0
379,서초구,신반포12차,잠원동 50-5,서초구 나루터로 37,민간,일반,아파트지구 재건축,관리처분,324,2022-03-24,2022-03-24,2015-09-17,2021-04-20,2023-09-12,2024-06-04,,2025-09-22,,,,,432,387,45
380,서초구,신반포16차,잠원동 55-12,서초구 잠원로 157,민간,일반,아파트지구 재건축,관리처분,396,2022-04-07,,2017-03-23,2018-02-21,2023-05-11,2023-11-02,,2025-09-17,,,,,468,400,68
381,서초구,신반포18차337동,잠원동 49-17,잠원로 195,민간,일반,아파트지구 재건축,착공,182,2012-04-19,2019-06-05,2015-02-05,2015-12-18,2018-04-10,2019-04-29,2025-07-24,2021-01-14,2024-06-03,,,2023-01-09,178,178,0
382,서초구,"신반포19차,25차",잠원동 61-2,서초구 잠원로8길 20,민간,일반,아파트지구 재건축,조합설립,447,2022-03-03,2025-11-13,,2022-03-07,,,,,,,,,0,0,0
383,서초구,신반포21차,잠원동 59-10,서초구 신반포로 267,민간,일반,아파트지구 재건축,착공,108,2018-10-11,2018-10-11,2016-09-29,2017-05-16,2018-10-25,2019-08-14,2021-12-01,2021-04-23,2023-07-26,,,2022-03-29,251,209,42
384,서초구,신반포22차,잠원동 65-33,서초구 잠원로 86,민간,일반,아파트지구 재건축,착공,132,2017-03-02,,2016-02-23,2017-04-06,2017-06-20,2017-09-22,2022-06-23,2018-04-13,2018-04-13,,,2024-04-24,160,160,0
385,서초구,신반포27차,잠원동 56-2,서초구 잠원로8길 3,민간,일반,아파트지구 재건축,관리처분,156,2021-02-15,,2017-02-28,2018-06-06,2022-04-26,2023-01-12,,2025-09-23,,,,,210,177,33
386,서초구,신반포2차,잠원동 73,서초구 신반포로23길 41,민간,일반,공동주택 재건축,조합설립,1572,2024-07-11,2025-02-20,2003-09-01,2020-11-16,,,,,,,,,2057,1797,260
387,서초구,신반포4차,잠원동 70,서초구 잠원로 37-48,민간,일반,아파트지구 재건축,조합설립,1212,2023-09-21,2024-08-22,2003-11-24,2019-12-31,,,,,,,,,1828,1543,285
388,서초구,신반포7차,잠원동 65-32,잠원로 88,공공,일반,아파트지구 재건축,조합설립,320,,,,2002-12-24,,,,,,,,,857,652,205
389,서초구,신반포궁전,반포동 65-1,서초구 사평대로 142,민간,일반,공동주택 재건축,조합설립,108,2014-08-21,,2015-05-07,2025-11-21,,,,,,,,,249,208,41
390,서초구,강남원효성빌라,반포동 591-1 외5,서초구 사평대로 20길76,민간,일반,공동주택 재건축,조합설립,103,2021-01-21,2021-01-21,2022-01-06,2022-12-19,,,,,,,,,103,103,0
391,서초구,반포미도1차,반포동 60-4,서초구 서초중앙로29길 28,민간,일반,공동주택 재건축,조합설립,1260,2024-04-25,,2025-01-24,2025-09-30,,,,,,,,,1739,1531,208
392,서초구,방배15구역,방배동 528-3,서초구 청두곶8길 16-9,민간,일반,단독주택 재건축,건축심의,1619,2022-09-08,2022-09-08,2023-04-06,2023-12-19,2025-09-30,,,,,,,,1688,1378,310
393,서초구,방배임광3차,방배동 1010-1 외 1,서초구 방배로2길 24-5,민간,일반,공동주택 재건축,구역지정,316,2025-07-17,,,,,,,,,,,,379,332,47
394,서초구,서초진흥아파트,서초동 1315,서초구 서초대로 385,민간,일반,아파트지구 재건축,조합설립,615,2025-01-23,,2004-05-13,2020-03-12,,,,,,,,,857,763,94
395,강남구,도곡개포한신,도곡동 464,언주로 123 ,민간,일반,공동주택 재건축,관리처분,620,2017-03-16,2017-03-16,2003-11-14,2017-11-24,2020-07-28,2022-12-28,,2025-12-19,,,,,816,705,111
396,강남구,도곡삼익,도곡동 869,논현로 218 ,민간,일반,공동주택 재건축,추진위,273,2012-06-21,2012-06-21,2003-12-29,,,,,,,,,,369,318,51
397,강남구,은마아파트,대치동 316,삼성로 212 ,민간,일반,공동주택 재건축,조합설립,4424,2023-02-16,2023-02-16,2003-12-31,2023-09-26,,,,,,,,,5962,5071,891
398,강남구,대치쌍용1차,대치동 66,삼성로67길 46,민간,일반,공동주택 재건축,사업시행,630,2013-10-04,2021-11-25,2014-11-20,2016-01-06,2018-01-23,2018-10-12,2022-05-15,,,,,,999,867,132
399,강남구,대치쌍용2차(통합재건축),대치동 65,삼성로69길 47-5 ,민간,일반,공동주택 재건축,사업시행,364,2013-10-04,2013-10-04,2014-11-14,2015-07-02,2016-12-27,2017-09-12,2022-09-23,,,,,,1332,1173,159
400,강남구,대치우성1차(통합재건축),대치동 63,삼성로63길 46,민간,일반,공동주택 재건축,사업시행,476,2015-06-25,2018-12-06,2016-01-26,2017-01-17,2021-10-26,2022-09-08,,,,,,,1332,1173,159
401,강남구,일원개포한신,일원동 615-1,개포로110길 43 ,민간,일반,공동주택 재건축,관리처분,364,2017-07-13,2024-05-02,2018-01-25,2018-11-05,2020-04-28,2021-08-06,,2023-11-10,,2025-10-30,2026-03-31,,483,422,61
402,강남구,압구정아파트지구특별계획구역5,압구정동 490,압구정로 321,민간,일반,아파트지구 재건축,조합설립,1232,,,2017-08-19,2021-02-22,,,,,,,,,1401,1261,140
403,강남구,도곡삼호,도곡동 540,도곡로 242 ,민간,일반,공동주택 재건축,착공,144,2017-07-20,2022-04-22,2018-01-10,2018-06-19,2019-09-10,2020-09-16,2025-12-30,2022-10-25,,,,2024-02-06,308,260,48
404,강남구,압구정아파트지구특별계획구역3,압구정동369-1,압구정로29길 71 ,민간,일반,아파트지구 재건축,조합설립,3934,,,2018-09-12,2021-04-19,,,,,,,,,5175,4534,641
405,강남구,개포주공5단지,개포동 187,삼성로4길 17,민간,일반,공동주택 재건축,관리처분,940,2017-09-07,2017-09-07,2019-02-12,2020-12-01,2022-12-20,2023-10-12,,2025-09-29,,,,,1279,1134,145
406,강남구,압구정아파트지구특별계획구역4,압구정동 481,압구정로 309 ,민간,일반,아파트지구 재건축,조합설립,1341,2025-04-11,2025-04-11,2017-11-01,2021-02-10,,,,,,,,,1724,1519,205
407,강남구,"개포주공6,7단지",개포동 185,개포로 516 ,민간,일반,공동주택 재건축,사업시행,1960,2017-11-23,2024-04-26,2019-02-12,2021-01-22,2023-06-13,2024-11-11,,,,,,,2698,2353,345
408,강남구,개포우성4차,도곡동 465,언주로 117,민간,일반,공동주택 재건축,조합설립,459,2022-04-14,2022-04-14,2022-09-28,2023-09-22,,,,,,,,,1080,952,128
409,강남구,개포우성6차,개포동 658-1,언주로 3,민간,일반,공동주택 재건축,조합설립,270,2022-03-10,2022-03-10,2022-09-28,2024-04-24,,,,,,,,,417,395,22
410,강남구,개포우성7차,일원동 615,개포로110길 15,민간,일반,공동주택 재건축,조합설립,802,2022-04-14,2022-04-14,2022-11-11,2024-02-02,,,,,,,,,1234,1055,179
411,강남구,압구정아파트지구특별계획구역1,압구정동414,압구정로11길 17 ,민간,일반,아파트지구 재건축,추진위,1233,,,2020-11-06,,,,,,,,,,0,0,0
412,강남구,압구정아파트지구특별계획구역2,압구정동434,압구정로 151 ,민간,일반,아파트지구 재건축,조합설립,1924,2025-03-13,2025-03-13,2020-11-06,2021-04-12,,,,,,,,,2571,2250,321
413,강남구,"경우현(개포경남,우성3차,현대1차)",개포동 649,언주로 110,민간,일반,공동주택 재건축,구역지정,1499,2025-06-26,,,,,,,,,,,,2343,1978,365
414,강남구,논현동현,논현동 105,언주로 146길 18,민간,일반,공동주택 재건축,구역지정,548,2023-10-19,2025-10-16,,,,,,,,,,,905,779,126
415,강남구,대치미도,대치동 511,삼성로 150,민간,일반,공동주택 재건축,구역지정,2436,2025-07-17,,,,,,,,,,,,0,0,0
416,강남구,도곡우성,도곡동 934-10,남부순환로363길 49,민간,일반,공동주택 재건축,조합설립,390,2023-07-20,2025-11-13,2024-03-08,2025-03-31,,,,,,,,,548,460,88
417,강남구,압구정아파트지구특별계획구역6,압구정동 513,압구정로 401,민간,일반,아파트지구 재건축,조합설립,672,,,,2002-09-13,,,,,,,,,0,0,0
418,강남구,"역삼동(758,은하수,760)",역삼동 758,언주로 70길,민간,일반,아파트지구 재건축,착공,161,2018-05-31,2023-09-14,2010-07-08,2018-11-14,2019-11-26,2021-06-02,2025-10-02,2022-10-31,2025-03-24,,,2025-04-15,237,237,0
419,송파구,마천1,마천동 194-1,성내천로34길 12,민간,재촉,주택정비형 재개발,조합설립,2749,2020-01-02,2020-01-02,2020-11-26,2022-05-25,,,,,,,,,2413,2018,395
420,송파구,마천2,마천동 183,,민간,재촉,주택정비형 재개발,구역지정,1592,2012-07-26,2025-05-15,,,,,,,,,,,1729,1273,456
421,송파구,마천3,마천동 283,,민간,재촉,주택정비형 재개발,건축심의,3036,2017-06-01,2022-10-20,2018-05-03,2020-06-22,2024-04-30,,,,,,,,2364,1969,395
422,송파구,마천4,마천동 323,"마천로61마길 12-10
",민간,재촉,주택정비형 재개발,관리처분,1219,2012-07-26,2025-02-27,2014-04-17,2015-07-24,2019-02-26,2021-04-02,2021-04-02,2024-01-30,,2024-09-01,2025-11-30,,1372,1065,307
423,송파구,가락1차현대,문정동 3,"동남로 160
",민간,일반,공동주택 재건축,사업시행,514,2017-11-16,2022-12-01,2018-07-06,2019-07-19,2023-02-28,2025-01-24,2025-01-24,,,,,,842,717,125
424,송파구,가락극동,가락동 192,"동남로18길 9
",민간,일반,공동주택 재건축,조합설립,555,2017-11-23,2024-11-28,2018-07-03,2020-06-26,,,,,,,,,999,876,123
425,송파구,가락미륭,가락동 138,"동남로11길 4
",민간,일반,공동주택 재건축,사업시행,435,2020-02-06,2023-11-16,2020-08-07,2021-04-14,2023-07-21,2024-06-27,2024-06-27,,,,,,614,521,93
426,송파구,가락삼익맨숀,송파동 166,오금로32길 5,민간,일반,공동주택 재건축,사업시행,936,2017-09-21,2023-11-16,2018-05-04,2019-08-05,2022-09-27,2023-11-13,,,,,,,1531,1358,173
427,송파구,가락상아1차,오금동 166,오금로 405,민간,일반,공동주택 재건축,관리처분,226,2017-12-29,2024-04-11,2019-01-28,2020-06-19,2021-05-25,2022-05-20,2022-05-20,2025-01-06,2025-01-06,2025-07-01,2025-10-31,,405,342,63
428,송파구,가락우성1차,"가락동 96-1
",송파대로32길 8,민간,일반,공동주택 재건축,추진위,838,2024-02-29,2024-02-29,2024-12-24,,,,,,,,,,967,875,92
429,송파구,가락우창,오금동 164,동남로24길 6,민간,일반,공동주택 재건축,구역지정,264,2025-10-02,2025-10-02,,,,,,,,,,,471,401,70
430,송파구,가락프라자,가락동 199,문정로 125,민간,일반,공동주택 재건축,관리처분,672,2017-07-20,2024-04-11,2017-12-01,2019-03-28,2023-02-28,2024-01-11,2024-01-11,2025-03-14,2025-03-14,,,,1068,953,115
431,송파구,거여새마을,거여동 551-14,오금로68길 17,공공,재촉,주택정비형 재개발,조합설립,1775,2023-01-12,2023-01-12,,2023-02-23,,,,,,,,,1654,1186,468
432,송파구,대림가락,방이동 217,양재대로 1109,민간,일반,공동주택 재건축,조합설립,480,2021-10-07,2021-10-07,2022-04-08,2023-02-09,,,,,,,,,925,786,139
433,송파구,마천5,마천동 45,,민간,재촉,주택정비형 재개발,추진위,1618,2024-09-12,2024-09-12,2025-04-22,,,,,,,,,,2041,1633,408
434,송파구,미성크로바,신천동 17-6,-,민간,일반,아파트지구 재건축,착공,1472,2021-06-24,2021-11-18,2009-06-04,2014-07-15,2021-08-10,2017-07-28,2023-11-30,2018-07-05,2024-11-21,,,2022-01-27,1865,1667,198
435,송파구,삼환가락,가락동 176,오금로 432,민간,일반,공동주택 재건축,사업시행,648,2017-11-16,2024-08-29,2018-05-23,2019-04-29,2022-04-26,2024-02-28,2024-02-28,,,,,,1101,981,120
436,송파구,송파미성,송파동 161,오금로32길 10,민간,일반,공동주택 재건축,조합설립,378,2021-03-25,2021-03-25,2022-01-27,2023-05-31,,,,,,,,,810,686,124
437,송파구,오금현대,"오금동 43
",오금로35길 17,민간,일반,공동주택 재건축,추진위,1316,2024-07-25,,2025-03-19,,,,,,,,,,2436,2047,389
438,송파구,"잠실우성1,2,3차",잠실동 101-1,올림픽로4길 42,민간,일반,공동주택 재건축,조합설립,1842,2015-12-01,2024-01-11,2006-10-04,2021-06-11,,,,,,,,,2680,2338,342
439,송파구,잠실우성4차,잠실동 320,"백제고분로18길30
",민간,일반,공동주택 재건축,사업시행,555,2017-07-06,2023-02-22,2009-12-07,2018-04-02,2022-12-13,2023-08-31,,,,,,,825,732,93
440,송파구,잠실주공5단지,잠실동 27,송파대로567,민간,일반,아파트지구 재건축,건축심의,3930,2022-06-23,2024-09-05,2003-12-29,2013-12-19,2025-06-19,,,,,,,,6491,5680,811
441,송파구,"장미1,2,3차",신천동 7,올림픽로35길 104,민간,일반,아파트지구 재건축,조합설립,3522,2005-12-25,,2016-06-28,2020-03-24,,,,,,,,,0,0,0
442,송파구,한양2차,송파동 151,가락로192,민간,일반,아파트지구 재건축,조합설립,744,2005-12-15,2025-05-01,2010-07-26,2020-11-02,,,,,,,,,1346,1092,254
443,송파구,한양3차,방이동 225,양재대로1089,민간,일반,공동주택 재건축,사업시행,252,2019-08-29,2022-05-24,2020-01-29,2021-03-03,2022-12-20,2024-05-14,,,,,,,507,430,77
444,강동구,천호3,천호동 423-76,,민간,재촉,단독주택 재건축,착공,620,2013-12-12,2021-12-30,2014-05-12,2016-01-21,2017-10-24,2018-07-20,2024-06-27,2020-12-16,2021-03-24,,,2023-03-30,535,490,45
445,강동구,천호8,천호동 166-4,진황도로 36,민간,재촉,도시정비형 재개발,조합설립,196,2006-10-19,2021-11-04,2022-08-04,2024-01-16,,,,,,,,,520,363,157
446,강동구,명일신동아,명일동 44,고덕로 240,민간,일반,공동주택 재건축,구역지정,570,2025-11-06,,,,,,,,,,,,0,0,0
447,강동구,명일동고덕현대,"명일동 56
",,민간,일반,공동주택 재건축,구역지정,527,2025-11-06,,,,,,,,,,,,952,827,125
448,강동구,삼익그린2차,명일동 15,고덕로 210,민간,일반,아파트지구 재건축,조합설립,2400,2018-10-17,2018-10-17,2019-12-13,2021-07-05,,,,,,,,,0,0,0
449,강동구,삼익맨션,명일동 270,상암로 214,민간,일반,공동주택 재건축,조합설립,768,2020-02-13,2022-11-16,2020-08-27,2021-07-12,,,,,,,,,1169,1014,155
450,강동구,삼익파크,길동 54,명일로 293,민간,일반,공동주택 재건축,사업시행,1092,2020-02-13,2020-02-13,2020-08-27,2021-01-14,2022-07-26,2025-03-24,,,,,,,1665,1488,177
451,강동구,천호3-1,천호동 214-19,,민간,일반,주택정비형 재개발,구역지정,285,2025-09-04,,,,,,,,,,,,390,390,0
452,강동구,천호3-2,천호동 397-419,구천면로 244-10,민간,일반,주택정비형 재개발,건축심의,307,2022-07-21,2022-07-21,2023-04-07,2024-04-26,2025-01-15,,,,,,,,420,343,77
453,강동구,천호3-3,천호동 532-2,,민간,일반,주택정비형 재개발,조합설립,193,2023-07-27,2023-07-27,2024-02-20,2024-12-02,,,,,,,,,568,461,107
454,강동구,천호A1-1,천호동 467-61,선사로6길 12,공공,일반,주택정비형 재개발,조합설립,581,2024-11-28,,,2024-12-18,,,,,,,,,747,480,267
455,강동구,천호A1-2,"천호동 461-31
",,민간,일반,주택정비형 재개발,조합설립,630,2024-03-14,,,2025-09-15,,,,,,,,,781,645,136
456,강동구,천호우성아파트,천호동 19-1,구천면로 366,민간,일반,공동주택 재건축,관리처분,479,2020-02-20,2020-02-20,2020-02-20,2021-02-10,2023-08-29,2024-06-04,,2025-09-10,,,,,629,629,0