totCnt,rn,ykiho,clCd,clCdNm,regNo,yadmNm,postNo,hospUrlAddr,sidoPlcCd,sidoCdNm,sgguPlcCd,sgguCdNm,addr,yadmGdTelnoTxt,xaxsWgs84Cordnt,yaxsWgs84Cordnt,corptype,distance,cabgGrd,acphCrstGrd,acteMcdiGrd,pnemGrd,chronClsAttrLungDsGrd,asthGrd,blddGrd,livcnrCd,dgrsltLivcnrGrd,laicnrGrd,stmcnrGrd,bstcnrGrd,lungCnrGrd,pafsGrd,mdsItmCntGrd,ijctmPrscGrd,anboPrscGrd,alriAnboPrscGrd,recuHospGrd,sprmGrd,nicuGrd,soprDiagGrd,nctGrd,bltsGrd,cbpregAsgTyCd,ininGrd,exfrGrd,cbpregAsmExsRsCd,maidPsydeptGrd,psychiHthIpatTritGrd,glomSymtGrd,dmtiaGrd,tberclGrd,imgExmGrd,hytenDbmlGrd,grdList,gu_std,lat_num,lon_num
25497,1,JDQ4MTg4MSM1MSMkMiMkNCMkMDAkNTgxMzUxIzIxIyQxIyQ5IyQ3MiQyNjE0ODEjNDEjJDEjJDQjJDgz,31,의원,,삼성물산(주)부속의원,5288,,110000,서울,110002,강동구,"서울특별시 강동구 상일로6길 26, 글로벌엔지니어링센터 B1층 (상일동)",02-2145-7070,127.1752267,37.5487917,C,75425,,,,,,0.0,,,,,,,,,2.0,1.0,3.0,0.0,,,,,,,,,,,,,,,,,5.0,"[{'grdNm': 'asthGrd', 'grdVal': '0'}, {'grdNm': 'ijctmPrscGrd', 'grdVal': '1'}, {'grdNm': 'mdsItmCntGrd', 'grdVal': '2'}, {'grdNm': 'alriAnboPrscGrd', 'grdVal': '0'}, {'grdNm': 'anboPrscGrd', 'grdVal': '3'}, {'grdNm': 'hytenDbmlGrd', 'grdVal': '5'}]",강동구,37.5487917,127.1752267
25497,2,JDQ4MTg4MSM1MSMkMSMkNCMkNzIkMzgxMzUxIzIxIyQxIyQ5IyQ4MiQyNjEwMDIjNDEjJDEjJDgjJDgz,51,치과의원,,삼성물산(주)부속치과의원,5288,,110000,서울,110002,강동구,"서울특별시 강동구 상일로6길 26, 글로벌엔지니어링센터 B1층 (상일동)",02-2145-7101,127.1752267,37.5487917,C,75425,,,,,,,,,,,,,,,,,,,,,,,,,,,,,,,,,,,,[],강동구,37.5487917,127.1752267
25497,3,JDQ4MTg4MSM1MSMkMiMkNCMkMDAkNDgxOTYxIzQxIyQxIyQ3IyQ4MiQzNjEyMjIjODEjJDEjJDYjJDgz,31,의원,,삼성이앤에이(주) 부속의원,5288,,110000,서울,110002,강동구,"서울특별시 강동구 상일로6길 26, 지1층 (상일동)",02-2053-7581,127.1752267,37.5487917,C,75425,,,,,,3.0,,,,,,,,,1.0,2.0,3.0,1.0,,,,,,,,,,,,,,,,,5.0,"[{'grdNm': 'mdsItmCntGrd', 'grdVal': '1'}, {'grdNm': 'ijctmPrscGrd', 'grdVal': '2'}, {'grdNm': 'asthGrd', 'grdVal': '3'}, {'grdNm': 'alriAnboPrscGrd', 'grdVal': '1'}, {'grdNm': 'anboPrscGrd', 'grdVal': '3'}, {'grdNm': 'hytenDbmlGrd', 'grdVal': '5'}]",강동구,37.5487917,127.1752267
25497,4,JDQ4MTg4MSM1MSMkMSMkNCMkMDMkNDgxMzUxIzMxIyQxIyQzIyQ5MiQ0NjEwMDIjNjEjJDEjJDQjJDgz,81,약국,,서울마이팜약국,5288,,110000,서울,110002,강동구,"서울특별시 강동구 상일로6길 26, 삼성엔지니어링 지하1층 (상일동)",02-429-5862,127.1752267,37.5487917,C,75425,,,,,,,,,,,,,,,,,,,,,,,,,,,,,,,,,,,,[],강동구,37.5487917,127.1752267
25497,5,JDQ4MTg4MSM1MSMkMSMkMCMkNzIkNTgxMzUxIzIxIyQxIyQxIyQ4OSQyNjE0ODEjNTEjJDEjJDYjJDgz,51,치과의원,,서울프라임치과의원,5288,,110000,서울,110002,강동구,"서울특별시 강동구  상일로6길 26, (상일동)",02-442-3228,127.1752267,37.5487917,C,75425,,,,,,,,,,,,,,,,,,,,,,,,,,,,,,,,,,,,[],강동구,37.5487917,127.1752267
25497,6,JDQ4MTg4MSM1MSMkMSMkMCMkMDMkNDgxMTkxIzExIyQxIyQzIyQwMyQ0NjEwMDIjODEjJDEjJDIjJDgz,81,약국,,구인약국,5749,,110000,서울,110018,송파구,"서울특별시 송파구 성내천로 261, (마천동)",02-443-6401,127.1543724,37.497237,C,75512,,,,,,,,,,,,,,,,,,,,,,,,,,,,,,,,,,,,[],송파구,37.497237,127.1543724
25497,7,JDQ4MTg4MSM1MSMkMiMkMCMkMDAkNTgxMzUxIzMxIyQxIyQ3IyQ4OSQzNjEwMDIjNDEjJDEjJDgjJDgz,31,의원,,정가정의원,5749,,110000,서울,110018,송파구,"서울특별시 송파구 성내천로 261, (마천동, 2층)",02-431-1456,127.1543724,37.497237,C,75512,,,,,0.0,4.0,,,,,,,,,3.0,5.0,2.0,2.0,,,,,,,,,,,,,4.0,,,,1.0,"[{'grdNm': 'chronClsAttrLungDsGrd', 'grdVal': '0'}, {'grdNm': 'mdsItmCntGrd', 'grdVal': '3'}, {'grdNm': 'asthGrd', 'grdVal': '4'}, {'grdNm': 'anboPrscGrd', 'grdVal': '2'}, {'grdNm': 'alriAnboPrscGrd', 'grdVal': '2'}, {'grdNm': 'glomSymtGrd', 'grdVal': '4'}, {'grdNm': 'hytenDbmlGrd', 'grdVal': '1'}, {'grdNm': 'ijctmPrscGrd', 'grdVal': '5'}]",송파구,37.497237,127.1543724
25497,8,JDQ4MTg4MSM1MSMkMSMkNCMkMTMkNDgxNzAyIzExIyQxIyQzIyQ5MiQzNjEyMjIjNDEjJDEjJDQjJDgz,93,한의원,,경희나봄한의원,5759,,110000,서울,110018,송파구,"서울특별시 송파구 마천로57길 20, 2층,3층 (마천동)",02-403-1010,127.1532667,37.4952153,C,75550,,,,,,,,,,,,,,,,,,,,,,,,,,,,,,,,,,,,[],송파구,37.4952153,127.1532667
25497,9,JDQ4MTg4MSM1MSMkMSMkMCMkNzIkNDgxNzAyIzIxIyQxIyQ5IyQxMyQyNjE0ODEjODEjJDEjJDYjJDgz,51,치과의원,,성안치과의원,5216,,110000,서울,110002,강동구,"서울특별시 강동구 고덕로97길 29, (강일동, 강일리버파크9단지상가 203호)",426-1254,127.1788624,37.5605657,C,75566,,,,,,,,,,,,,,,,,,,,,,,,,,,,,,,,,,,,[],강동구,37.5605657,127.1788624
25497,10,JDQ4MTg4MSM1MSMkMSMkOCMkMDMkMzgxMzUxIzExIyQxIyQzIyQ4OSQyNjEyMjIjNjEjJDEjJDAjJDgz,81,약국,,리엔약국,5287,,110000,서울,110002,강동구,"서울특별시 강동구 상일로 74, 상가2동 2층 203호 (상일동, 고덕리엔파크3단지아파트)",02-441-9377,127.1752949,37.5531625,C,75581,,,,,,,,,,,,,,,,,,,,,,,,,,,,,,,,,,,,[],강동구,37.5531625,127.1752949
25497,11,JDQ4MTg4MSM1MSMkMiMkNCMkMDAkNDgxNzAyIzExIyQxIyQzIyQ2MiQzNjE0ODEjNjEjJDEjJDAjJDgz,31,의원,,상일에이치(H)내과의원,5287,,110000,서울,110002,강동구,"서울특별시 강동구 상일로 74, 2층 (상일동, 고덕리엔파크3단지아파트)",02-481-7575,127.1752949,37.5531625,C,75581,,,,,,1.0,,,,,,,,,1.0,1.0,3.0,4.0,,,,,,,,,,,,,,,,,1.0,"[{'grdNm': 'asthGrd', 'grdVal': '1'}, {'grdNm': 'mdsItmCntGrd', 'grdVal': '1'}, {'grdNm': 'ijctmPrscGrd', 'grdVal': '1'}, {'grdNm': 'anboPrscGrd', 'grdVal': '3'}, {'grdNm': 'hytenDbmlGrd', 'grdVal': '1'}, {'grdNm': 'alriAnboPrscGrd', 'grdVal': '4'}]",강동구,37.5531625,127.1752949
25497,12,JDQ4MTg4MSM1MSMkMSMkMCMkNjIkMzgxMzUxIzExIyQxIyQ3IyQ5MiQzNjEyMjIjNDEjJDEjJDgjJDgz,41,치과병원,,연세미래엔미소치과병원,5288,,110000,서울,110002,강동구,"서울특별시 강동구 상일로10길 36, 2층 202,203호 (상일동, 세종텔레콤지식산업센터)",02-441-2275,127.1741318,37.5508328,C,75591,,,,,,,,,,,,,,,,,,,,,,,,,,,,,,,,,,,,[],강동구,37.5508328,127.1741318
25497,13,JDQ4MTg4MSM1MSMkMiMkMCMkMDAkNDgxNzAyIzIxIyQxIyQxIyQ2MiQyNjE4MzIjNjEjJDEjJDQjJDgz,31,의원,,송파성민의원,5759,http://,110000,서울,110018,송파구,"서울특별시 송파구 마천로 333, 2층 (마천동)",02-403-2338,127.1519878,37.4938996,C,75623,,,,,,4.0,,,,,,,,,4.0,3.0,0.0,5.0,,,,,,,,,,,,,,,,,3.0,"[{'grdNm': 'asthGrd', 'grdVal': '4'}, {'grdNm': 'ijctmPrscGrd', 'grdVal': '3'}, {'grdNm': 'anboPrscGrd', 'grdVal': '0'}, {'grdNm': 'mdsItmCntGrd', 'grdVal': '4'}, {'grdNm': 'hytenDbmlGrd', 'grdVal': '3'}, {'grdNm': 'alriAnboPrscGrd', 'grdVal': '5'}]",송파구,37.4938996,127.1519878
25497,14,JDQ4MTg4MSM1MSMkMSMkNCMkMDMkMzgxNzAyIzIxIyQxIyQ1IyQxMyQzNjE0ODEjNDEjJDEjJDgjJDgz,81,약국,,신라온누리약국,5759,,110000,서울,110018,송파구,"서울특별시 송파구 마천로 333, 1층 1호 (마천동)",02-353-8845,127.1519878,37.4938996,C,75623,,,,,,,,,,,,,,,,,,,,,,,,,,,,,,,,,,,,[],송파구,37.4938996,127.1519878
25497,15,JDQ4MTg4MSM1MSMkMSMkNCMkMDMkNDgxMTkxIzExIyQxIyQzIyQ5OSQ0NjE0ODEjNDEjJDEjJDQjJDgz,81,약국,,중앙프라자약국,5759,,110000,서울,110018,송파구,"서울특별시 송파구 마천로57길 4, 1층 (마천동)",02-3401-3818,127.1520885,37.4943506,C,75627,,,,,,,,,,,,,,,,,,,,,,,,,,,,,,,,,,,,[],송파구,37.4943506,127.1520885
25497,16,JDQ4MTg4MSM1MSMkMSMkMCMkNzIkNDgxOTYxIzExIyQxIyQ3IyQ3OSQ0NjE0ODEjODEjJDEjJDYjJDgz,51,치과의원,,서울심치과의원,5758,,110000,서울,110018,송파구,"서울특별시 송파구 마천로57길 7, 201호 (마천동)",02-409-2835,127.1520019,37.4946412,C,75642,,,,,,,,,,,,,,,,,,,,,,,,,,,,,,,,,,,,[],송파구,37.4946412,127.1520019
25497,17,JDQ4MTg4MSM1MSMkMiMkMCMkMDAkNDgxMTkxIzMxIyQxIyQ3IyQ5OSQyNjE4MzIjNDEjJDEjJDgjJDgz,31,의원,,중앙내과의원,5758,,110000,서울,110018,송파구,"서울특별시 송파구 마천로57길 5, 마천빌딩 4층 (마천동)",02-408-3914,127.1519379,37.4945429,C,75645,,,,,0.0,4.0,,,,,,,,,3.0,2.0,1.0,5.0,,,,,,,,,,,,,4.0,,,,1.0,"[{'grdNm': 'chronClsAttrLungDsGrd', 'grdVal': '0'}, {'grdNm': 'mdsItmCntGrd', 'grdVal': '3'}, {'grdNm': 'ijctmPrscGrd', 'grdVal': '2'}, {'grdNm': 'anboPrscGrd', 'grdVal': '1'}, {'grdNm': 'asthGrd', 'grdVal': '4'}, {'grdNm': 'glomSymtGrd', 'grdVal': '4'}, {'grdNm': 'hytenDbmlGrd', 'grdVal': '1'}, {'grdNm': 'alriAnboPrscGrd', 'grdVal': '5'}]",송파구,37.4945429,127.1519379
25497,18,JDQ4MTg4MSM1MSMkMSMkMCMkMTMkNDgxNzAyIzQxIyQyIyQ3IyQwMCQzNjEyMjIjNDEjJDEjJDgjJDgz,93,한의원,,하나한의원,5758,http://www.hanahanbang.com/,110000,서울,110018,송파구,"서울특별시 송파구 마천로57길 5, 2,3층 (마천동)",02-430-1078,127.1519379,37.4945429,C,75645,,,,,,,,,,,,,,,,,,,,,,,,,,,,,,,,,,,,[],송파구,37.4945429,127.1519379
25497,19,JDQ4MTg4MSM1MSMkMSMkMCMkNzIkMzgxNzAyIzMxIyQxIyQzIyQwMyQzNjEyMjIjNjEjJDEjJDQjJDgz,51,치과의원,,서울치과의원,5283,,110000,서울,110002,강동구,"서울특별시 강동구 천호대로 1471, (상일제1동)",02-428-6408,127.1714851,37.5465394,C,75655,,,,,,,,,,,,,,,,,,,,,,,,,,,,,,,,,,,,[],강동구,37.5465394,127.1714851
25497,20,JDQ4MTg4MSM1MSMkMiMkMCMkMDAkMzgxNzAyIzMxIyQxIyQ3IyQ3OSQyNjE4MzIjNDEjJDEjJDQjJDgz,31,의원,,한양성심의원,5283,,110000,서울,110002,강동구,"서울특별시 강동구 천호대로 1471, (상일동)",02-427-8875,127.1714851,37.5465394,C,75655,,,,,,,,,,,,,,,2.0,5.0,0.0,0.0,,,,,,,,,,,,,,,,,3.0,"[{'grdNm': 'mdsItmCntGrd', 'grdVal': '2'}, {'grdNm': 'anboPrscGrd', 'grdVal': '0'}, {'grdNm': 'alriAnboPrscGrd', 'grdVal': '0'}, {'grdNm': 'hytenDbmlGrd', 'grdVal': '3'}, {'grdNm': 'ijctmPrscGrd', 'grdVal': '5'}]",강동구,37.5465394,127.1714851
25497,1,JDQ4MTg4MSM1MSMkMiMkNCMkMDAkNTgxMzUxIzIxIyQxIyQ5IyQ3MiQyNjE0ODEjNDEjJDEjJDQjJDgz,31,의원,,삼성물산(주)부속의원,5288,,110000,서울,110002,강동구,"서울특별시 강동구 상일로6길 26, 글로벌엔지니어링센터 B1층 (상일동)",02-2145-7070,127.1752267,37.5487917,C,75425,,,,,,0.0,,,,,,,,,2.0,1.0,3.0,0.0,,,,,,,,,,,,,,,,,5.0,"[{'grdNm': 'asthGrd', 'grdVal': '0'}, {'grdNm': 'ijctmPrscGrd', 'grdVal': '1'}, {'grdNm': 'mdsItmCntGrd', 'grdVal': '2'}, {'grdNm': 'alriAnboPrscGrd', 'grdVal': '0'}, {'grdNm': 'anboPrscGrd', 'grdVal': '3'}, {'grdNm': 'hytenDbmlGrd', 'grdVal': '5'}]",강동구,37.5487917,127.1752267
25497,2,JDQ4MTg4MSM1MSMkMSMkNCMkNzIkMzgxMzUxIzIxIyQxIyQ5IyQ4MiQyNjEwMDIjNDEjJDEjJDgjJDgz,51,치과의원,,삼성물산(주)부속치과의원,5288,,110000,서울,110002,강동구,"서울특별시 강동구 상일로6길 26, 글로벌엔지니어링센터 B1층 (상일동)",02-2145-7101,127.1752267,37.5487917,C,75425,,,,,,,,,,,,,,,,,,,,,,,,,,,,,,,,,,,,[],강동구,37.5487917,127.1752267
25497,3,JDQ4MTg4MSM1MSMkMiMkNCMkMDAkNDgxOTYxIzQxIyQxIyQ3IyQ4MiQzNjEyMjIjODEjJDEjJDYjJDgz,31,의원,,삼성이앤에이(주) 부속의원,5288,,110000,서울,110002,강동구,"서울특별시 강동구 상일로6길 26, 지1층 (상일동)",02-2053-7581,127.1752267,37.5487917,C,75425,,,,,,3.0,,,,,,,,,1.0,2.0,3.0,1.0,,,,,,,,,,,,,,,,,5.0,"[{'grdNm': 'mdsItmCntGrd', 'grdVal': '1'}, {'grdNm': 'ijctmPrscGrd', 'grdVal': '2'}, {'grdNm': 'asthGrd', 'grdVal': '3'}, {'grdNm': 'alriAnboPrscGrd', 'grdVal': '1'}, {'grdNm': 'anboPrscGrd', 'grdVal': '3'}, {'grdNm': 'hytenDbmlGrd', 'grdVal': '5'}]",강동구,37.5487917,127.1752267
25497,4,JDQ4MTg4MSM1MSMkMSMkNCMkMDMkNDgxMzUxIzMxIyQxIyQzIyQ5MiQ0NjEwMDIjNjEjJDEjJDQjJDgz,81,약국,,서울마이팜약국,5288,,110000,서울,110002,강동구,"서울특별시 강동구 상일로6길 26, 삼성엔지니어링 지하1층 (상일동)",02-429-5862,127.1752267,37.5487917,C,75425,,,,,,,,,,,,,,,,,,,,,,,,,,,,,,,,,,,,[],강동구,37.5487917,127.1752267
25497,5,JDQ4MTg4MSM1MSMkMSMkMCMkNzIkNTgxMzUxIzIxIyQxIyQxIyQ4OSQyNjE0ODEjNTEjJDEjJDYjJDgz,51,치과의원,,서울프라임치과의원,5288,,110000,서울,110002,강동구,"서울특별시 강동구  상일로6길 26, (상일동)",02-442-3228,127.1752267,37.5487917,C,75425,,,,,,,,,,,,,,,,,,,,,,,,,,,,,,,,,,,,[],강동구,37.5487917,127.1752267
25497,6,JDQ4MTg4MSM1MSMkMSMkMCMkMDMkNDgxMTkxIzExIyQxIyQzIyQwMyQ0NjEwMDIjODEjJDEjJDIjJDgz,81,약국,,구인약국,5749,,110000,서울,110018,송파구,"서울특별시 송파구 성내천로 261, (마천동)",02-443-6401,127.1543724,37.497237,C,75512,,,,,,,,,,,,,,,,,,,,,,,,,,,,,,,,,,,,[],송파구,37.497237,127.1543724
25497,7,JDQ4MTg4MSM1MSMkMiMkMCMkMDAkNTgxMzUxIzMxIyQxIyQ3IyQ4OSQzNjEwMDIjNDEjJDEjJDgjJDgz,31,의원,,정가정의원,5749,,110000,서울,110018,송파구,"서울특별시 송파구 성내천로 261, (마천동, 2층)",02-431-1456,127.1543724,37.497237,C,75512,,,,,0.0,4.0,,,,,,,,,3.0,5.0,2.0,2.0,,,,,,,,,,,,,4.0,,,,1.0,"[{'grdNm': 'chronClsAttrLungDsGrd', 'grdVal': '0'}, {'grdNm': 'mdsItmCntGrd', 'grdVal': '3'}, {'grdNm': 'asthGrd', 'grdVal': '4'}, {'grdNm': 'anboPrscGrd', 'grdVal': '2'}, {'grdNm': 'alriAnboPrscGrd', 'grdVal': '2'}, {'grdNm': 'glomSymtGrd', 'grdVal': '4'}, {'grdNm': 'hytenDbmlGrd', 'grdVal': '1'}, {'grdNm': 'ijctmPrscGrd', 'grdVal': '5'}]",송파구,37.497237,127.1543724
25497,8,JDQ4MTg4MSM1MSMkMSMkNCMkMTMkNDgxNzAyIzExIyQxIyQzIyQ5MiQzNjEyMjIjNDEjJDEjJDQjJDgz,93,한의원,,경희나봄한의원,5759,,110000,서울,110018,송파구,"서울특별시 송파구 마천로57길 20, 2층,3층 (마천동)",02-403-1010,127.1532667,37.4952153,C,75550,,,,,,,,,,,,,,,,,,,,,,,,,,,,,,,,,,,,[],송파구,37.4952153,127.1532667
25497,9,JDQ4MTg4MSM1MSMkMSMkMCMkNzIkNDgxNzAyIzIxIyQxIyQ5IyQxMyQyNjE0ODEjODEjJDEjJDYjJDgz,51,치과의원,,성안치과의원,5216,,110000,서울,110002,강동구,"서울특별시 강동구 고덕로97길 29, (강일동, 강일리버파크9단지상가 203호)",426-1254,127.1788624,37.5605657,C,75566,,,,,,,,,,,,,,,,,,,,,,,,,,,,,,,,,,,,[],강동구,37.5605657,127.1788624
25497,10,JDQ4MTg4MSM1MSMkMSMkOCMkMDMkMzgxMzUxIzExIyQxIyQzIyQ4OSQyNjEyMjIjNjEjJDEjJDAjJDgz,81,약국,,리엔약국,5287,,110000,서울,110002,강동구,"서울특별시 강동구 상일로 74, 상가2동 2층 203호 (상일동, 고덕리엔파크3단지아파트)",02-441-9377,127.1752949,37.5531625,C,75581,,,,,,,,,,,,,,,,,,,,,,,,,,,,,,,,,,,,[],강동구,37.5531625,127.1752949
25497,11,JDQ4MTg4MSM1MSMkMiMkNCMkMDAkNDgxNzAyIzExIyQxIyQzIyQ2MiQzNjE0ODEjNjEjJDEjJDAjJDgz,31,의원,,상일에이치(H)내과의원,5287,,110000,서울,110002,강동구,"서울특별시 강동구 상일로 74, 2층 (상일동, 고덕리엔파크3단지아파트)",02-481-7575,127.1752949,37.5531625,C,75581,,,,,,1.0,,,,,,,,,1.0,1.0,3.0,4.0,,,,,,,,,,,,,,,,,1.0,"[{'grdNm': 'asthGrd', 'grdVal': '1'}, {'grdNm': 'mdsItmCntGrd', 'grdVal': '1'}, {'grdNm': 'ijctmPrscGrd', 'grdVal': '1'}, {'grdNm': 'anboPrscGrd', 'grdVal': '3'}, {'grdNm': 'hytenDbmlGrd', 'grdVal': '1'}, {'grdNm': 'alriAnboPrscGrd', 'grdVal': '4'}]",강동구,37.5531625,127.1752949
25497,12,JDQ4MTg4MSM1MSMkMSMkMCMkNjIkMzgxMzUxIzExIyQxIyQ3IyQ5MiQzNjEyMjIjNDEjJDEjJDgjJDgz,41,치과병원,,연세미래엔미소치과병원,5288,,110000,서울,110002,강동구,"서울특별시 강동구 상일로10길 36, 2층 202,203호 (상일동, 세종텔레콤지식산업센터)",02-441-2275,127.1741318,37.5508328,C,75591,,,,,,,,,,,,,,,,,,,,,,,,,,,,,,,,,,,,[],강동구,37.5508328,127.1741318
25497,13,JDQ4MTg4MSM1MSMkMiMkMCMkMDAkNDgxNzAyIzIxIyQxIyQxIyQ2MiQyNjE4MzIjNjEjJDEjJDQjJDgz,31,의원,,송파성민의원,5759,http://,110000,서울,110018,송파구,"서울특별시 송파구 마천로 333, 2층 (마천동)",02-403-2338,127.1519878,37.4938996,C,75623,,,,,,4.0,,,,,,,,,4.0,3.0,0.0,5.0,,,,,,,,,,,,,,,,,3.0,"[{'grdNm': 'asthGrd', 'grdVal': '4'}, {'grdNm': 'ijctmPrscGrd', 'grdVal': '3'}, {'grdNm': 'anboPrscGrd', 'grdVal': '0'}, {'grdNm': 'mdsItmCntGrd', 'grdVal': '4'}, {'grdNm': 'hytenDbmlGrd', 'grdVal': '3'}, {'grdNm': 'alriAnboPrscGrd', 'grdVal': '5'}]",송파구,37.4938996,127.1519878
25497,14,JDQ4MTg4MSM1MSMkMSMkNCMkMDMkMzgxNzAyIzIxIyQxIyQ1IyQxMyQzNjE0ODEjNDEjJDEjJDgjJDgz,81,약국,,신라온누리약국,5759,,110000,서울,110018,송파구,"서울특별시 송파구 마천로 333, 1층 1호 (마천동)",02-353-8845,127.1519878,37.4938996,C,75623,,,,,,,,,,,,,,,,,,,,,,,,,,,,,,,,,,,,[],송파구,37.4938996,127.1519878
25497,15,JDQ4MTg4MSM1MSMkMSMkNCMkMDMkNDgxMTkxIzExIyQxIyQzIyQ5OSQ0NjE0ODEjNDEjJDEjJDQjJDgz,81,약국,,중앙프라자약국,5759,,110000,서울,110018,송파구,"서울특별시 송파구 마천로57길 4, 1층 (마천동)",02-3401-3818,127.1520885,37.4943506,C,75627,,,,,,,,,,,,,,,,,,,,,,,,,,,,,,,,,,,,[],송파구,37.4943506,127.1520885
25497,16,JDQ4MTg4MSM1MSMkMSMkMCMkNzIkNDgxOTYxIzExIyQxIyQ3IyQ3OSQ0NjE0ODEjODEjJDEjJDYjJDgz,51,치과의원,,서울심치과의원,5758,,110000,서울,110018,송파구,"서울특별시 송파구 마천로57길 7, 201호 (마천동)",02-409-2835,127.1520019,37.4946412,C,75642,,,,,,,,,,,,,,,,,,,,,,,,,,,,,,,,,,,,[],송파구,37.4946412,127.1520019
25497,17,JDQ4MTg4MSM1MSMkMiMkMCMkMDAkNDgxMTkxIzMxIyQxIyQ3IyQ5OSQyNjE4MzIjNDEjJDEjJDgjJDgz,31,의원,,중앙내과의원,5758,,110000,서울,110018,송파구,"서울특별시 송파구 마천로57길 5, 마천빌딩 4층 (마천동)",02-408-3914,127.1519379,37.4945429,C,75645,,,,,0.0,4.0,,,,,,,,,3.0,2.0,1.0,5.0,,,,,,,,,,,,,4.0,,,,1.0,"[{'grdNm': 'chronClsAttrLungDsGrd', 'grdVal': '0'}, {'grdNm': 'mdsItmCntGrd', 'grdVal': '3'}, {'grdNm': 'ijctmPrscGrd', 'grdVal': '2'}, {'grdNm': 'anboPrscGrd', 'grdVal': '1'}, {'grdNm': 'asthGrd', 'grdVal': '4'}, {'grdNm': 'glomSymtGrd', 'grdVal': '4'}, {'grdNm': 'hytenDbmlGrd', 'grdVal': '1'}, {'grdNm': 'alriAnboPrscGrd', 'grdVal': '5'}]",송파구,37.4945429,127.1519379
25497,18,JDQ4MTg4MSM1MSMkMSMkMCMkMTMkNDgxNzAyIzQxIyQyIyQ3IyQwMCQzNjEyMjIjNDEjJDEjJDgjJDgz,93,한의원,,하나한의원,5758,http://www.hanahanbang.com/,110000,서울,110018,송파구,"서울특별시 송파구 마천로57길 5, 2,3층 (마천동)",02-430-1078,127.1519379,37.4945429,C,75645,,,,,,,,,,,,,,,,,,,,,,,,,,,,,,,,,,,,[],송파구,37.4945429,127.1519379
25497,19,JDQ4MTg4MSM1MSMkMSMkMCMkNzIkMzgxNzAyIzMxIyQxIyQzIyQwMyQzNjEyMjIjNjEjJDEjJDQjJDgz,51,치과의원,,서울치과의원,5283,,110000,서울,110002,강동구,"서울특별시 강동구 천호대로 1471, (상일제1동)",02-428-6408,127.1714851,37.5465394,C,75655,,,,,,,,,,,,,,,,,,,,,,,,,,,,,,,,,,,,[],강동구,37.5465394,127.1714851
25497,20,JDQ4MTg4MSM1MSMkMiMkMCMkMDAkMzgxNzAyIzMxIyQxIyQ3IyQ3OSQyNjE4MzIjNDEjJDEjJDQjJDgz,31,의원,,한양성심의원,5283,,110000,서울,110002,강동구,"서울특별시 강동구 천호대로 1471, (상일동)",02-427-8875,127.1714851,37.5465394,C,75655,,,,,,,,,,,,,,,2.0,5.0,0.0,0.0,,,,,,,,,,,,,,,,,3.0,"[{'grdNm': 'mdsItmCntGrd', 'grdVal': '2'}, {'grdNm': 'anboPrscGrd', 'grdVal': '0'}, {'grdNm': 'alriAnboPrscGrd', 'grdVal': '0'}, {'grdNm': 'hytenDbmlGrd', 'grdVal': '3'}, {'grdNm': 'ijctmPrscGrd', 'grdVal': '5'}]",강동구,37.5465394,127.1714851
25497,21,JDQ4MTg4MSM1MSMkMSMkMCMkMDMkNDgxNzAyIzIxIyQxIyQ1IyQ3OSQyNjE0ODEjNDEjJDEjJDgjJDgz,81,약국,,진메디칼약국,5758,,110000,서울,110018,송파구,"서울특별시 송파구 마천로57길 3, 1층 (마천동)",02-400-9240,127.1517634,37.494413,C,75656,,,,,,,,,,,,,,,,,,,,,,,,,,,,,,,,,,,,[],송파구,37.494413,127.1517634
25497,22,JDQ4MTg4MSM1MSMkMSMkMCMkMTMkNDgxMTkxIzExIyQxIyQzIyQ2MiQyNjE0ODEjNDEjJDEjJDQjJDgz,93,한의원,,본디올동의한의원,5758,,110000,서울,110018,송파구,"서울특별시 송파구 마천로61다길 21, 2층 (마천동)",02-404-5503,127.1518221,37.4948584,C,75663,,,,,,,,,,,,,,,,,,,,,,,,,,,,,,,,,,,,[],송파구,37.4948584,127.1518221
25497,23,JDQ4MTg4MSM1MSMkMSMkMCMkMDMkMzgxMzUxIzIxIyQxIyQ5IyQwMyQzNjE0ODEjNDEjJDEjJDQjJDgz,81,약국,,메디팜미래로약국,5283,,110000,서울,110002,강동구,"서울특별시 강동구 천호대로 1467, (상일동)",02-426-4793,127.1712217,37.5463582,C,75670,,,,,,,,,,,,,,,,,,,,,,,,,,,,,,,,,,,,[],강동구,37.5463582,127.1712217
25497,24,JDQ4MTg4MSM1MSMkMSMkNCMkMDMkNTgxMzUxIzUxIyQxIyQxIyQ5OSQyNjEyMjIjNTEjJDEjJDIjJDgz,81,약국,,매일여는달빛온누리약국,5775,,110000,서울,110018,송파구,"서울특별시 송파구 위례북로1길 22, 106호 (거여동)",02-6472-3651,127.1493576,37.4883432,C,75697,,,,,,,,,,,,,,,,,,,,,,,,,,,,,,,,,,,,[],송파구,37.4883432,127.1493576
25497,25,JDQ4MTg4MSM1MSMkMiMkOCMkMDAkMzgxMTkxIzExIyQxIyQzIyQ5MiQyNjE0ODEjNDEjJDEjJDQjJDgz,31,의원,,하이엔소아청소년과의원,5775,,110000,서울,110018,송파구,"서울특별시 송파구 위례북로1길 22, 3,4층 304~312,401~408호 (거여동)",02-6475-0001,127.1493576,37.4883432,C,75697,,,,,,,,,,,,,,,,,,,,,,,,,,,,,,,,,,,,[],송파구,37.4883432,127.1493576
25497,26,JDQ4MTg4MSM1MSMkMiMkNCMkMDAkMzgxNzAyIzIxIyQxIyQ1IyQwMyQyNjE0ODEjODEjJDEjJDIjJDgz,31,의원,,뉴서울의원,5751,,110000,서울,110018,송파구,"서울특별시 송파구 거마로22길 49, 2층 (마천동, 범양빌딩)",02-2043-3241,127.1520044,37.4968936,C,75705,,,,,4.0,4.0,,,,,,,,,4.0,2.0,1.0,2.0,,,,,,,,,,,,,,,,,3.0,"[{'grdNm': 'chronClsAttrLungDsGrd', 'grdVal': '4'}, {'grdNm': 'asthGrd', 'grdVal': '4'}, {'grdNm': 'ijctmPrscGrd', 'grdVal': '2'}, {'grdNm': 'anboPrscGrd', 'grdVal': '1'}, {'grdNm': 'alriAnboPrscGrd', 'grdVal': '2'}, {'grdNm': 'hytenDbmlGrd', 'grdVal': '3'}, {'grdNm': 'mdsItmCntGrd', 'grdVal': '4'}]",송파구,37.4968936,127.1520044
25497,27,JDQ4MTg4MSM1MSMkMSMkMCMkMDMkNDgxMzUxIzUxIyQxIyQxIyQ5MiQzNjE0ODEjNDEjJDEjJDQjJDgz,81,약국,,동의삼성약국,5751,,110000,서울,110018,송파구,"서울특별시 송파구 거마로22길 49, (마천동)",02-400-2636,127.1520044,37.4968936,C,75705,,,,,,,,,,,,,,,,,,,,,,,,,,,,,,,,,,,,[],송파구,37.4968936,127.1520044
25497,28,JDQ4MTg4MSM1MSMkMSMkMCMkNzIkNDgxMzUxIzMxIyQxIyQ3IyQwMyQzNjEyMjIjNzEjJDEjJDgjJDgz,51,치과의원,,서울보스턴치과의원,5282,,110000,서울,110002,강동구,"서울특별시 강동구 상일로 43, 1층 (상일제1동)",441-2782,127.1725687,37.550902,C,75724,,,,,,,,,,,,,,,,,,,,,,,,,,,,,,,,,,,,[],강동구,37.550902,127.1725687
25497,29,JDQ4MTg4MSM1MSMkMSMkNCMkMTMkNDgxMzUxIzIxIyQxIyQxIyQ5OSQyNjEwMDIjODEjJDEjJDYjJDgz,93,한의원,,백일세한의원,5284,,110000,서울,110002,강동구,"서울특별시 강동구 천호대로 1459, 진령빌딩 2층 (상일동)",02-3426-3355,127.1703249,37.5460212,C,75733,,,,,,,,,,,,,,,,,,,,,,,,,,,,,,,,,,,,[],강동구,37.5460212,127.1703249
25497,30,JDQ4MTg4MSM1MSMkMSMkMCMkMTMkNDgxMzUxIzUxIyQxIyQ1IyQ5MiQ0NjE0ODEjNTEjJDEjJDYjJDgz,93,한의원,,김재석한의원,5282,,110000,서울,110002,강동구,"서울특별시 강동구 구천면로 670, (상일동)",02-442-8053,127.1723931,37.5508398,C,75736,,,,,,,,,,,,,,,,,,,,,,,,,,,,,,,,,,,,[],강동구,37.5508398,127.1723931
25497,31,JDQ4MTg4MSM1MSMkMSMkMCMkMTMkNDgxMTkxIzExIyQxIyQ3IyQ5OSQzNjEwMDIjNTEjJDEjJDIjJDgz,93,한의원,,동의보감한의원,5758,,110000,서울,110018,송파구,"서울특별시 송파구 마천로 315, 306호 (마천동, 현대그린빌)",02-430-2585,127.1509931,37.4951788,C,75743,,,,,,,,,,,,,,,,,,,,,,,,,,,,,,,,,,,,[],송파구,37.4951788,127.1509931
25497,32,JDQ4MTg4MSM1MSMkMSMkMCMkNzIkNDgxOTYxIzExIyQxIyQzIyQ4OSQyNjE4MzIjODEjJDEjJDYjJDgz,51,치과의원,,백치과의원,5758,,110000,서울,110018,송파구,"서울특별시 송파구 마천로 315, 3층 305호 (마천동, 현대그린빌)",02-448-3315,127.1509931,37.4951788,C,75743,,,,,,,,,,,,,,,,,,,,,,,,,,,,,,,,,,,,[],송파구,37.4951788,127.1509931
25497,33,JDQ4MTg4MSM1MSMkMiMkOCMkMDAkMzgxOTYxIzIxIyQxIyQxIyQ3OSQ0NjE0ODEjNDEjJDEjJDgjJDgz,31,의원,,연세마디탑의원,5758,,110000,서울,110018,송파구,"서울특별시 송파구 마천로 315, 201~206호,232~240호 (마천동, 현대그린빌)",02-465-7600,127.1509931,37.4951788,C,75743,,,,,,,,,,,,,,,1.0,1.0,0.0,,,,,,,,,,,,,,,,,,0.0,"[{'grdNm': 'mdsItmCntGrd', 'grdVal': '1'}, {'grdNm': 'anboPrscGrd', 'grdVal': '0'}, {'grdNm': 'hytenDbmlGrd', 'grdVal': '0'}, {'grdNm': 'ijctmPrscGrd', 'grdVal': '1'}]",송파구,37.4951788,127.1509931
25497,34,JDQ4MTg4MSM1MSMkMiMkMCMkMDAkNDgxNzAyIzIxIyQxIyQ1IyQ5MiQyNjEyMjIjNjEjJDEjJDQjJDgz,31,의원,,고경석정형외과의원,5764,,110000,서울,110018,송파구,"서울특별시 송파구 오금로 551, 208동 B02호 (거여동, e편한세상 송파 파크센트럴)",02-408-0075,127.1503266,37.4931672,C,75745,,,,,,,,,,,,,,,1.0,1.0,,0.0,,,,,,,,,,,,,,,,,,"[{'grdNm': 'mdsItmCntGrd', 'grdVal': '1'}, {'grdNm': 'alriAnboPrscGrd', 'grdVal': '0'}, {'grdNm': 'ijctmPrscGrd', 'grdVal': '1'}]",송파구,37.4931672,127.1503266
25497,35,JDQ4MTg4MSM1MSMkMSMkMCMkNzIkMzgxOTYxIzIxIyQyIyQ5IyQwMCQyNjEyMjIjODEjJDEjJDYjJDgz,51,치과의원,,이준규치과의원,5750,,110000,서울,110018,송파구,"서울특별시 송파구 성내천로 224, (마천동)",02-449-8004,127.1523282,37.4994391,C,75749,,,,,,,,,,,,,,,,,,,,,,,,,,,,,,,,,,,,[],송파구,37.4994391,127.1523282
25497,36,JDQ4MTg4MSM1MSMkMSMkMCMkNzIkNTgxOTYxIzMxIyQxIyQ3IyQ5MiQyNjE0ODEjODEjJDEjJDIjJDgz,51,치과의원,,송파수치과의원,5764,,110000,서울,110018,송파구,"서울특별시 송파구 오금로 551, 208동 207,208호 (거여동, e편한세상 송파 파크센트럴)",02-443-7528,127.1501461,37.4938204,C,75778,,,,,,,,,,,,,,,,,,,,,,,,,,,,,,,,,,,,[],송파구,37.4938204,127.1501461
25497,37,JDQ4MTg4MSM1MSMkMSMkNCMkMDMkNTgxOTYxIzExIyQxIyQzIyQxMyQyNjE4MzIjNjEjJDEjJDgjJDgz,81,약국,,이레약국,5764,,110000,서울,110018,송파구,"서울특별시 송파구 오금로 551, 208동 1층 111-1호 (거여동, e편한세상 송파 파크센트럴)",02-406-8583,127.1501461,37.4938203,C,75778,,,,,,,,,,,,,,,,,,,,,,,,,,,,,,,,,,,,[],송파구,37.4938203,127.1501461
25497,38,JDQ4MTg4MSM1MSMkMiMkOCMkMDAkMzgxMTkxIzIxIyQxIyQ1IyQ5OSQ0NjEwMDIjNjEjJDEjJDgjJDgz,31,의원,,더원마취통증의학과의원,5282,,110000,서울,110002,강동구,"서울특별시 강동구 구천면로 664, 4층 (상일동)",02-441-1122,127.1717816,37.5507772,C,75785,,,,,,,,,,,,,,,,,,,,,,,,,,,,,,,,,,,,[],강동구,37.5507772,127.1717816
25497,39,JDQ4MTg4MSM1MSMkMiMkOCMkMDAkMzgxMTkxIzIxIyQyIyQ1IyQwMCQyNjE0ODEjNDEjJDEjJDQjJDgz,31,의원,,더조은내과의원,5282,,110000,서울,110002,강동구,"서울특별시 강동구 구천면로 664, 2, 3층 201, 301, 302호 (상일동)",02-426-6500,127.1717816,37.5507772,C,75785,,,,,,,,,,,,,,,,,,,,,,,,,,,,,,,,,,,,[],강동구,37.5507772,127.1717816
25497,40,JDQ4MTg4MSM1MSMkMSMkMCMkNzIkNTgxOTYxIzExIyQxIyQ3IyQ2MiQyNjE4MzIjODEjJDEjJDYjJDgz,51,치과의원,,더공감치과의원,5282,,110000,서울,110002,강동구,"서울특별시 강동구 구천면로 664, 2층 201호 (상일동)",02-441-7528,127.1717783,37.5507932,C,75786,,,,,,,,,,,,,,,,,,,,,,,,,,,,,,,,,,,,[],강동구,37.5507932,127.1717783
25497,21,JDQ4MTg4MSM1MSMkMSMkMCMkMDMkNDgxNzAyIzIxIyQxIyQ1IyQ3OSQyNjE0ODEjNDEjJDEjJDgjJDgz,81,약국,,진메디칼약국,5758,,110000,서울,110018,송파구,"서울특별시 송파구 마천로57길 3, 1층 (마천동)",02-400-9240,127.1517634,37.494413,C,75656,,,,,,,,,,,,,,,,,,,,,,,,,,,,,,,,,,,,[],송파구,37.494413,127.1517634
25497,22,JDQ4MTg4MSM1MSMkMSMkMCMkMTMkNDgxMTkxIzExIyQxIyQzIyQ2MiQyNjE0ODEjNDEjJDEjJDQjJDgz,93,한의원,,본디올동의한의원,5758,,110000,서울,110018,송파구,"서울특별시 송파구 마천로61다길 21, 2층 (마천동)",02-404-5503,127.1518221,37.4948584,C,75663,,,,,,,,,,,,,,,,,,,,,,,,,,,,,,,,,,,,[],송파구,37.4948584,127.1518221
25497,23,JDQ4MTg4MSM1MSMkMSMkMCMkMDMkMzgxMzUxIzIxIyQxIyQ5IyQwMyQzNjE0ODEjNDEjJDEjJDQjJDgz,81,약국,,메디팜미래로약국,5283,,110000,서울,110002,강동구,"서울특별시 강동구 천호대로 1467, (상일동)",02-426-4793,127.1712217,37.5463582,C,75670,,,,,,,,,,,,,,,,,,,,,,,,,,,,,,,,,,,,[],강동구,37.5463582,127.1712217
25497,24,JDQ4MTg4MSM1MSMkMSMkNCMkMDMkNTgxMzUxIzUxIyQxIyQxIyQ5OSQyNjEyMjIjNTEjJDEjJDIjJDgz,81,약국,,매일여는달빛온누리약국,5775,,110000,서울,110018,송파구,"서울특별시 송파구 위례북로1길 22, 106호 (거여동)",02-6472-3651,127.1493576,37.4883432,C,75697,,,,,,,,,,,,,,,,,,,,,,,,,,,,,,,,,,,,[],송파구,37.4883432,127.1493576
25497,25,JDQ4MTg4MSM1MSMkMiMkOCMkMDAkMzgxMTkxIzExIyQxIyQzIyQ5MiQyNjE0ODEjNDEjJDEjJDQjJDgz,31,의원,,하이엔소아청소년과의원,5775,,110000,서울,110018,송파구,"서울특별시 송파구 위례북로1길 22, 3,4층 304~312,401~408호 (거여동)",02-6475-0001,127.1493576,37.4883432,C,75697,,,,,,,,,,,,,,,,,,,,,,,,,,,,,,,,,,,,[],송파구,37.4883432,127.1493576
25497,26,JDQ4MTg4MSM1MSMkMiMkNCMkMDAkMzgxNzAyIzIxIyQxIyQ1IyQwMyQyNjE0ODEjODEjJDEjJDIjJDgz,31,의원,,뉴서울의원,5751,,110000,서울,110018,송파구,"서울특별시 송파구 거마로22길 49, 2층 (마천동, 범양빌딩)",02-2043-3241,127.1520044,37.4968936,C,75705,,,,,4.0,4.0,,,,,,,,,4.0,2.0,1.0,2.0,,,,,,,,,,,,,,,,,3.0,"[{'grdNm': 'chronClsAttrLungDsGrd', 'grdVal': '4'}, {'grdNm': 'asthGrd', 'grdVal': '4'}, {'grdNm': 'ijctmPrscGrd', 'grdVal': '2'}, {'grdNm': 'anboPrscGrd', 'grdVal': '1'}, {'grdNm': 'alriAnboPrscGrd', 'grdVal': '2'}, {'grdNm': 'hytenDbmlGrd', 'grdVal': '3'}, {'grdNm': 'mdsItmCntGrd', 'grdVal': '4'}]",송파구,37.4968936,127.1520044
25497,27,JDQ4MTg4MSM1MSMkMSMkMCMkMDMkNDgxMzUxIzUxIyQxIyQxIyQ5MiQzNjE0ODEjNDEjJDEjJDQjJDgz,81,약국,,동의삼성약국,5751,,110000,서울,110018,송파구,"서울특별시 송파구 거마로22길 49, (마천동)",02-400-2636,127.1520044,37.4968936,C,75705,,,,,,,,,,,,,,,,,,,,,,,,,,,,,,,,,,,,[],송파구,37.4968936,127.1520044
25497,28,JDQ4MTg4MSM1MSMkMSMkMCMkNzIkNDgxMzUxIzMxIyQxIyQ3IyQwMyQzNjEyMjIjNzEjJDEjJDgjJDgz,51,치과의원,,서울보스턴치과의원,5282,,110000,서울,110002,강동구,"서울특별시 강동구 상일로 43, 1층 (상일제1동)",441-2782,127.1725687,37.550902,C,75724,,,,,,,,,,,,,,,,,,,,,,,,,,,,,,,,,,,,[],강동구,37.550902,127.1725687
25497,29,JDQ4MTg4MSM1MSMkMSMkNCMkMTMkNDgxMzUxIzIxIyQxIyQxIyQ5OSQyNjEwMDIjODEjJDEjJDYjJDgz,93,한의원,,백일세한의원,5284,,110000,서울,110002,강동구,"서울특별시 강동구 천호대로 1459, 진령빌딩 2층 (상일동)",02-3426-3355,127.1703249,37.5460212,C,75733,,,,,,,,,,,,,,,,,,,,,,,,,,,,,,,,,,,,[],강동구,37.5460212,127.1703249
25497,30,JDQ4MTg4MSM1MSMkMSMkMCMkMTMkNDgxMzUxIzUxIyQxIyQ1IyQ5MiQ0NjE0ODEjNTEjJDEjJDYjJDgz,93,한의원,,김재석한의원,5282,,110000,서울,110002,강동구,"서울특별시 강동구 구천면로 670, (상일동)",02-442-8053,127.1723931,37.5508398,C,75736,,,,,,,,,,,,,,,,,,,,,,,,,,,,,,,,,,,,[],강동구,37.5508398,127.1723931
25497,31,JDQ4MTg4MSM1MSMkMSMkMCMkMTMkNDgxMTkxIzExIyQxIyQ3IyQ5OSQzNjEwMDIjNTEjJDEjJDIjJDgz,93,한의원,,동의보감한의원,5758,,110000,서울,110018,송파구,"서울특별시 송파구 마천로 315, 306호 (마천동, 현대그린빌)",02-430-2585,127.1509931,37.4951788,C,75743,,,,,,,,,,,,,,,,,,,,,,,,,,,,,,,,,,,,[],송파구,37.4951788,127.1509931
25497,32,JDQ4MTg4MSM1MSMkMSMkMCMkNzIkNDgxOTYxIzExIyQxIyQzIyQ4OSQyNjE4MzIjODEjJDEjJDYjJDgz,51,치과의원,,백치과의원,5758,,110000,서울,110018,송파구,"서울특별시 송파구 마천로 315, 3층 305호 (마천동, 현대그린빌)",02-448-3315,127.1509931,37.4951788,C,75743,,,,,,,,,,,,,,,,,,,,,,,,,,,,,,,,,,,,[],송파구,37.4951788,127.1509931
25497,33,JDQ4MTg4MSM1MSMkMiMkOCMkMDAkMzgxOTYxIzIxIyQxIyQxIyQ3OSQ0NjE0ODEjNDEjJDEjJDgjJDgz,31,의원,,연세마디탑의원,5758,,110000,서울,110018,송파구,"서울특별시 송파구 마천로 315, 201~206호,232~240호 (마천동, 현대그린빌)",02-465-7600,127.1509931,37.4951788,C,75743,,,,,,,,,,,,,,,1.0,1.0,0.0,,,,,,,,,,,,,,,,,,0.0,"[{'grdNm': 'mdsItmCntGrd', 'grdVal': '1'}, {'grdNm': 'anboPrscGrd', 'grdVal': '0'}, {'grdNm': 'hytenDbmlGrd', 'grdVal': '0'}, {'grdNm': 'ijctmPrscGrd', 'grdVal': '1'}]",송파구,37.4951788,127.1509931
25497,34,JDQ4MTg4MSM1MSMkMiMkMCMkMDAkNDgxNzAyIzIxIyQxIyQ1IyQ5MiQyNjEyMjIjNjEjJDEjJDQjJDgz,31,의원,,고경석정형외과의원,5764,,110000,서울,110018,송파구,"서울특별시 송파구 오금로 551, 208동 B02호 (거여동, e편한세상 송파 파크센트럴)",02-408-0075,127.1503266,37.4931672,C,75745,,,,,,,,,,,,,,,1.0,1.0,,0.0,,,,,,,,,,,,,,,,,,"[{'grdNm': 'mdsItmCntGrd', 'grdVal': '1'}, {'grdNm': 'alriAnboPrscGrd', 'grdVal': '0'}, {'grdNm': 'ijctmPrscGrd', 'grdVal': '1'}]",송파구,37.4931672,127.1503266
25497,35,JDQ4MTg4MSM1MSMkMSMkMCMkNzIkMzgxOTYxIzIxIyQyIyQ5IyQwMCQyNjEyMjIjODEjJDEjJDYjJDgz,51,치과의원,,이준규치과의원,5750,,110000,서울,110018,송파구,"서울특별시 송파구 성내천로 224, (마천동)",02-449-8004,127.1523282,37.4994391,C,75749,,,,,,,,,,,,,,,,,,,,,,,,,,,,,,,,,,,,[],송파구,37.4994391,127.1523282
25497,36,JDQ4MTg4MSM1MSMkMSMkMCMkNzIkNTgxOTYxIzMxIyQxIyQ3IyQ5MiQyNjE0ODEjODEjJDEjJDIjJDgz,51,치과의원,,송파수치과의원,5764,,110000,서울,110018,송파구,"서울특별시 송파구 오금로 551, 208동 207,208호 (거여동, e편한세상 송파 파크센트럴)",02-443-7528,127.1501461,37.4938204,C,75778,,,,,,,,,,,,,,,,,,,,,,,,,,,,,,,,,,,,[],송파구,37.4938204,127.1501461
25497,37,JDQ4MTg4MSM1MSMkMSMkNCMkMDMkNTgxOTYxIzExIyQxIyQzIyQxMyQyNjE4MzIjNjEjJDEjJDgjJDgz,81,약국,,이레약국,5764,,110000,서울,110018,송파구,"서울특별시 송파구 오금로 551, 208동 1층 111-1호 (거여동, e편한세상 송파 파크센트럴)",02-406-8583,127.1501461,37.4938203,C,75778,,,,,,,,,,,,,,,,,,,,,,,,,,,,,,,,,,,,[],송파구,37.4938203,127.1501461
25497,38,JDQ4MTg4MSM1MSMkMiMkOCMkMDAkMzgxMTkxIzIxIyQxIyQ1IyQ5OSQ0NjEwMDIjNjEjJDEjJDgjJDgz,31,의원,,더원마취통증의학과의원,5282,,110000,서울,110002,강동구,"서울특별시 강동구 구천면로 664, 4층 (상일동)",02-441-1122,127.1717816,37.5507772,C,75785,,,,,,,,,,,,,,,,,,,,,,,,,,,,,,,,,,,,[],강동구,37.5507772,127.1717816
25497,39,JDQ4MTg4MSM1MSMkMiMkOCMkMDAkMzgxMTkxIzIxIyQyIyQ1IyQwMCQyNjE0ODEjNDEjJDEjJDQjJDgz,31,의원,,더조은내과의원,5282,,110000,서울,110002,강동구,"서울특별시 강동구 구천면로 664, 2, 3층 201, 301, 302호 (상일동)",02-426-6500,127.1717816,37.5507772,C,75785,,,,,,,,,,,,,,,,,,,,,,,,,,,,,,,,,,,,[],강동구,37.5507772,127.1717816
25497,40,JDQ4MTg4MSM1MSMkMSMkMCMkNzIkNTgxOTYxIzExIyQxIyQ3IyQ2MiQyNjE4MzIjODEjJDEjJDYjJDgz,51,치과의원,,더공감치과의원,5282,,110000,서울,110002,강동구,"서울특별시 강동구 구천면로 664, 2층 201호 (상일동)",02-441-7528,127.1717783,37.5507932,C,75786,,,,,,,,,,,,,,,,,,,,,,,,,,,,,,,,,,,,[],강동구,37.5507932,127.1717783
25497,41,JDQ4MTg4MSM1MSMkMSMkNCMkMDMkMzgxMTkxIzIxIyQxIyQ1IyQwMyQzNjE4MzIjNTEjJDEjJDIjJDgz,81,약국,,종로광명약국,5282,,110000,서울,110002,강동구,"서울특별시 강동구 구천면로 664, (상일동)",02-426-0787,127.1717783,37.5507932,C,75786,,,,,,,,,,,,,,,,,,,,,,,,,,,,,,,,,,,,[],강동구,37.5507932,127.1717783
25497,42,JDQ4MTg4MSM1MSMkMiMkNCMkMDAkNDgxOTYxIzIxIyQxIyQ5IyQ3OSQyNjEyMjIjNTEjJDEjJDYjJDgz,31,의원,,강남의원,5758,,110000,서울,110018,송파구,"서울특별시 송파구 마천로51길 2, 2층 (마천동, 수정빌딩)",02-408-7999,127.1505264,37.4955212,C,75793,,,,,,0.0,,,,,,,,,4.0,2.0,5.0,0.0,,,,,,,,,,,,,,,,,3.0,"[{'grdNm': 'asthGrd', 'grdVal': '0'}, {'grdNm': 'ijctmPrscGrd', 'grdVal': '2'}, {'grdNm': 'mdsItmCntGrd', 'grdVal': '4'}, {'grdNm': 'alriAnboPrscGrd', 'grdVal': '0'}, {'grdNm': 'hytenDbmlGrd', 'grdVal': '3'}, {'grdNm': 'anboPrscGrd', 'grdVal': '5'}]",송파구,37.4955212,127.1505264
25497,43,JDQ4MTg4MSM1MSMkMSMkMCMkMDMkNTgxMzUxIzUxIyQxIyQxIyQ3OSQyNjEyMjIjNjEjJDEjJDAjJDgz,81,약국,,마천행복한약국,5758,,110000,서울,110018,송파구,"서울특별시 송파구 마천로51길 2, 수정빌딩 (마천동)",02-449-5982,127.1505264,37.4955212,C,75793,,,,,,,,,,,,,,,,,,,,,,,,,,,,,,,,,,,,[],송파구,37.4955212,127.1505264
25497,44,JDQ4MTg4MSM1MSMkMiMkMCMkMDAkMzgxNzAyIzUxIyQxIyQxIyQ4MiQyNjEyMjIjODEjJDEjJDIjJDgz,31,의원,,이창훈내과의원,5758,,110000,서울,110018,송파구,"서울특별시 송파구 마천로51길 2, (마천동, 3층 4층)",02-448-7577,127.1505264,37.4955212,C,75793,,,,,0.0,5.0,,,,,,,,,2.0,3.0,5.0,3.0,,,,,,,,,,,,,,,,,2.0,"[{'grdNm': 'chronClsAttrLungDsGrd', 'grdVal': '0'}, {'grdNm': 'mdsItmCntGrd', 'grdVal': '2'}, {'grdNm': 'ijctmPrscGrd', 'grdVal': '3'}, {'grdNm': 'asthGrd', 'grdVal': '5'}, {'grdNm': 'alriAnboPrscGrd', 'grdVal': '3'}, {'grdNm': 'hytenDbmlGrd', 'grdVal': '2'}, {'grdNm': 'anboPrscGrd', 'grdVal': '5'}]",송파구,37.4955212,127.1505264
25497,45,JDQ4MTg4MSM1MSMkMSMkNCMkMTMkMzgxNzAyIzUxIyQxIyQ1IyQ5OSQyNjE4MzIjNjEjJDEjJDAjJDgz,93,한의원,,윤한의원,5746,,110000,서울,110018,송파구,"서울특별시 송파구 성내천로 211, 104동 103,104호 (마천동, 우방아파트)",02-431-2010,127.1520382,37.5004551,C,75803,,,,,,,,,,,,,,,,,,,,,,,,,,,,,,,,,,,,[],송파구,37.5004551,127.1520382
25497,46,JDQ4MTg4MSM1MSMkMiMkNCMkMDAkNDgxMzUxIzExIyQxIyQzIyQ5MiQyNjE0ODEjNzEjJDEjJDgjJDgz,31,의원,,시온뷰티의원,5758,,110000,서울,110018,송파구,"서울특별시 송파구 마천로 311, (마천동, 2층&B1)",02-404-7727,127.150376,37.4954581,C,75804,,,,,,0.0,,,,,,,,,1.0,3.0,0.0,0.0,,,,,,,,,,,,,,,,,4.0,"[{'grdNm': 'asthGrd', 'grdVal': '0'}, {'grdNm': 'mdsItmCntGrd', 'grdVal': '1'}, {'grdNm': 'anboPrscGrd', 'grdVal': '0'}, {'grdNm': 'alriAnboPrscGrd', 'grdVal': '0'}, {'grdNm': 'ijctmPrscGrd', 'grdVal': '3'}, {'grdNm': 'hytenDbmlGrd', 'grdVal': '4'}]",송파구,37.4954581,127.150376
25497,47,JDQ4MTg4MSM1MSMkMSMkMCMkMDMkNDgxMzUxIzUxIyQxIyQxIyQ5MiQ0NjE0ODEjNTEjJDEjJDIjJDgz,81,약국,,윤호약국,5758,,110000,서울,110018,송파구,"서울특별시 송파구 마천로 311, (마천동)",02-400-0148,127.150376,37.4954581,C,75804,,,,,,,,,,,,,,,,,,,,,,,,,,,,,,,,,,,,[],송파구,37.4954581,127.150376
25497,48,JDQ4MTg4MSM1MSMkMSMkMCMkNzIkNDgxOTYxIzUxIyQxIyQ1IyQ3OSQyNjEwMDIjNTEjJDEjJDIjJDgz,51,치과의원,,상일치과의원,5282,,110000,서울,110002,강동구,"서울특별시 강동구 구천면로 660, 2층 (상일동)",02-429-2923,127.1712273,37.5506952,C,75828,,,,,,,,,,,,,,,,,,,,,,,,,,,,,,,,,,,,[],강동구,37.5506952,127.1712273
25497,49,JDQ4MTg4MSM1MSMkMSMkMCMkMTMkNDgxMzUxIzIxIyQxIyQ5IyQ5MiQzNjE4MzIjNTEjJDEjJDYjJDgz,93,한의원,,동인당한의원,5751,,110000,서울,110018,송파구,"서울특별시 송파구 마천로41길 25, 1,2층 (마천동)",02-443-5512,127.1504129,37.4970771,C,75846,,,,,,,,,,,,,,,,,,,,,,,,,,,,,,,,,,,,[],송파구,37.4970771,127.1504129
25497,50,JDQ4MTg4MSM1MSMkMSMkNCMkMDMkNTgxMzUxIzMxIyQxIyQ3IyQ4MiQzNjEyMjIjNDEjJDEjJDgjJDgz,81,약국,,고덕튼튼약국,5282,,110000,서울,110002,강동구,"서울특별시 강동구 구천면로 658, 1층 (상일동)",02-428-1333,127.1709517,37.5506537,C,75849,,,,,,,,,,,,,,,,,,,,,,,,,,,,,,,,,,,,[],강동구,37.5506537,127.1709517
25497,51,JDQ4MTg4MSM1MSMkMiMkMCMkMDAkNDgxNzAyIzMxIyQxIyQzIyQ3MiQ0NjE0ODEjNTEjJDEjJDIjJDgz,31,의원,,목차수내과의원,5282,,110000,서울,110002,강동구,"서울특별시 강동구 구천면로 658, 3층 (상일동)",02-3426-7010,127.1709484,37.5506697,C,75850,,,,,,5.0,,,,,,,,,3.0,4.0,2.0,3.0,,,,,,,,,,,,,,,,,2.0,"[{'grdNm': 'mdsItmCntGrd', 'grdVal': '3'}, {'grdNm': 'ijctmPrscGrd', 'grdVal': '4'}, {'grdNm': 'anboPrscGrd', 'grdVal': '2'}, {'grdNm': 'alriAnboPrscGrd', 'grdVal': '3'}, {'grdNm': 'hytenDbmlGrd', 'grdVal': '2'}, {'grdNm': 'asthGrd', 'grdVal': '5'}]",강동구,37.5506697,127.1709484
25497,52,JDQ4MTg4MSM1MSMkMSMkNCMkMTMkMzgxNzAyIzUxIyQxIyQxIyQ4MiQzNjE0ODEjNjEjJDEjJDQjJDgz,93,한의원,,일선당한의원,5282,,110000,서울,110002,강동구,"서울특별시 강동구 구천면로 658, 2층 (상일동)",02-429-1310,127.1709484,37.5506697,C,75850,,,,,,,,,,,,,,,,,,,,,,,,,,,,,,,,,,,,[],강동구,37.5506697,127.1709484
25497,53,JDQ4MTg4MSM1MSMkMSMkMCMkNzIkNTgxOTYxIzIxIyQxIyQ5IyQwMyQzNjEwMDIjNTEjJDEjJDYjJDgz,51,치과의원,,서울용한치과의원,5768,,110000,서울,110018,송파구,"서울특별시 송파구 오금로 543, (거여동)",02-407-2080,127.1490407,37.4930449,C,75851,,,,,,,,,,,,,,,,,,,,,,,,,,,,,,,,,,,,[],송파구,37.4930449,127.1490407
25497,54,JDQ4MTg4MSM1MSMkMiMkOCMkMDAkMzgxMzUxIzMxIyQxIyQ3IyQ3OSQyNjE4MzIjNDEjJDEjJDgjJDgz,31,의원,,송파센텀정형외과의원,5768,,110000,서울,110018,송파구,"서울특별시 송파구 오금로 543, 4층, 5층(거여동, 서평프라자) (거여동)",02-400-1191,127.1490407,37.4930449,C,75851,,,,,,,,,,,,,,,5.0,3.0,0.0,,,,,,,,,,,,,,,,,,2.0,"[{'grdNm': 'ijctmPrscGrd', 'grdVal': '3'}, {'grdNm': 'anboPrscGrd', 'grdVal': '0'}, {'grdNm': 'hytenDbmlGrd', 'grdVal': '2'}, {'grdNm': 'mdsItmCntGrd', 'grdVal': '5'}]",송파구,37.4930449,127.1490407
25497,55,JDQ4MTg4MSM1MSMkMSMkNCMkMDMkNTgxOTYxIzExIyQxIyQ3IyQ3OSQ0NjEwMDIjNjEjJDEjJDgjJDgz,81,약국,,이화힐약국,5768,,110000,서울,110018,송파구,"서울특별시 송파구 오금로 543, 1층 (거여동)",070-8806-2998,127.1490407,37.4930449,C,75851,,,,,,,,,,,,,,,,,,,,,,,,,,,,,,,,,,,,[],송파구,37.4930449,127.1490407
25497,56,JDQ4MTg4MSM1MSMkMiMkNCMkMDAkNDgxOTYxIzUxIyQxIyQ1IyQ4MiQ0NjE0ODEjODEjJDEjJDIjJDgz,31,의원,,해피아이리스의원,5768,,110000,서울,110018,송파구,"서울특별시 송파구 오금로 543, 6층 (거여동)",02-448-4892,127.1490407,37.4930449,C,75851,,,,,,,,,,,,,,,1.0,4.0,0.0,,,,,,,,,,,,,,,,,,,"[{'grdNm': 'mdsItmCntGrd', 'grdVal': '1'}, {'grdNm': 'anboPrscGrd', 'grdVal': '0'}, {'grdNm': 'ijctmPrscGrd', 'grdVal': '4'}]",송파구,37.4930449,127.1490407
25497,57,JDQ4MTg4MSM1MSMkMSMkNCMkMDMkMzgxMTkxIzMxIyQxIyQzIyQ4MiQzNjEwMDIjNjEjJDEjJDAjJDgz,81,약국,,보성약국,5752,,110000,서울,110018,송파구,"서울특별시 송파구 성내천로 212, (마천동)",02-443-3532,127.1512123,37.5000157,C,75860,,,,,,,,,,,,,,,,,,,,,,,,,,,,,,,,,,,,[],송파구,37.5000157,127.1512123
25497,58,JDQ4MTg4MSM1MSMkMiMkMCMkMDAkNDgxOTYxIzUxIyQyIyQxIyQwMCQ0NjE0ODEjNjEjJDEjJDgjJDgz,31,의원,,새생명이현수내과의원,5752,,110000,서울,110018,송파구,"서울특별시 송파구 성내천로 212, 2층 (마천동)",02-430-2139,127.1512123,37.5000157,C,75860,,,,,,5.0,,,,,,,,,4.0,5.0,,5.0,,,,,,,,,,,,,4.0,,,,3.0,"[{'grdNm': 'mdsItmCntGrd', 'grdVal': '4'}, {'grdNm': 'asthGrd', 'grdVal': '5'}, {'grdNm': 'ijctmPrscGrd', 'grdVal': '5'}, {'grdNm': 'glomSymtGrd', 'grdVal': '4'}, {'grdNm': 'hytenDbmlGrd', 'grdVal': '3'}, {'grdNm': 'alriAnboPrscGrd', 'grdVal': '5'}]",송파구,37.5000157,127.1512123
25497,59,JDQ4MTg4MSM1MSMkMSMkMCMkNzIkMzgxMTkxIzUxIyQxIyQxIyQ5OSQzNjE4MzIjNTEjJDEjJDYjJDgz,51,치과의원,,이계원치과의원,5752,,110000,서울,110018,송파구,"서울특별시 송파구 성내천로 212, 2층 (마천동)",02-430-2559,127.1512123,37.5000157,C,75860,,,,,,,,,,,,,,,,,,,,,,,,,,,,,,,,,,,,[],송파구,37.5000157,127.1512123
25497,60,JDQ4MTg4MSM1MSMkMSMkNCMkMDMkNTgxMzUxIzExIyQxIyQ3IyQ4OSQyNjE0ODEjNjEjJDEjJDAjJDgz,81,약국,,강일역1번출구약국,5217,,110000,서울,110002,강동구,"서울특별시 강동구 고덕로 433, 1층 (강일동)",02-3427-2225,127.1738776,37.5575129,C,75862,,,,,,,,,,,,,,,,,,,,,,,,,,,,,,,,,,,,[],강동구,37.5575129,127.1738776
