순번,자치구,구역명,위치,Unnamed: 4,사업방법,Unnamed: 6,Unnamed: 7,사업추진단계,기존 가구수(멸실량),추진단계,Unnamed: 11,Unnamed: 12,Unnamed: 13,Unnamed: 14,Unnamed: 15,Unnamed: 16,Unnamed: 17,Unnamed: 18,Unnamed: 19,Unnamed: 20,Unnamed: 21,공급형태별 건립세대수 (공급량),Unnamed: 23,Unnamed: 24,gu_std
,,,,,,,,,,,,,,,,,,,,,,총합계,분양,임대,
,,,,,,,,,,"구역지정
(아파트 지구는 정비계획 수립)",,추진위원회,"조합설립인가
(사업시행자 지정일)",건축심의,사업시행인가,,"관리처분
계획인가",,이주,,착공,,,,
,,,위치1(지번주소),위치2(도로명주소),공공/민간,일반/재촉지구,사업유형,,,최초,변경(최종),,,,최초,변경(최종),최초,변경(최종),이주시작일,이주종료일,,,,,
1.0,종로구,수송1-2,수송동 146-12,종로1길 36,민간,일반,도시정비형 재개발,구역지정,0.0,2010-12-30,2024-11-21,,,,,,,,,,,0,0,0,종로구
2.0,종로구,수송1-7,수송동 80,종로5길 68,민간,일반,도시정비형 재개발,건축심의,0.0,2010-12-30,2025-03-28,,,2025-07-17,,,,,,,,0,0,0,종로구
3.0,종로구,신문로2-12,신문로1가 158,세종대로21길 71,공공,일반,도시정비형 재개발,조합설립,0.0,1983-09-30,2025-12-04,,2021-08-27,,,,,,,,,128,64,64,종로구
4.0,종로구,신영1,신영동 158-2,세검정로6길 62-2,민간,일반,주택정비형 재개발,관리처분,66.0,2000-06-01,2024-08-16,,2003-07-07,,2018-10-19,2025-02-19,2022-02-26,2025-10-10,2022-11-19,2023-02-01,,199,199,0,종로구
5.0,종로구,종로6가,종로6가 117,종로 269-3,민간,일반,도시정비형 재개발,구역지정,165.0,2009-10-01,2012-05-24,,,,,,,,,,,199,0,199,종로구
6.0,종로구,사직2,사직동 311-10,사직로 62-2,민간,일반,도시정비형 재개발,사업시행,0.0,2009-11-19,2013-10-28,2003-11-21,2010-07-19,2011-11-10,2012-09-21,,,,,,,456,378,78,종로구
7.0,종로구,돈의문2,교남동 28,통일로 150-7,민간,재촉,도시정비형 재개발,관리처분,0.0,2003-11-18,2006-04-13,,2024-06-21,2023-11-13,2024-06-21,,2025-05-23,,,,,228,151,77,종로구
8.0,종로구,세운2,장사동 67,종로22길 13-2,민간,재촉,도시정비형 재개발,구역지정,48.0,2006-10-26,2024-06-27,,,,,,,,,,,0,0,0,종로구
9.0,종로구,세운4,예지동 85,종로30길 19-8,민간,재촉,도시정비형 재개발,관리처분,0.0,2004-02-05,2014-03-27,,,2018-11-27,2018-06-29,2021-12-17,2020-02-28,,2021-11-01,2021-12-31,,0,0,0,종로구
10.0,종로구,"공평15,16",인사동 87,-,민간,일반,도시정비형 재개발,착공,0.0,1978-09-26,2021-09-02,,,2019-12-10,2020-05-18,2022-05-04,2020-11-16,2023-02-17,,,2022-11-17,0,0,0,종로구
11.0,종로구,공평3,공평동 1,인사동5길 41,민간,일반,도시정비형 재개발,건축심의,0.0,1978-09-26,2024-11-14,,,2025-06-19,,,,,,,,0,0,0,종로구
12.0,종로구,관수동일반정비3,관수동 59 일대,돈화문로 15,민간,일반,도시정비형 재개발,사업시행,0.0,2024-04-11,2025-02-06,,,2025-05-15,2025-08-22,,,,,,,0,0,0,종로구
13.0,종로구,관수동일반정비8,관수동 129-1 일대,청계천로 113,민간,일반,도시정비형 재개발,사업시행,0.0,2024-04-11,2024-02-06,,,2025-04-24,2025-09-26,,,,,,,0,0,0,종로구
14.0,종로구,내자필운2-1,내자동 81,사직로12길 19-12,민간,일반,도시정비형 재개발,구역지정,0.0,2011-05-06,2025-09-11,,,,,,,,,,,376,55,321,종로구
15.0,종로구,서린345지구,"서린동 111-1번지 일대
",,민간,일반,도시정비형 재개발,사업시행,0.0,1983-09-06,2025-01-02,,,2024-11-29,2025-04-08,2025-04-08,,,,,,0,0,0,종로구
16.0,종로구,수송1-3,수송동 146-2,종로1길 36,공공,일반,도시정비형 재개발,사업시행,0.0,2010-12-30,2025-01-17,,,2024-01-09,2025-02-14,,,,,,,0,0,0,종로구
17.0,종로구,숭인동56일대,숭인동 56-4번지 일원,,민간,일반,주택정비형 재개발,구역지정,709.0,2024-12-19,,,,,,,,,,,,974,804,170,종로구
18.0,종로구,창신1-6,창신동 459-12번지 일원,종로48길 27,민간,일반,도시정비형 재개발,조합설립,0.0,2022-04-28,,,2022-10-07,,,,,,,,,0,0,0,종로구
19.0,종로구,창신3,"창신동 412-1번지 일원
","종로54길 39
",민간,일반,도시정비형 재개발,구역지정,0.0,2022-04-28,,,,,,,,,,,,0,0,0,종로구
20.0,종로구,창신4-1,창신동330-1번지 일원,종로 328,민간,일반,도시정비형 재개발,추진위,0.0,2007-04-30,2022-04-28,2017-07-04,,,,,,,,,,0,0,0,종로구
21.0,종로구,창신동23-606번지일원,"창신동 23-606번지 일원
",,민간,일반,주택정비형 재개발,구역지정,2172.0,2025-11-13,,,,,,,,,,,,2667,2342,325,종로구
22.0,종로구,창신동23일대,"창신동 23-2번지 일원
",,민간,일반,주택정비형 재개발,구역지정,426.0,2024-12-19,,,,,,,,,,,,1034,879,155,종로구
23.0,종로구,창신동629번지일원,"창신동 629번지 일원
",,민간,일반,주택정비형 재개발,구역지정,1780.0,2025-11-13,,,,,,,,,,,,1875,1646,229,종로구
24.0,중구,광희동1가일원,광희동1가 303-1,마른내로 137,민간,일반,도시정비형 재개발,구역지정,0.0,2024-04-18,2024-04-18,,,,,,,,,,,0,0,0,중구
25.0,중구,남대문-7-1,남창동 9-1,퇴계로 63,민간,일반,도시정비형 재개발,사업시행,0.0,1977-06-29,2025-02-27,,2022-06-22,2025-05-15,2022-06-22,2025-11-21,,,,,,299,0,299,중구
26.0,중구,남대문로5가구역84-1구역,남대문로5가 84-1,세종대로 10-2,민간,일반,도시정비형 재개발,구역지정,0.0,2025-05-29,2025-05-29,,,,,,,,,,,0,0,0,중구
27.0,중구,"마포로5-10,11",중림동 157-2,서소문로 26,민간,일반,도시정비형 재개발,관리처분,0.0,1979-09-21,2023-12-28,,2022-08-24,2024-04-18,2022-08-24,2024-11-15,2023-08-30,2025-12-10,,,,299,205,94,중구
28.0,중구,마포로5-9-1,순화동 6-10,,민간,일반,도시정비형 재개발,착공,15.0,1979-09-21,2025-12-11,,2022-07-22,2022-03-16,2022-07-22,2023-11-03,2023-06-20,2023-06-20,,,2024-01-12,102,63,39,중구
29.0,중구,명동-1,을지로2가 185,을지로 76,민간,일반,도시정비형 재개발,착공,0.0,1983-09-30,2025-04-02,,2024-06-03,2024-03-04,2024-06-03,2025-04-30,2025-02-12,2025-02-12,,,2025-07-30,0,0,0,중구
30.0,중구,명동-2,을지로2가 163-3,을지로 80-1,민간,일반,도시정비형 재개발,관리처분,1.0,1983-09-30,2020-11-26,,2023-09-20,2023-01-18,2023-09-20,2023-09-20,2025-07-23,,,,,0,0,0,중구
31.0,중구,무교다동-16,다동 130,다동길 30,민간,일반,도시정비형 재개발,건축심의,0.0,1973-09-06,2022-08-25,,,2023-03-07,,,,,,,,0,0,0,중구
32.0,중구,무교다동-29,을지로1가 16,무교로 6,민간,일반,도시정비형 재개발,관리처분,0.0,1973-09-06,2024-08-07,,2024-11-20,2024-03-26,2024-11-20,2024-11-20,2025-09-17,,,,,0,0,0,중구
33.0,중구,무교다동-31,을지로1가 42,남대문로9길 39,민간,일반,도시정비형 재개발,착공,0.0,1973-09-06,2023-09-21,,2024-06-19,2024-01-23,2024-06-19,2024-06-19,2024-11-22,2024-11-22,,,2025-08-25,0,0,0,중구
34.0,중구,봉래-2,봉래동1가 48-3,칠패로 36,민간,일반,도시정비형 재개발,구역지정,0.0,2017-08-24,2025-03-20,,,,,,,,,,,0,0,0,중구
35.0,중구,봉래-3,남대문로5가 63-1,세종대로1길 7,민간,일반,도시정비형 재개발,사업시행,0.0,2017-08-24,2024-08-07,,,2024-09-13,2025-06-25,2025-06-25,,,,,,0,0,0,중구
36.0,중구,서-서1·2-1,순화동 7,서소문로 88,민간,일반,도시정비형 재개발,착공,0.0,1973-09-06,2024-06-20,,2022-07-27,2024-09-13,2022-07-27,2022-07-16,2022-12-28,2022-12-28,,,2025-11-07,0,0,0,중구
37.0,중구,서소문-10,서소문 58-7,서소문로 106,민간,일반,도시정비형 재개발,착공,0.0,1973-09-06,2021-12-30,,2022-09-21,2024-08-20,2022-09-21,2024-11-15,2024-03-20,2024-03-20,,,2025-01-15,0,0,0,중구
38.0,중구,"서소문-11,12",서소문동 58-9,서소문로 100,민간,일반,도시정비형 재개발,착공,0.0,1973-09-06,2023-09-14,,2023-02-08,2024-04-18,2023-02-08,2024-11-15,2025-03-12,2025-03-12,,,2025-03-31,0,0,0,중구
39.0,중구,"세운3-2,3",입정동 175-1,,민간,재촉,도시정비형 재개발,착공,0.0,2009-03-19,2023-12-07,,2017-04-26,2024-03-26,2017-04-26,2025-02-12,2021-07-07,2025-06-25,,,2025-03-20,0,0,0,중구
40.0,중구,"세운3-8,9,10",을지로3가 227,을지로15길 10,민간,재촉,도시정비형 재개발,사업시행,2.0,2009-03-19,2023-12-07,,2021-11-17,2024-03-26,2021-11-17,2025-06-18,,,,,,0,0,0,중구
41.0,중구,"세운5-1,3",산림동 190-3,을지로19길 28,민간,재촉,도시정비형 재개발,관리처분,0.0,2009-03-19,2023-10-26,,2020-09-16,2024-02-13,2020-09-16,2024-06-19,2024-12-13,2024-12-13,2025-03-01,2025-08-31,,0,0,0,중구
42.0,중구,세운6-1-3,인현동1가 31,을지로20길 24-10,민간,재촉,도시정비형 재개발,추진위,0.0,2006-10-26,2025-07-24,2025-10-01,,,,,,,,,,0,0,0,중구
43.0,중구,세운6-3-3,을지로4가 310-2,을지로22길 11,민간,재촉,도시정비형 재개발,착공,0.0,2009-03-19,2025-04-24,,2017-11-17,2024-03-26,2017-11-17,2025-06-25,2020-10-21,2021-05-20,,,2021-07-02,0,0,0,중구
44.0,중구,"세운6-4-22,23",충무로4가 108-21,퇴계로 223,민간,재촉,도시정비형 재개발,사업시행,0.0,2009-03-19,2024-01-25,,2022-09-23,2021-09-15,2022-09-23,2022-09-23,,,,,,0,0,0,중구
45.0,중구,수표,입정동 237,충무로13길 7,민간,일반,도시정비형 재개발,착공,0.0,2010-08-26,2025-02-19,,2022-07-06,2024-10-31,2020-11-18,2025-04-25,2022-06-29,2023-11-01,,,2024-07-05,0,0,0,중구
46.0,중구,신당10,신당동 236-100,다산로33라길 32-7,민간,일반,주택정비형 재개발,조합설립,899.0,2023-06-22,2023-06-22,,2023-12-27,,,,,,,,,1423,1107,316,중구
47.0,중구,신당8,청구동 321-1,다산로28길 22,민간,일반,주택정비형 재개발,관리처분,1182.0,2007-05-25,2023-06-07,2004-12-30,2016-12-12,2017-12-19,2018-12-05,2023-07-26,2024-05-31,2024-05-31,2024-11-01,2025-12-31,,1159,983,176,중구
48.0,중구,신당9,신당동 432-1008,다산로5길 6-10 ,민간,일반,주택정비형 재개발,건축심의,261.0,2010-11-04,2022-11-09,2005-01-24,2018-04-20,2020-11-18,,,,,,,,315,315,0,중구
49.0,중구,"양동-11,12",남대문로5가 580,,민간,일반,도시정비형 재개발,관리처분,173.0,1978-09-26,2024-08-29,,2023-03-22,2025-01-16,2023-03-22,2025-06-30,2025-10-22,2022-07-20,,,,0,0,0,중구
50.0,중구,"양동-4-2,7",남대문로5가 395,소월로 50,민간,일반,도시정비형 재개발,관리처분,0.0,1978-09-26,2024-12-18,,2024-12-24,2024-07-16,2024-12-24,2024-12-24,2025-03-19,2025-03-19,2025-02-03,2025-04-11,,0,0,0,중구
51.0,중구,"양동-8-1,6",남대문로5가 526,퇴계로 18,민간,일반,도시정비형 재개발,관리처분,0.0,1978-09-26,2025-04-23,,,2024-12-23,2025-04-30,2025-04-30,2025-10-24,2022-07-20,,,,0,0,0,중구
52.0,중구,"을지로2가-1,3,6,18",삼각동 66-1,청계천로 54,민간,일반,도시정비형 재개발,구역지정,0.0,1977-06-29,2024-12-05,,,,,,,,,,,0,0,0,중구
53.0,중구,"을지로3가-1,2",수표동 56-9,삼일대로12길 15,민간,일반,도시정비형 재개발,착공,0.0,2016-10-06,2023-07-20,,2023-09-27,2023-07-11,2023-09-27,2025-10-01,2024-03-11,2024-03-11,,,2025-08-22,0,0,0,중구
54.0,중구,을지로3가-10,을지로3가 95-12,을지로11길 12,민간,일반,도시정비형 재개발,관리처분,0.0,2016-10-06,2024-09-25,,2024-02-28,2023-11-13,2024-02-28,2024-02-28,2024-09-27,2024-09-27,,,,0,0,0,중구
55.0,중구,을지로3가-12,을지로3가 65-14,충무로9길 17,민간,일반,도시정비형 재개발,착공,0.0,2016-10-06,2021-01-28,,2021-09-01,2021-04-28,2021-09-01,2025-01-02,2022-06-15,2022-06-15,,,2023-09-27,0,0,0,중구
56.0,중구,을지로3가-6,수표동 35-10,수표로 66,민간,일반,도시정비형 재개발,착공,0.0,2016-10-06,2020-11-26,,2021-06-16,2020-12-16,2021-03-03,2021-06-16,2022-04-06,2022-04-06,,,2023-04-06,0,0,0,중구
57.0,중구,을지로3가-9,을지로3가 5-1,충무로9길 29,민간,일반,도시정비형 재개발,착공,0.0,2016-10-06,2024-08-16,,2022-12-21,2024-10-11,2022-12-21,2025-02-12,2023-09-13,2025-03-26,,,2025-04-15,0,0,0,중구
58.0,중구,중림동398,중림동 398,서소문로 8,민간,일반,주택정비형 재개발,조합설립,280.0,2023-09-14,2023-09-14,,2024-12-19,,,,,,,,,791,600,191,중구
59.0,용산구,한강맨션아파트,이촌동 300-23,이촌로 248,민간,일반,아파트지구 재건축,관리처분,660.0,2018-03-15,2023-09-07,2003-12-26,2017-06-05,2019-09-10,2021-09-24,,2022-12-02,,,,,1441,1303,138,용산구
60.0,용산구,후암1,후암동 142-4,한강대로98나길 26,민간,일반,단독주택 재건축,추진위,730.0,,,2007-04-23,,,,,,,,,,0,0,0,용산구
61.0,용산구,한강삼익아파트,이촌동 300-301,이촌로 264,민간,일반,아파트지구 재건축,사업시행,252.0,2018-03-15,2023-04-28,,2003-05-10,2019-03-12,2020-06-05,,,,,,,329,277,52,용산구
62.0,용산구,왕궁아파트,이촌동 300-11,이촌로88길 15,민간,일반,아파트지구 재건축,조합설립,250.0,2023-09-07,2024-11-14,2006-05-23,2008-12-09,,,,,,,,,318,260,58,용산구
63.0,용산구,청화아파트,이태원동 22-2,장문로 27,민간,일반,공동주택 재건축,추진위,578.0,,,2009-12-30,,,,,,,,,,0,0,0,용산구
64.0,용산구,이촌1,"이촌동 199,203,206","이촌로80-8,60, 이촌로14길 11-22",민간,일반,단독주택 재건축,추진위,520.0,,,2007-02-23,,,,,,,,,,0,0,0,용산구
65.0,용산구,신동아아파트,서빙고동 241-21,서빙고로 241-21 일대,민간,일반,아파트지구 재건축,조합설립,1326.0,,,2017-10-13,2021-01-07,,,,,,,,,0,0,0,용산구
66.0,용산구,중산시범아파트,이촌동 211-2,이촌로2가길 36,민간,일반,공동주택 재건축,추진위,266.0,,2016-01-12,2005-07-12,,,,,,,,,,0,0,0,용산구
67.0,용산구,강변강서아파트,"이촌동 193-3,5","이촌로 104, 이촌로34길 10",공공,일반,아파트지구 재건축,조합설립,213.0,,1976-08-21,1993-04-12,1993-04-12,,,,,,,,,0,0,0,용산구
68.0,용산구,동자동2,동자동 15-1,한강대로 392,민간,일반,도시정비형 재개발,관리처분,15.0,1978-11-30,2025-02-27,,,,1985-12-26,,2020-09-25,,,,,0,0,0,용산구
69.0,용산구,신용산역북측1,한강로2가 2-116,한강로2가 2-116,민간,일반,도시정비형 재개발,사업시행,71.0,2015-07-01,2023-01-20,,,,2021-12-31,,,,,,,324,295,29,용산구
70.0,용산구,신용산역북측2,한강로2가 2-194,새창로 209,민간,일반,도시정비형 재개발,사업시행,75.0,2015-07-01,2023-11-10,,,,2020-12-10,,,,,,,340,314,26,용산구
71.0,용산구,정비창전면1,한강로3가 40-641,한강대로15길 19-17,민간,일반,도시정비형 재개발,조합설립,619.0,2018-04-05,,2018-11-21,2021-08-30,,,,,,,,,777,678,99,용산구
72.0,용산구,용산역전면1-2,한강로3가 40-712,한강대로21나길 40,민간,일반,도시정비형 재개발,추진위,0.0,2006-01-19,,2018-07-13,,,,,,,,,,0,0,0,용산구
73.0,용산구,정비창전면3,한강로3가 40-19,한강대로 23,민간,일반,도시정비형 재개발,조합설립,20.0,2018-04-05,,,2022-08-10,,,,,,,,,128,128,0,용산구
74.0,용산구,남영동업무지구2,갈월동 92,한강대로 273 일대,민간,일반,도시정비형 재개발,조합설립,32.0,2022-08-18,,2022-10-19,2023-04-14,,,,,,,,,565,456,109,용산구
75.0,용산구,산호아파트,원효로4가 118-16,원효로 66,민간,일반,아파트지구 재건축,사업시행,554.0,2020-01-09,2022-06-24,2005-03-11,2017-08-31,2021-04-15,2024-03-29,,,,,,,647,574,73,용산구
76.0,용산구,서계통합구역,서계동 33번지 일대,,민간,일반,주택정비형 재개발,추진위,2892.0,2025-04-10,,2025-11-28,,,,,,,,,,2691,2103,588,용산구
77.0,용산구,청파1구역,청파동2가 11-1,청파로57길 23,민간,일반,주택정비형 재개발,조합설립,640.0,2022-07-14,,2005-08-12,2023-02-17,,,,,,,,,697,581,116,용산구
78.0,용산구,청파2구역,청파동1가 89-18,청파로71나길 23-4,민간,일반,주택정비형 재개발,구역지정,1408.0,2024-10-31,,,,,,,,,,,,1905,1498,407,용산구
79.0,용산구,한강로,한강로1가 158번지 일대,,민간,일반,도시정비형 재개발,건축심의,468.0,2011-10-13,2011-10-13,2012-05-10,2012-10-18,2013-10-15,,,,,,,,406,362,44,용산구
80.0,용산구,한남2구역,보광동 272-3,우사단로4길 4-5,민간,재촉,주택정비형 재개발,관리처분,1799.0,2009-10-01,2009-10-01,2010-06-28,2012-06-01,2020-08-11,2021-11-26,,2025-07-25,,,,,1537,1299,238,용산구
81.0,용산구,한남3구역,"한남동 686
","이태원로 222-32
",민간,재촉,주택정비형 재개발,관리처분,8373.0,2009-10-01,2009-10-01,2010-08-01,2012-09-04,2017-10-24,2019-03-29,2024-09-13,2023-06-23,2023-09-15,2023-10-30,2025-07-01,,5970,4950,1020,용산구
82.0,용산구,한남4구역,보광동 360,장문로15가길 7-16,민간,재촉,주택정비형 재개발,사업시행,2588.0,2009-10-01,2009-10-01,2010-09-29,2015-01-06,2024-05-28,2025-11-14,,,,,,,2331,1981,350,용산구
83.0,용산구,한남5구역,동빙고동 60,서빙고로75가길 5-19,민간,재촉,주택정비형 재개발,건축심의,2635.0,2009-10-01,2009-10-01,2010-06-15,2012-08-22,2024-04-09,,,,,,,,2592,2202,390,용산구
84.0,성동구,성수전략1,성수동1가 72-10,,민간,일반,주택정비형 재개발,조합설립,3121.0,2009-04-23,2011-02-17,2009-10-27,2017-07-18,,,,,,,,,3014,2385,629,성동구
85.0,성동구,성수전략2,성수동2가 506,,민간,일반,주택정비형 재개발,조합설립,2339.0,2009-04-23,2011-02-17,2009-10-27,2020-03-06,,,,,,,,,2609,2061,548,성동구
86.0,성동구,성수전략3,성수동2가 572-7,,민간,일반,주택정비형 재개발,조합설립,2005.0,2009-04-23,2011-02-17,2009-10-27,2019-02-27,,,,,,,,,2213,1727,486,성동구
87.0,성동구,성수전략4,성수동2가 219-4,,민간,일반,주택정비형 재개발,조합설립,1602.0,2009-04-23,2011-02-17,2009-10-22,2016-07-25,,,,,,,,,1439,1172,267,성동구
88.0,성동구,용답동,용답동 108-1,,민간,일반,주택정비형 재개발,착공,1844.0,2007-09-27,2022-12-01,2006-07-30,2007-11-16,2015-08-01,2017-01-12,2024-05-13,2018-07-06,2024-04-04,,,2023-10-24,1670,1365,305,성동구
89.0,성동구,금호16,금호동2가 501-31,,민간,일반,주택정비형 재개발,관리처분,483.0,2007-07-12,2007-07-12,2005-09-30,2008-04-21,2008-02-25,2009-12-17,2024-01-04,2024-04-11,,2024-08-29,2025-08-30,,595,475,120,성동구
90.0,성동구,응봉1,응봉동 193-162,독서당로60가길 6-1,민간,일반,단독주택 재건축,사업시행,621.0,2011-10-27,2023-03-23,2006-08-29,2016-04-22,2021-07-27,2023-04-20,2023-04-20,,,,,,525,525,0,성동구
91.0,성동구,한남하이츠,옥수동 220-1,,민간,일반,공동주택 재건축,사업시행,535.0,2017-02-16,2017-02-16,2003-12-26,2018-05-18,2019-05-28,2020-05-21,2020-05-21,,,,,,790,787,3,성동구
92.0,성동구,장미아파트,성수동1가 656-421,왕십리로 66-15,민간,일반,공동주택 재건축,착공,173.0,2016-09-08,2021-01-07,2004-01-26,2019-03-14,2020-08-04,2021-07-22,2024-03-07,2022-09-29,2024-11-28,,,2024-10-23,287,260,27,성동구
93.0,성동구,장안평중고차매매센터,용답동 234,,민간,일반,도시정비형 재개발,건축심의,0.0,2018-01-11,2018-01-11,2018-05-15,2020-03-23,2023-02-14,,,,,,,,0,0,0,성동구
94.0,성동구,성수1,성수동1가 656-1267,,민간,일반,단독주택 재건축,건축심의,143.0,2008-06-05,2022-10-20,2004-01-15,2020-08-06,2021-03-09,,,,,,,,322,272,50,성동구
95.0,성동구,금호21구역,금호동3가 1번지 일대,무수막길 31,민간,일반,주택정비형 재개발,조합설립,1741.0,2023-09-07,2023-09-07,,2024-10-18,,,,,,,,,1219,999,220,성동구
96.0,성동구,마장동382번지일대,마장동 382,살곶이2길 37,민간,일반,주택정비형 재개발,구역지정,125.0,2025-08-28,,,,,,,,,,,,1000,1000,0,성동구
97.0,성동구,마장세림아파트,마장동 784,마장로42길 16,민간,일반,공동주택 재건축,조합설립,841.0,2022-06-23,2022-06-23,2023-02-20,2023-12-22,,,,,,,,,996,915,81,성동구
98.0,성동구,왕십리역세권4,행당동248번지,,민간,일반,도시정비형 재개발,추진위,79.0,2024-02-15,2024-02-15,2024-03-25,,,,,,,,,,631,477,154,성동구
99.0,광진구,신향빌라,중곡4동 18-24,용마산로24길 13,민간,일반,공동주택 재건축,구역지정,156.0,2022-06-02,2022-06-02,,,,,,,,,,,339,322,17,광진구
100.0,광진구,자양4동A구역주택재개발사업,자양4동 57-90번지 일대,능동로3마길 10-3,민간,일반,주택정비형 재개발,구역지정,1445.0,2025-07-03,,,,,,,,,,,,2999,2447,552,광진구
101.0,광진구,자양5재정비촉진구역,자양동 680-81,자양로 72,민간,재촉,도시정비형 재개발,구역지정,224.0,2018-01-18,2018-01-18,,,,,,,,,,,840,538,302,광진구
102.0,광진구,자양7,자양동 464-40,자양번영로3길 38-14,민간,일반,단독주택 재건축,조합설립,432.0,2018-08-30,,2008-02-05,2021-10-03,,,,,,,,,917,874,43,광진구
103.0,광진구,자양한양아파트,자양동 695,구의 강변로 11,민간,일반,공동주택 재건축,추진위,444.0,2024-05-30,,2025-04-07,,,,,,,,,,859,652,207,광진구
104.0,광진구,중곡아파트,중곡동 190-26,긴고랑로1길 55,공공,일반,공동주택 재건축,조합설립,276.0,2014-11-13,2025-10-16,2005-09-01,2022-07-19,,,,,,,,,348,306,42,광진구
105.0,동대문구,이문4,이문동 86-1,외대역동로34길 52,민간,재촉,주택정비형 재개발,관리처분,2629.0,2008-01-07,2025-04-17,2004-06-23,2017-03-16,2021-10-26,2023-02-16,,2024-04-01,,2024-11-25,2026-03-31,,3488,2778,710,동대문구
106.0,동대문구,전농8,전농동 204,전농로17길 26 ,민간,재촉,주택정비형 재개발,건축심의,1581.0,2008-07-10,2025-06-05,2005-09-27,2021-12-08,2023-10-17,,,,,,,,1760,1409,351,동대문구
107.0,동대문구,전농,전농동 494-1,서울시립대로 57,민간,재촉,도시정비형 재개발,사업시행,474.0,2006-03-30,2006-03-30,2005-12-26,2007-06-22,2023-09-26,2024-12-26,,,,,,,1122,932,190,동대문구
108.0,동대문구,전농12,전농동 643-51,서울시립대로 49,민간,재촉,주택정비형 재개발,조합설립,348.0,2009-06-25,2009-06-25,2007-01-31,2022-01-14,,,,,,,,,297,246,51,동대문구
109.0,동대문구,용두1-1,용두동 24-1,왕산로 138-1,민간,재촉,도시정비형 재개발,구역지정,0.0,2007-05-17,2007-05-17,,,,,,,,,,,0,0,0,동대문구
110.0,동대문구,용두1-2,용두동 23-8,왕산로 142-1,민간,재촉,도시정비형 재개발,사업시행,30.0,2007-05-17,2007-05-17,2019-05-07,2019-10-23,2022-04-26,2022-11-23,,,,,,,243,211,32,동대문구
111.0,동대문구,용두1-4,용두동 26-3,고산자로32길 15-9,민간,재촉,도시정비형 재개발,건축심의,32.0,2005-05-17,2007-05-17,,2024-06-07,2025-03-25,,,,,,,,60,60,0,동대문구
112.0,동대문구,용두1-5,용두동 23-1,왕산로 150,민간,재촉,도시정비형 재개발,추진위,98.0,2005-05-17,2007-05-17,2019-11-12,,,,,,,,,,324,324,0,동대문구
113.0,동대문구,용두1-6,용두동 14-1,왕산로 154,공공,재촉,도시정비형 재개발,건축심의,136.0,2005-05-17,2007-05-17,,2021-07-14,2025-06-19,,,,,,,,977,556,421,동대문구
114.0,동대문구,청량리6,청량리동 205,홍릉로 90,민간,일반,주택정비형 재개발,사업시행,950.0,2008-11-13,2008-11-13,2004-08-04,2019-05-07,2022-04-22,2024-11-07,,,,,,,1493,1239,254,동대문구
115.0,동대문구,제기4,제기동 288,홍릉로15길 11,민간,일반,주택정비형 재개발,관리처분,412.0,2005-12-29,2024-04-18,2006-06-20,2016-05-16,2017-09-26,2019-03-07,2025-06-12,2022-08-25,2022-08-25,2023-06-17,2024-07-01,,909,753,156,동대문구
116.0,동대문구,제기6,제기동 120-104,고산자로52길 20,민간,일반,주택정비형 재개발,관리처분,556.0,2009-02-12,2018-09-27,2004-08-31,2017-12-27,2019-07-24,2020-12-24,2023-03-08,2023-11-09,,2025-06-01,2026-01-01,,423,350,73,동대문구
117.0,동대문구,청량리7,청량리동 199,-,민간,일반,주택정비형 재개발,착공,926.0,2007-09-06,,2004-06-25,2007-12-26,2008-10-15,2009-04-02,2023-03-23,2020-04-23,2023-06-09,,,2022-12-29,761,627,134,동대문구
118.0,동대문구,청량리8,청량리동 435,홍릉로12길 18,민간,일반,주택정비형 재개발,관리처분,381.0,2010-11-25,2023-09-07,2006-01-09,2018-07-11,2022-04-26,2024-07-11,,2025-09-25,,,,,610,460,150,동대문구
119.0,동대문구,장안현대,장안동 95-1,한천로 244,민간,일반,공동주택 재건축,사업시행,456.0,2017-09-14,2022-12-01,2018-06-12,2020-07-10,2022-06-14,2024-08-13,2024-08-13,,,,,,746,641,105,동대문구
120.0,동대문구,제기1(경동미주아파트),제기동 892-68,정릉천동로 80,민간,일반,공동주택 재건축,착공,228.0,2012-10-18,2018-12-27,2008-01-01,2019-05-01,2020-06-23,2021-04-01,2025-07-07,2023-04-13,,,,2025-03-31,351,306,45,동대문구
121.0,동대문구,답십리자동자부품상가,답십리동 952,"전농로4길 62
",민간,일반,도시정비형 재개발,사업시행,0.0,2020-09-03,2025-01-23,2020-09-01,2021-10-01,2023-06-01,2025-04-03,,,,,,,618,478,140,동대문구
122.0,동대문구,신설1,신설동 92-5,하정로6길 14,공공,일반,주택정비형 재개발,사업시행,121.0,2008-10-30,2024-08-08,,2021-07-22,2024-08-20,2025-03-20,,,,,,,299,189,110,동대문구
123.0,동대문구,신이문역세권,이문동 168-1,신이문로24길 31,민간,일반,도시정비형 재개발,조합설립,0.0,2020-12-03,2024-06-13,,2024-09-12,,,,,,,,,1265,899,366,동대문구
124.0,동대문구,용두구역6지구,용두동 52-1,천호대로 27길 73,민간,일반,도시정비형 재개발,구역지정,0.0,2000-02-09,,,,,,,,,,,,0,0,0,동대문구
125.0,동대문구,용두구역7지구,용두동 53-6,왕산로길 6길 27,민간,일반,도시정비형 재개발,구역지정,0.0,2000-02-09,,,,,,,,,,,,0,0,0,동대문구
126.0,동대문구,전농13,전농동 295-29,사가정로 104,민간,재촉,도시정비형 재개발,구역지정,274.0,2024-08-22,,,,,,,,,,,,949,795,154,동대문구
127.0,동대문구,전농9,전농동 103-236,전농로37길 39,공공,일반,주택정비형 재개발,조합설립,884.0,2023-06-29,2023-06-29,2007-07-04,2023-07-13,,,,,,,,,1159,920,239,동대문구
128.0,동대문구,청량리미주아파트,청량리동 235-1,청량리동 235-1,민간,일반,공동주택 재건축,추진위,1089.0,2023-08-03,2023-08-03,2024-10-07,,,,,,,,,,1370,1208,162,동대문구
129.0,동대문구,청량리9,청량리동 19,왕산로51길 13,민간,일반,주택정비형 재개발,구역지정,337.0,2025-06-26,,,,,,,,,,,,843,680,163,동대문구
130.0,동대문구,휘경5,휘경동 43-8,한천로47길 2,민간,일반,주택정비형 재개발,구역지정,459.0,2023-06-22,,,,,,,,,,,,634,594,40,동대문구
131.0,중랑구,상봉7,상봉동 88,상봉로25가길 27,민간,재촉,도시정비형 재개발,사업시행,349.0,2009-08-13,2020-07-16,2009-09-08,2011-12-01,2023-07-25,2015-11-19,,,,,,,841,719,122,중랑구
132.0,중랑구,상봉9,상봉동 83-1,상봉로 117,민간,재촉,도시정비형 재개발,착공,2.0,2015-04-16,2021-07-29,,,2022-04-12,2022-12-29,2024-11-21,2024-05-23,,,,2024-12-09,999,802,197,중랑구
133.0,중랑구,중화3,중화동 303-9,동일로 775-11,민간,재촉,도시정비형 재개발,착공,114.0,2017-11-30,2022-12-22,,,2018-05-29,2018-12-06,2023-12-28,2020-07-24,,,,2025-12-08,176,158,18,중랑구
134.0,중랑구,망우1(염광아파트),망우본동 178-1,망우로81길 27,공공,일반,공동주택 재건축,조합설립,367.0,2011-07-28,2025-03-20,2003-12-30,2012-05-29,,,,,,,,,581,539,42,중랑구
135.0,중랑구,면목7구역,면목본동 69-14,상봉로5길 25,민간,일반,주택정비형 재개발,조합설립,1543.0,2024-01-11,2025-05-29,2024-04-12,2024-09-11,,,,,,,,,1449,1160,289,중랑구
136.0,중랑구,면목8구역,면목5동 172-1,동일로 607,민간,일반,주택정비형 재개발,추진위,946.0,,,2025-12-05,,,,,,,,,,1260,1003,257,중랑구
137.0,중랑구,면목9구역,면목7동 527,용마산로60가길 8-17,공공,일반,주택정비형 재개발,구역지정,795.0,2025-12-26,,,,,,,,,,,,1057,792,265,중랑구
138.0,중랑구,상봉10,상봉동 50-1,망우로55길 39,민간,재촉,도시정비형 재개발,추진위,127.0,2023-06-15,2023-06-15,2024-01-05,,,,,,,,,,498,382,116,중랑구
139.0,중랑구,상봉13구역,망우본동 461-12,봉우재로 229,민간,일반,주택정비형 재개발,추진위,934.0,2025-03-27,,2025-10-28,,,,,,,,,,1249,979,270,중랑구
140.0,중랑구,중화5구역,중화1동 122,봉화산로30길 14,공공,일반,주택정비형 재개발,조합설립,1260.0,2023-12-14,,,2024-01-18,,,,,,,,,1610,1196,414,중랑구
141.0,중랑구,중화동우성타운,중화동 195-2,"동일로 754
",민간,일반,공동주택 재건축,건축심의,96.0,2023-03-16,2025-07-24,,2023-05-11,2025-12-18,,,,,,,,219,213,6,중랑구
142.0,성북구,길음5,정릉동 175,성북구 정릉로29길 18 일대,민간,재촉,주택정비형 재개발,조합설립,466.0,2010-04-08,2023-04-20,2010-06-14,2019-08-19,,,,,,,,,808,660,148,성북구
143.0,성북구,신월곡1,하월곡동 88-142,동소문로42가길 18 일대,민간,재촉,도시정비형 재개발,관리처분,733.0,2009-01-02,2024-12-19,2006-04-07,2009-08-31,2017-08-01,2020-08-20,2023-07-27,2022-11-29,2025-07-02,2023-10-16,이주 중,,2244,2025,219,성북구
144.0,성북구,신길음1,길음동 31-1,성북구 도봉로31 일대,민간,재촉,도시정비형 재개발,건축심의,157.0,2010-04-15,2024-11-14,2008-01-30,2012-11-01,2023-05-30,,,,,,,,405,295,110,성북구
145.0,성북구,신길음,길음동524-87,동소문로41길 4 일대,민간,재촉,도시정비형 재개발,사업시행,414.0,2007-06-09,2022-01-13,2006-03-31,,2023-12-12,2012-11-19,2025-05-29,,,,,,878,670,208,성북구
146.0,성북구,장위14,장위동 233-552,장위로20길 29-9 일대,민간,재촉,주택정비형 재개발,건축심의,2777.0,2008-04-03,2024-07-25,2008-05-30,2010-05-26,2023-11-28,,,,,,,,2439,2000,439,성북구
147.0,성북구,장위15,장위동 233-42,장위로11길 11 일대,민간,재촉,주택정비형 재개발,조합설립,2832.0,2008-04-03,2024-09-19,2010-07-09,2022-03-28,,,,,,,,,3317,2560,757,성북구
148.0,성북구,장위10,장위동 68-37,장위로38길 19-23 일대,민간,재촉,주택정비형 재개발,관리처분,1349.0,2008-04-03,2024-02-29,2008-04-23,2009-07-27,2024-07-02,2013-07-01,2025-06-26,2017-07-27,2023-07-06,2018-05-24,2021-12-01,,1931,1590,341,성북구
149.0,성북구,장위3,장위동 305,한천로101가길 5 일대,민간,재촉,주택정비형 재개발,추진위,931.0,2008-04-03,2008-04-03,2004-09-10,,,,,,,,,,1078,894,184,성북구
150.0,성북구,장위6,장위동 25-55,한천로86가길34 일대,민간,재촉,주택정비형 재개발,착공,1556.0,2008-04-03,2023-03-02,2006-08-08,2010-06-24,2014-03-11,2015-05-01,2023-08-11,2020-07-08,2024-05-03,,,2024-03-20,1637,1352,285,성북구
151.0,성북구,보문5,보문동1가 196-11,고려대로6길 16-5 일대,민간,일반,주택정비형 재개발,착공,223.0,2010-06-10,2018-05-17,2005-10-21,2010-08-24,2017-11-07,2018-07-12,2023-09-04,2020-02-06,2023-05-18,,,2023-06-08,199,199,0,성북구
152.0,성북구,정릉골,정릉동 757,솔샘로15가길 50-4 일대,민간,일반,주택정비형 재개발,관리처분,1237.0,2012-08-02,2012-08-02,2014-06-24,2017-06-02,2020-03-24,2021-12-29,2021-12-29,2024-01-25,,2024-08-13,이주 중,,1411,1411,0,성북구
153.0,성북구,삼선5,삼선동2가 296,삼선교로14길 90-1 일대,민간,일반,주택정비형 재개발,착공,1350.0,2009-06-04,2021-10-14,2005-06-04,2010-07-19,2013-07-23,2016-07-14,2024-08-30,2018-08-30,2021-05-14,,,2023-08-01,1223,1015,208,성북구
154.0,성북구,동소문2,동소문동2가 33,동소문로6길 4-21 일대,민간,일반,주택정비형 재개발,조합설립,386.0,2002-04-23,2011-11-10,2006-03-22,2008-03-17,,,,,,,,,615,453,162,성북구
155.0,성북구,동선2,동선동4가 304-2,동소문로29길 11 일대,민간,일반,주택정비형 재개발,관리처분,235.0,2011-03-03,2021-03-18,2006-01-13,2012-05-16,2013-06-12,2014-02-28,2021-04-01,2019-06-17,2025-04-30,2022-08-18,2023-06-28,,334,277,57,성북구
156.0,성북구,돈암6,돈암동 48-29,동소문로35가길 43 일대,민간,일반,주택정비형 재개발,건축심의,785.0,2011-11-24,2022-10-06,2014-02-26,2019-09-27,2021-05-11,,,,,,,,900,735,165,성북구
157.0,성북구,성북2,성북동 226-103,성북로23길 132-3 일대,민간,재촉,주택정비형 재개발,사업시행,509.0,2011-08-18,2023-10-26,2004-09-13,2014-05-09,2022-09-28,2024-09-05,,,,,,,191,191,0,성북구
158.0,성북구,석관4,"석관동 62-1
",한천로69길 27,민간,일반,주택정비형 재개발,구역지정,1298.0,2025-04-10,,,,,,,,,,,,1530,1277,253,성북구
159.0,성북구,성북1,"성북동 179-68
","성북로8길 26-9
",공공,일반,주택정비형 재개발,조합설립,1397.0,2024-10-04,,2004-07-31,2024-10-31,,,,,,,,,2086,1668,418,성북구
160.0,성북구,안암1,"안암동3가 136-1
",안암로9나길 14 일대,민간,일반,단독주택 재건축,조합설립,434.0,2024-03-28,2024-03-28,,1998-06-15,,,,,,,,,427,427,0,성북구
161.0,성북구,장위8,"장위동 85
",장위로49길18,공공,재촉,주택정비형 재개발,조합설립,1198.0,2023-12-28,2023-12-28,,2024-01-10,,,,,,,,,2846,2062,784,성북구
162.0,성북구,장위9,"장위동 238-83
",장위로33길24-4,공공,재촉,주택정비형 재개발,조합설립,1063.0,2023-12-28,2023-12-28,,2024-01-10,,,,,,,,,2230,1467,763,성북구
163.0,성북구,종암8,종암동 3-10번지 일대,월곡로6길 5-10,민간,일반,주택정비형 재개발,추진위,397.0,2025-05-29,,2025-12-10,,,,,,,,,,694,592,102,성북구
164.0,성북구,종암9,종암동 125-35번지 일대,종암로19라길 14,민간,일반,주택정비형 재개발,추진위,684.0,2025-08-21,,2025-11-28,,,,,,,,,,854,721,133,성북구
165.0,성북구,하월곡1,하월곡동 70-1,오패산로17길 21-19,민간,일반,주택정비형 재개발,추진위,467.0,2025-05-01,,2025-11-17,,,,,,,,,,1990,1587,403,성북구
166.0,강북구,미아2,미아동 403,솔샘로60길 15,민간,재촉,주택정비형 재개발,조합설립,3563.0,2010-03-18,2020-08-27,2004-09-06,2016-05-31,,,,,,,,,4003,3293,710,강북구
167.0,강북구,미아3(재촉),미아동 439,숭인로7나길 33-14,민간,재촉,주택정비형 재개발,관리처분,971.0,2010-03-18,2023-01-05,2010-05-19,2015-01-13,2019-06-11,2021-07-23,2023-01-26,2024-06-03,,2024-11-19,일부 주민 이주중(이주율98%),,1051,893,158,강북구
168.0,강북구,미아4,미아동 1261,삼양로20길 40-15,민간,재촉,단독주택 재건축,관리처분,528.0,2010-03-18,2025-02-20,2006-04-27,2016-02-12,2019-09-10,2021-03-12,2025-09-29,2023-11-30,,2024-05-27,일부 주민 이주중(98%이주완료),,493,483,10,강북구
169.0,강북구,강북5,미아동 61-79,도봉로13가길 9-13 일대,공공,재촉,도시정비형 재개발,조합설립,120.0,2014-03-06,2015-06-11,,2021-11-19,,,,,,,,,688,390,298,강북구
170.0,강북구,강북3,"미아동 45-32번지 일대
",도봉로4길 32,민간,재촉,도시정비형 재개발,사업시행,325.0,2023-04-27,2023-04-27,,2023-06-16,2024-03-04,2024-10-25,,,,,,,920,681,239,강북구
171.0,강북구,미아11,미아동 791-108,삼양로74나길 5,민간,일반,주택정비형 재개발,건축심의,510.0,2010-12-30,2025-09-05,2006-07-12,2022-05-16,2023-06-30,,,,,,,,653,544,109,강북구
172.0,강북구,미아4-1,미아동 8-373,"월계로21길 49
",민간,일반,단독주택 재건축,조합설립,576.0,2009-08-06,2024-12-05,2006-04-27,2020-04-20,,,,,,,,,1015,937,78,강북구
173.0,강북구,미아9-2,미아동 137-72,도봉로22길 9,민간,일반,단독주택 재건축,사업시행,1793.0,2009-07-30,2023-06-02,2006-04-27,2020-04-06,2021-09-14,2023-08-30,,,,,,,1758,1758,0,강북구
174.0,강북구,번동441-3번지일대,"번동 441-3
","
도봉로78길 75",민간,일반,주택정비형 재개발,구역지정,547.0,2025-08-28,,,,,,,,,,,,903,728,175,강북구
175.0,도봉구,도봉2,도봉동 95,마들로 710 일대,민간,일반,주택정비형 재개발,착공,207.0,2007-02-08,2018-11-26,2004-12-09,2007-04-02,2007-04-12,2007-08-30,2019-10-10,2021-03-10,2021-11-16,,,2023-09-01,299,239,60,도봉구
176.0,도봉구,방학3구역,방학동 685 일대,방학로2가길25,민간,일반,주택정비형 재개발,구역지정,384.0,2025-05-22,,,,,,,,,,,,1650,1351,299,도봉구
177.0,도봉구,방학신동아1단지아파트,방학동 272,방학로 193,민간,일반,공동주택 재건축,구역지정,3169.0,2025-10-02,,,,,,,,,,,,4099,3819,280,도봉구
178.0,도봉구,삼환도봉아파트,도봉동 87,도봉로180길 6-119,민간,일반,공동주택 재건축,구역지정,680.0,2025-08-14,,,,,,,,,,,,993,838,155,도봉구
179.0,도봉구,쌍문3,쌍문동 724,노해로38길 15,민간,일반,주택정비형 재개발,조합설립,194.0,2024-02-22,,,2025-09-26,,,,,,,,,320,253,67,도봉구
180.0,도봉구,쌍문한양1차아파트,쌍문동 388-33,우이천로 304,민간,일반,공동주택 재건축,조합설립,863.0,2025-04-17,,2025-06-25,2025-12-30,,,,,,,,,1158,1084,74,도봉구
181.0,도봉구,창동상아1차아파트,창동 299,해등로 118,민간,일반,공동주택 재건축,조합설립,720.0,2025-04-17,,,2025-10-30,,,,,,,,,962,832,130,도봉구
182.0,노원구,상계1,상계동 5-16,덕릉로131길60,민간,재촉,주택정비형 재개발,관리처분,1082.0,2008-09-11,2019-06-27,2008-12-29,2013-08-23,2020-01-06,2020-10-19,2021-03-09,2025-12-23,,,,,1388,1098,290,노원구
183.0,노원구,상계2,상계동 111-206,"상계로35가길27
",민간,재촉,주택정비형 재개발,사업시행,1854.0,2008-09-11,2018-10-26,2009-08-24,2010-05-07,2020-04-14,2021-09-01,2023-07-17,,,,,,2200,1685,515,노원구
184.0,노원구,상계5,상계동 109-43,덕릉로115나길 25,민간,재촉,주택정비형 재개발,건축심의,1174.0,2008-09-11,2023-07-13,2008-11-18,2009-06-23,2025-12-18,,,,,,,,2042,1693,349,노원구
185.0,노원구,월계동(재해관리구역),월계동 487-17,"석계로9길 21, 2층",민간,일반,단독주택 재건축,착공,361.0,2006-03-16,2022-02-10,2006-04-04,2006-06-12,2019-12-03,2006-09-11,2023-05-11,2007-08-08,2021-07-08,,,2025-12-23,355,355,0,노원구
186.0,노원구,월계동신아파트,월계동 436,"석계로5길11, 5층",민간,일반,공동주택 재건축,관리처분,864.0,2009-09-24,2020-09-03,2006-12-04,2017-08-10,2020-02-11,2021-06-14,2021-06-14,2023-09-06,2023-09-06,,,,1060,1060,0,노원구
187.0,노원구,상계주공5단지,상계동 721,동일로 216길 47,민간,일반,공동주택 재건축,사업시행,840.0,2021-03-25,2024-08-29,,2021-05-13,2023-08-29,2024-08-29,2025-12-01,,,,,,996,941,55,노원구
188.0,노원구,상계3,상계동 71-183,덕릉로126라길 8,공공,재촉,주택정비형 재개발,조합설립,2192.0,2024-10-24,2024-10-24,,2025-10-30,,,,,,,,,2550,2001,549,노원구
189.0,노원구,상계5동일대,상계동154-3,,민간,일반,주택정비형 재개발,구역지정,4110.0,2025-04-17,2025-04-17,,,,,,,,,,,4591,3727,864,노원구
190.0,노원구,중계본동(백사마을),중계본동 30-3,중계로2길 2,민간,일반,주택정비형 재개발,관리처분,1154.0,2009-05-28,2019-10-10,,2017-07-06,2020-04-14,2021-03-04,,2024-03-18,,2024-04-11,2025-12-01,,3178,2613,565,노원구
191.0,은평구,불광1,불광동 19-3,불광로 146,민간,일반,단독주택 재건축,사업시행,302.0,2012-09-27,2024-05-23,2006-09-04,2020-08-27,2023-12-21,2024-12-26,,,,,,,499,499,0,은평구
192.0,은평구,불광5,불광동 238,불광로9길,민간,일반,주택정비형 재개발,관리처분,1861.0,2008-12-18,2020-03-26,2005-02-05,2010-11-19,2019-12-24,2021-09-23,2021-09-23,2024-11-28,,2025-09-05,2026-03-04,,2387,2013,374,은평구
193.0,은평구,갈현1,갈현동 300,갈현로41가길 36(갈현동),민간,일반,주택정비형 재개발,착공,3328.0,2011-09-29,2019-11-14,2005-02-04,2015-10-30,2017-09-19,2019-01-31,2020-09-10,2022-05-06,,,,2025-11-28,4116,3496,620,은평구
194.0,은평구,대조1,"대조동 88,89",역말로10길 1-17,민간,일반,주택정비형 재개발,착공,1342.0,2009-05-07,2024-11-07,2005-04-27,2011-12-01,2019-06-19,2017-01-26,2020-10-21,2019-05-23,2023-05-11,,,2022-09-21,2451,2083,368,은평구
195.0,은평구,수색8,수색동 16-2,-,민간,재촉,주택정비형 재개발,관리처분,387.0,2008-05-22,2017-01-26,2008-08-29,2009-05-27,2018-04-01,2018-07-20,2021-07-29,2023-01-26,2022-05-23,2023-10-20,2024-09-28,,578,479,99,은평구
196.0,은평구,증산5,증산동 195,-,민간,재촉,주택정비형 재개발,관리처분,1559.0,2010-12-09,2024-04-04,2011-10-07,2012-03-20,2013-02-01,2013-06-13,2023-01-12,2023-09-11,,2024-06-01,2025-12-31,,1694,1402,292,은평구
197.0,은평구,독바위역세권,불광동 227-7,불광로13가길 12,민간,일반,도시정비형 재개발,건축심의,723.0,2019-07-25,2023-09-14,,,2024-12-23,,,,,,,,1457,1055,402,은평구
198.0,은평구,불광8,불광동 600,불광로2길 6-2,민간,일반,주택정비형 재개발,구역지정,216.0,2024-10-17,2024-10-17,,,,,,,,,,,321,260,61,은평구
199.0,은평구,수색1,"수색동 366-11
",,민간,재촉,도시정비형 재개발,조합설립,51.0,2008-05-22,2008-05-22,2008-09-04,2010-07-01,,,,,,,,,0,0,0,은평구
200.0,은평구,수색12,수색동 369-3,,민간,재촉,도시정비형 재개발,구역지정,31.0,2008-05-22,2008-05-22,,,,,,,,,,,0,0,0,은평구
201.0,은평구,수색3,수색동 106-1,,민간,재촉,도시정비형 재개발,구역지정,5.0,2008-05-22,2008-05-22,,,,,,,,,,,0,0,0,은평구
202.0,은평구,수색5,수색동 102-20,,민간,재촉,도시정비형 재개발,구역지정,2.0,2008-05-22,2008-05-22,,,,,,,,,,,0,0,0,은평구
203.0,은평구,신사동200번지일대,신사동 200번지 일대,,민간,일반,주택정비형 재개발,구역지정,1148.0,2025-10-23,,,,,,,,,,,,1536,1327,209,은평구
204.0,은평구,신사동237번지일대,신사동 237번지 일대,,민간,일반,주택정비형 재개발,조합설립,1191.0,2025-10-23,,,2025-12-18,,,,,,,,,1360,1167,193,은평구
205.0,은평구,역촌역세권(대조동),대조동 59-1,진흥로11길 8-23,민간,일반,도시정비형 재개발,조합설립,585.0,2024-07-25,2024-07-25,2025-03-24,2025-11-17,,,,,,,,,1302,725,577,은평구
206.0,은평구,연신내,"불광동 305-3일대
",통일로 834,민간,일반,도시정비형 재개발,착공,25.0,2011-04-29,2021-04-08,,,2021-07-27,2022-04-07,2023-01-19,2023-04-17,,,,2023-05-04,77,0,77,은평구
207.0,은평구,응암동700번지일대,응암동 700번지 일대,,민간,일반,주택정비형 재개발,추진위,885.0,2025-08-14,,2025-12-24,,,,,,,,,,0,0,0,은평구
208.0,은평구,응암동755번지,응암동 755번지 일대,,민간,일반,주택정비형 재개발,구역지정,996.0,2025-08-14,,,,,,,,,,,,0,0,0,은평구
209.0,서대문구,마포로4-1,북아현동 876,신촌로 37길 56,민간,일반,도시정비형 재개발,구역지정,22.0,1979-09-21,2025-08-07,,,,,,,,,,,105,89,16,서대문구
210.0,서대문구,신촌서대문2-2,창천동 18-42,신촌로 105-5,민간,일반,도시정비형 재개발,착공,0.0,2014-08-21,2014-08-21,,,2021-08-21,2022-08-18,2025-09-10,2025-10-01,,,,2025-11-04,0,0,0,서대문구
211.0,서대문구,마포로5-2,충정로3가 250-70,충정로 30,민간,일반,도시정비형 재개발,조합설립,78.0,1979-09-21,2023-11-02,2008-04-30,2024-07-31,,,,,,,,,192,192,0,서대문구
212.0,서대문구,가재울7,북가좌동 80,"거북골로14길 91
",민간,재촉,주택정비형 재개발,조합설립,1352.0,2012-06-07,2004-12-27,2007-05-02,2022-08-09,,,,,,,,,1435,1236,199,서대문구
213.0,서대문구,가재울9,남가좌동 295-5,수색로 42 일대,민간,재촉,도시정비형 재개발,조합설립,118.0,2021-05-06,2021-05-06,,2021-05-12,,,,,,,,,239,166,73,서대문구
214.0,서대문구,북아현2,북아현동 520,북아현 520번지 일대,민간,재촉,주택정비형 재개발,사업시행,3735.0,2008-02-05,2008-02-05,2008-02-29,2009-03-27,2020-11-10,2009-12-08,2022-03-17,,,,,,2320,1919,401,서대문구
215.0,서대문구,북아현3,북아현동 3-66,북아현동 3-66 일대,민간,재촉,주택정비형 재개발,사업시행,3530.0,2008-02-05,2008-02-05,2008-03-17,2008-09-26,2023-07-11,2011-09-01,,,,,,,4739,3927,812,서대문구
216.0,서대문구,홍제2,홍제동 326-5,통일로 479 일대,민간,재촉,도시정비형 재개발,조합설립,83.0,2005-12-30,2014-12-18,2006-12-01,2015-05-14,,,,,,,,,124,106,18,서대문구
217.0,서대문구,영천,영천동 69-20,영천시장길 14,민간,일반,주택정비형 재개발,착공,139.0,2006-02-23,2006-02-01,2006-09-01,2008-03-27,2021-11-01,2011-04-25,2025-01-20,2020-02-01,2025-04-18,,,2022-11-30,199,199,0,서대문구
218.0,서대문구,북가좌6,북가좌동 372-1,수색로8길 37,민간,일반,단독주택 재건축,건축심의,1611.0,2014-05-29,2024-06-20,2006-11-14,2020-02-13,2025-11-13,,,,,,,,1953,1710,243,서대문구
219.0,서대문구,연희1,연희동 533-5,-,민간,일반,주택정비형 재개발,착공,722.0,2007-06-21,2025-02-05,2004-09-06,2008-03-25,2024-10-31,2010-12-28,2025-04-09,2019-05-17,2024-04-03,,,2025-10-24,959,817,142,서대문구
220.0,서대문구,홍은5,홍은동 277-45,모래내로 347-10,민간,일반,단독주택 재건축,건축심의,377.0,2009-05-21,2025-06-25,2008-01-15,2010-06-04,2025-10-24,,,,,,,,602,578,24,서대문구
221.0,서대문구,홍제3,홍제동 104-41,통일로 32길 36,민간,일반,단독주택 재건축,관리처분,492.0,2010-10-14,2025-04-23,2007-07-12,2011-11-13,2022-10-22,2019-02-20,,2022-07-15,,2024-09-25,2025-12-28,,620,566,54,서대문구
222.0,서대문구,북아현4,북아현동 227-10,북아현동 227-10 일대,민간,재촉,도시정비형 재개발,구역지정,145.0,2025-07-31,,,,,,,,,,,,359,227,132,서대문구
223.0,서대문구,연희2,연희동 721-6,홍연8길 7,공공,일반,주택정비형 재개발,조합설립,789.0,2023-12-14,2023-12-14,,2024-03-13,,,,,,,,,1067,844,223,서대문구
224.0,서대문구,충정로1,충정로3가281-11,충정로4길 5-18,공공,일반,주택정비형 재개발,조합설립,80.0,2024-12-19,2024-12-19,,2025-03-26,,,,,,,,,297,196,101,서대문구
225.0,서대문구,충현2구역,냉천동 171-1,"통일로 139-1
",민간,일반,도시정비형 재개발,구역지정,11.0,2024-08-16,2024-08-16,,,,,,,,,,,0,0,0,서대문구
226.0,서대문구,홍은1(재촉),홍은동 48-163,세검정로1길 11,공공,재촉,도시정비형 재개발,조합설립,157.0,2023-12-07,2023-12-07,,2024-01-31,,,,,,,,,329,219,110,서대문구
227.0,서대문구,홍은15,홍은동 8-400,"포방터2가길 20-4
",민간,일반,주택정비형 재개발,구역지정,1360.0,2025-04-17,2025-04-17,,,,,,,,,,,1834,1533,301,서대문구
228.0,서대문구,홍제3(재촉),홍제동 306-2,통일로 445,민간,재촉,도시정비형 재개발,추진위,0.0,,,2006-09-22,,,,,,,,,,0,0,0,서대문구
229.0,서대문구,홍제동267-1,홍제동 267-1,세무서10길 27-1,민간,일반,주택정비형 재개발,추진위,127.0,2025-12-26,2025-12-26,2025-12-19,,,,,,,,,,877,692,185,서대문구
230.0,서대문구,홍제역역세권활성화사업,"홍제동 298-9
",인왕시장길 16,공공,일반,도시정비형 재개발,조합설립,375.0,2025-07-03,,,2025-09-03,,,,,,,,,1121,980,141,서대문구
231.0,마포구,신촌지역(마포)4-10,노고산동 109-62,백범로4길 14,민간,일반,도시정비형 재개발,관리처분,178.0,2014-08-28,2024-07-04,,,2024-03-04,2024-09-12,,2025-03-27,,,,,295,246,49,마포구
232.0,마포구,신촌지역(마포)4-12,노고산동 106-46,서강로20길 24,민간,일반,도시정비형 재개발,관리처분,7.0,2014-08-28,2023-10-19,,,2024-02-13,2025-02-13,,2025-09-25,,,,,218,161,57,마포구
233.0,마포구,신촌지역(마포)4-1,"노고산동 107-2
",서강로 144,민간,일반,도시정비형 재개발,관리처분,0.0,2014-08-28,2023-10-19,,,2023-12-12,2025-02-13,,2025-12-11,,,,,133,107,26,마포구
234.0,마포구,신촌지역(마포)3-3,노고산동 31-77,"백범로1길 8
",민간,일반,도시정비형 재개발,관리처분,29.0,2014-08-28,2020-12-17,,,2021-10-12,2022-02-17,,2022-09-01,,2019-07-17,2022-10-31,,288,237,51,마포구
235.0,마포구,신촌지역(마포)4-5,"노고산동 109-125
",,민간,일반,도시정비형 재개발,구역지정,0.0,2014-08-28,2014-08-28,,,,,,,,,,,40,22,18,마포구
236.0,마포구,신촌지역(마포)2-7,"노고산동 57-20
",신촌로18길 9,민간,일반,도시정비형 재개발,관리처분,1.0,2014-08-28,2022-09-08,,,2023-04-11,2023-11-23,2023-11-23,2024-09-05,2024-09-05,,,,189,140,49,마포구
237.0,마포구,신촌지역(마포)4-9,노고산동 106-9,백범로2길 15,민간,일반,도시정비형 재개발,관리처분,13.0,2014-08-28,2022-10-20,,,2023-04-25,2024-01-25,2025-05-15,2025-11-13,2025-11-13,,,,286,210,76,마포구
238.0,마포구,공덕1,공덕동 105-84,마포대로16길 20,민간,일반,단독주택 재건축,착공,701.0,2011-06-30,2020-10-22,2006-08-07,2014-03-28,2015-11-10,2017-07-23,2025-03-11,2018-04-19,2023-07-31,,,2023-10-23,1101,1036,65,마포구
239.0,마포구,성산시영아파트,성산동 446,월드컵북로 235,민간,일반,공동주택 재건축,조합설립,3710.0,2023-12-28,2023-12-28,2025-03-14,2025-12-22,,,,,,,,,4823,4307,516,마포구
240.0,마포구,마포로1-10,도화동 536,토정로37길 46,민간,일반,도시정비형 재개발,사업시행,90.0,1979-09-21,2022-03-03,2019-10-22,2020-06-04,2023-01-16,2025-04-05,,,,,,,231,185,46,마포구
241.0,마포구,마포로3-1,"아현동 617-1
",마포대로 193,민간,일반,도시정비형 재개발,착공,4.0,1979-09-21,2024-04-18,,,2021-08-24,2021-12-23,2024-05-20,2023-01-19,,,,2024-09-06,198,163,35,마포구
242.0,마포구,마포로1-34,도화동 169-1,마포대로 58,민간,일반,도시정비형 재개발,건축심의,0.0,1979-09-21,2022-06-16,,,2023-01-16,,,,,,,,44,0,44,마포구
243.0,마포구,마포로3-3,아현동 613-10,마포대로19길 8,민간,일반,도시정비형 재개발,착공,117.0,1979-09-21,2024-07-04,,,2008-09-18,2009-03-12,2020-06-25,2020-08-27,,,,2023-11-21,239,239,0,마포구
244.0,마포구,마포로1-58-2,도화동 16-1,독막로 319,민간,일반,도시정비형 재개발,관리처분,0.0,2004-05-15,2024-12-05,,,2021-12-09,2022-06-09,2025-08-28,2022-11-10,,,,,178,178,0,마포구
245.0,마포구,공덕6,공덕동 119,마포대로14길 일대,민간,일반,주택정비형 재개발,사업시행,85.0,2010-03-04,2019-01-03,2004-07-20,2021-03-16,2022-07-22,2024-06-20,,,,,,,166,155,11,마포구
246.0,마포구,공덕7,공덕동 115-97,만리재옛6길 11-1 일대,민간,일반,주택정비형 재개발,구역지정,453.0,2024-05-30,2024-05-30,,,,,,,,,,,703,597,106,마포구
247.0,마포구,공덕8,공덕동 11-24,만리재로12나길 20,민간,일반,주택정비형 재개발,구역지정,973.0,2024-12-05,2024-12-05,,,,,,,,,,,1564,1258,306,마포구
248.0,마포구,염리4,염리동 488-14,숭문16나길 11 일대,민간,일반,주택정비형 재개발,구역지정,766.0,2025-12-18,,,,,,,,,,,,1120,862,258,마포구
249.0,마포구,합정7,합정동 381-49 일대,양화로 28-10,민간,재촉,도시정비형 재개발,착공,63.0,2022-11-17,2022-11-17,,,2023-02-28,2023-08-10,2024-07-11,2023-12-07,,,,2024-12-30,198,165,33,마포구
250.0,양천구,신정1-3,양천구 신정동 606,양천구 신월로 216,민간,재촉,주택정비형 재개발,사업시행,176.0,2005-11-24,2011-07-07,2005-09-28,2007-03-26,2008-08-20,2009-03-18,2019-12-27,,,,,,211,175,36,양천구
251.0,양천구,신정3-1,양천구 신정동 1190,양천구 중앙로45길 8-32,민간,재촉,도시정비형 재개발,추진위,222.0,2010-08-05,2010-08-05,2010-12-02,,,,,,,,,,155,148,7,양천구
252.0,양천구,신정3-2,양천구 신정동 1182,양천구 중앙로43길 23,민간,재촉,도시정비형 재개발,추진위,163.0,2010-08-05,2010-08-05,2012-08-30,,,,,,,,,,155,146,9,양천구
253.0,양천구,신정4,양천구 신정동 1200,양천구 중앙로45길 27-19,민간,재촉,단독주택 재건축,관리처분,1592.0,2017-08-17,2022-02-17,2018-06-11,2019-08-27,2022-09-27,2024-07-25,,2025-09-25,,,,,1713,1651,62,양천구
254.0,양천구,목2동232번지일대,목2동 232번지 일대,양천구 목동중앙본로18가길 16,민간,일반,주택정비형 재개발,구역지정,302.0,2025-09-25,,,,,,,,,,,,586,495,91,양천구
255.0,양천구,목동10단지,양천구 신정동 311,양천구 목동서로 400,민간,일반,공동주택 재건축,조합설립,2160.0,2025-07-31,2025-07-31,,2025-10-23,,,,,,,,,4050,3541,509,양천구
256.0,양천구,목동11단지,양천구 신정동 325,양천구 목동동로 10,민간,일반,공동주택 재건축,구역지정,1595.0,2025-11-13,2025-11-13,,,,,,,,,,,2679,2327,352,양천구
257.0,양천구,목동12단지,양천구 신정동 326,양천구 목동동로 50,민간,일반,공동주택 재건축,추진위,1860.0,2025-03-13,2025-03-13,2025-09-11,,,,,,,,,,2810,2443,367,양천구
258.0,양천구,목동13단지,양천구 신정동 327,양천구 목동동로 100,민간,일반,공동주택 재건축,조합설립,2280.0,2025-03-13,2025-03-13,,2025-10-02,,,,,,,,,3852,3284,568,양천구
259.0,양천구,목동14단지,양천구 신정동 331,양천구 목동동로 130,민간,일반,공동주택 재건축,조합설립,3100.0,2025-03-06,2025-03-06,,2025-10-16,,,,,,,,,5123,4394,729,양천구
260.0,양천구,목동1단지,양천구 목동 901,양천구 목동서로 38,민간,일반,공동주택 재건축,구역지정,1882.0,2025-12-04,2025-12-04,,,,,,,,,,,3500,3087,413,양천구
261.0,양천구,목동2단지,양천구 목동 902,양천구 목동서로 70,민간,일반,공동주택 재건축,구역지정,1640.0,2025-12-04,2025-12-04,,,,,,,,,,,3389,2993,396,양천구
262.0,양천구,목동3단지,양천구 목동 903,양천구 목동서로 100,민간,일반,공동주택 재건축,추진위,1588.0,2025-12-04,2025-12-04,2025-12-11,,,,,,,,,,3317,2919,398,양천구
263.0,양천구,목동4단지,양천구 목동 904,양천구 목동서로 130,민간,일반,공동주택 재건축,추진위,1382.0,2025-08-07,2025-08-07,2025-11-14,,,,,,,,,,2436,2143,293,양천구
264.0,양천구,목동5단지,양천구 목동 912,양천구 목동동로 350,민간,일반,공동주택 재건축,조합설립,1848.0,2025-09-04,2025-09-04,,2025-12-04,,,,,,,,,3930,3468,462,양천구
265.0,양천구,목동6단지,양천구 목동 911,양천구 목동동로 430,민간,일반,공동주택 재건축,조합설립,1362.0,2024-08-16,2024-08-16,,2025-05-22,,,,,,,,,2173,1900,273,양천구
266.0,양천구,목동7단지,양천구 목동 925번지 일대,양천구 목동로 212,민간,일반,공동주택 재건축,구역지정,2550.0,2025-09-04,2025-09-04,,,,,,,,,,,4341,3910,431,양천구
267.0,양천구,목동8단지,양천구 신정동 314번지 일대,양천구 목동서로 280,민간,일반,공동주택 재건축,추진위,1352.0,2025-03-13,2025-03-13,2025-09-11,,,,,,,,,,1881,1588,293,양천구
268.0,양천구,목동9단지,"양천구 신정동 912번지
",양천구 목동서로 340,민간,일반,공동주택 재건축,조합설립,2030.0,2025-07-31,2025-07-31,,2025-10-30,,,,,,,,,3957,3337,620,양천구
269.0,양천구,수정아파트,신정동 733-31,양천구 신정로13길 35,민간,일반,공동주택 재건축,관리처분,220.0,2020-04-23,2021-12-30,,2021-01-18,2023-02-28,2023-12-18,2023-12-18,2024-12-31,,,,,276,248,28,양천구
270.0,양천구,신월7동1,신월7동 913번지 일대,양천구 지양로 96,민간,일반,주택정비형 재개발,조합설립,2085.0,2025-01-23,,,2025-06-05,,,,,,,,,2890,2309,581,양천구
271.0,양천구,신월7동2,신월7동 941번지 일대,양천구 지양로7길 14,공공,일반,주택정비형 재개발,조합설립,1549.0,2024-03-28,,,2024-06-25,,,,,,,,,2228,1684,544,양천구
272.0,양천구,신월시영,양천구 신월동 987-1,양천구 신월로 99,민간,일반,공동주택 재건축,조합설립,2256.0,2025-08-07,,,2025-11-06,,,,,,,,,3149,2953,196,양천구
273.0,양천구,신정동1152번지일대,신정동 1152 일대,양천구 중앙로25길 17,민간,일반,주택정비형 재개발,조합설립,411.0,2023-09-07,2023-09-07,,2024-06-18,,,,,,,,,956,703,253,양천구
274.0,강서구,방화6,방화동 608-97,방화대로25길 13,민간,재촉,단독주택 재건축,착공,402.0,2010-03-25,2021-02-04,2010-09-07,2017-04-03,2017-06-29,2018-11-05,2022-05-25,2021-08-04,,,,2025-09-08,557,537,20,강서구
275.0,강서구,방화3,방화동 615-103,개화동로25길 39,민간,재촉,단독주택 재건축,사업시행,1413.0,2012-07-26,2025-07-24,2014-05-29,2019-08-08,2023-06-13,2024-08-07,,,,,,,1476,1420,56,강서구
276.0,강서구,방화5,공항동 18,방화대로21길 70,민간,재촉,단독주택 재건축,관리처분,1822.0,2017-08-17,2021-07-22,2018-04-26,2019-07-17,2020-12-22,2022-04-20,,2024-09-11,,2024-12-24,2025-06-23,,1657,1596,61,강서구
277.0,강서구,신안빌라,마곡동 327-53,방화대로34길 120,민간,일반,공동주택 재건축,건축심의,234.0,2012-08-09,2025-10-10,2023-02-06,2023-07-05,2025-04-24,,,,,,,,365,358,7,강서구
278.0,강서구,등촌1,등촌동 366-24,등촌로51마길 18,민간,일반,단독주택 재건축,착공,441.0,2008-10-23,2020-11-11,2006-08-03,2009-11-26,2021-03-16,2013-01-09,2024-05-27,2018-05-02,2024-10-02,,,2023-08-25,543,517,26,강서구
279.0,강서구,방화2,방화동 589-13,"초원로 38-14
",민간,재촉,주택정비형 재개발,조합설립,672.0,2024-03-21,2025-11-27,,2024-08-16,,,,,,,,,740,643,97,강서구
280.0,구로구,개봉3,고척동 311-14,-,민간,일반,단독주택 재건축,조합설립,1362.0,2010-05-13,2023-12-28,2006-04-27,2019-08-02,,,,,,,,,2177,1880,297,구로구
281.0,구로구,고척4,고척동 148,"-

",민간,일반,주택정비형 재개발,착공,359.0,2014-03-13,2023-07-24,,,2018-02-01,2018-12-20,2025-03-17,2021-06-10,2024-08-26,,,2025-05-01,983,835,148,구로구
282.0,구로구,"대흥,성원,동진빌라",온수동 45-32,경인로 5(온수동),민간,일반,공동주택 재건축,사업시행,741.0,2014-06-01,2025-01-23,2008-09-10,2016-02-17,2017-08-29,2018-11-15,2018-11-15,,,,,,1455,1373,82,구로구
283.0,구로구,오류동현대연립,오류동 156-15,오류로 62-15(오류동),민간,일반,공동주택 재건축,관리처분,240.0,2015-07-30,2019-11-28,2016-05-25,2018-04-11,2020-06-17,2021-05-06,2024-09-12,2023-07-26,,2024-07-01,2024-11-30,,447,408,39,구로구
284.0,구로구,보광아파트,구로동 440,가마산로 231(구로동),민간,일반,공동주택 재건축,사업시행,340.0,2016-03-31,2024-06-13,2017-05-02,2020-04-28,2021-08-31,2023-03-10,2025-03-13,,,,,,675,675,0,구로구
285.0,구로구,고척동산업인아파트,고척동 57-9,경인로47다길 43(고척동),민간,일반,공동주택 재건축,사업시행,342.0,2016-11-10,2022-02-22,2018-11-20,2021-05-12,2023-05-30,2024-06-05,2024-06-13,,,,,,367,367,0,구로구
286.0,구로구,길훈아파트,개봉동 312-38,개봉로3가길 88-41(개봉동),민간,일반,공동주택 재건축,착공,205.0,2011-06-30,2011-06-30,2009-11-24,2010-06-21,2015-06-18,2016-05-13,2016-05-13,2017-12-28,2024-10-31,,,2022-12-09,295,295,0,구로구
287.0,구로구,가리봉1구역,가리봉동 115번지 일대,우마2가길 28,민간,일반,주택정비형 재개발,추진위,1369.0,2025-04-17,,2025-10-01,,,,,,,,,,2259,1650,609,구로구
288.0,구로구,가리봉2구역,"가리봉 87-177
","구로동로5길 23-21
",민간,일반,주택정비형 재개발,추진위,610.0,2025-03-13,,2025-10-01,,,,,,,,,,1214,931,283,구로구
289.0,구로구,고척동253번지일대,고척동 253번지 일대,고척로41가길 21,민간,일반,주택정비형 재개발,추진위,1738.0,2025-04-24,,2025-11-06,,,,,,,,,,1469,1243,226,구로구
290.0,구로구,구로우성아파트,"구로동 23
",공원로6가길 67,민간,일반,공동주택 재건축,구역지정,344.0,2025-03-26,2025-03-26,,,,,,,,,,,522,453,69,구로구
291.0,구로구,남구로역세권공공임대주택도시정비형재개발정비구역,구로동 715-24번지 일대,구로동로11길 10 일대,민간,일반,도시정비형 재개발,사업시행,153.0,2020-02-27,,,,2022-12-22,2024-02-16,2024-08-28,,,,,,299,214,85,구로구
292.0,구로구,서울가든빌라,오류동 97-4,,민간,일반,공동주택 재건축,구역지정,339.0,2024-03-07,2024-03-07,,,,,,,,,,,653,582,71,구로구
293.0,구로구,신도림동293번지일대,신도림동 293,구로중앙로42길,민간,일반,도시정비형 재개발,구역지정,1384.0,2012-10-25,2012-10-25,,,,,,,,,,,2722,2219,503,구로구
294.0,구로구,우신빌라,궁동 213-21,,민간,일반,공동주택 재건축,구역지정,762.0,2023-12-28,2023-12-28,,,,,,,,,,,1127,1063,64,구로구
295.0,구로구,한효아파트,"고척동 52-332
",,민간,일반,공동주택 재건축,구역지정,290.0,2023-01-05,2023-01-05,,,,,,,,,,,440,407,33,구로구
296.0,금천구,시흥무지개아파트,시흥동 109-1 ,시흥대로73길 11,민간,일반,공동주택 재건축,사업시행,662.0,2017-02-16,,,2018-03-15,2020-05-12,2021-06-30,,,,,,,993,865,128,금천구
297.0,금천구,시흥동현대아파트,시흥동 220-2,탑골로3길 50,민간,일반,공동주택 재건축,착공,140.0,2019-12-31,2020-11-02,,2020-05-04,2020-11-25,2022-02-28,2024-07-23,2023-01-06,2024-04-11,,,2024-09-13,219,219,0,금천구
298.0,금천구,독산시흥,시흥1동 871번지일대,시흥대로74길 20일대,민간,일반,주택정비형 재개발,조합설립,920.0,2025-01-16,,,2025-08-21,,,,,,,,,2072,1730,342,금천구
299.0,금천구,시흥1,시흥동 810,독산로 32길일대,민간,일반,주택정비형 재개발,구역지정,608.0,2024-07-11,,,,,,,,,,,,1170,945,225,금천구
300.0,영등포구,신길10,신길동 3590,신길로 108,민간,재촉,공동주택 재건축,관리처분,595.0,2007-11-29,2007-11-29,2004-02-25,2018-01-18,2019-10-08,2021-05-31,,2022-11-10,,2023-03-01,2024-05-30,,812,733,79,영등포구
301.0,영등포구,여의도광장아파트28번지,여의도동 28,여의나루로 7,민간,일반,아파트지구 재건축,조합설립,576.0,2006-01-12,,2009-07-27,2019-06-05,,,,,,,,,1391,1159,232,영등포구
302.0,영등포구,여의도광장아파트38-1번지,여의도동 38-1,여의나루로 12,민간,일반,아파트지구 재건축,조합설립,168.0,2006-01-12,,2023-01-19,2024-08-06,,,,,,,,,0,0,0,영등포구
303.0,영등포구,여의도대교아파트,여의도동 41,국제금융로7길 20,민간,일반,아파트지구 재건축,사업시행,576.0,2024-09-26,,2023-02-28,2024-02-06,2025-02-27,2025-08-28,,,,,,,0,0,0,영등포구
304.0,영등포구,여의도목화아파트,여의도동 30,여의나루로 126,민간,일반,아파트지구 재건축,조합설립,312.0,2006-01-12,,2009-03-16,2022-09-29,,,,,,,,,0,0,0,영등포구
305.0,영등포구,여의도미성아파트,"여의도동 37,37-1",의사당대로 108,민간,일반,아파트지구 재건축,추진위,577.0,2006-01-12,,2009-09-16,,,,,,,,,,0,0,0,영등포구
306.0,영등포구,여의도삼부아파트,"여의도동 30-2,3",국제금융로7길 27,민간,일반,아파트지구 재건축,추진위,866.0,2006-01-12,,2020-08-04,,,,,,,,,,0,0,0,영등포구
307.0,영등포구,여의도삼익아파트,여의도동 51,국제금융로 109,민간,일반,아파트지구 재건축,조합설립,360.0,,,,2023-11-02,,,,,,,,,0,0,0,영등포구
308.0,영등포구,여의도시범아파트,여의도동 50,63로 45,민간,일반,아파트지구 재건축,건축심의,1584.0,2025-02-13,,2008-05-14,2017-07-01,2025-11-13,,,,,,,,2473,2130,343,영등포구
309.0,영등포구,여의도은하아파트,여의도동 52,63로 7,민간,일반,아파트지구 재건축,조합설립,360.0,,,,2023-11-30,,,,,,,,,0,0,0,영등포구
310.0,영등포구,여의도한양아파트,여의도동 42,국제금융로 79,민간,일반,아파트지구 재건축,사업시행,588.0,2024-03-21,,,2022-08-04,2024-12-23,2025-10-31,,,,,,,992,814,178,영등포구
311.0,영등포구,영등포1-11,영등포동5가 30,영중로20길 2,민간,재촉,도시정비형 재개발,사업시행,560.0,2005-12-22,2005-12-22,2010-02-17,2020-11-26,2024-04-30,2025-05-14,,,,,,,818,647,171,영등포구
312.0,영등포구,영등포1-12,영등포동5가 22-3,영중로14길 9-3,민간,재촉,도시정비형 재개발,조합설립,296.0,2005-12-22,2005-12-22,2018-06-14,2019-11-19,,,,,,,,,1182,947,235,영등포구
313.0,영등포구,영등포1-13,영등포동5가 32-8,영중로22길 23,민간,재촉,도시정비형 재개발,착공,588.0,2005-12-22,2005-12-22,2008-06-13,2010-04-28,2018-06-12,2019-12-30,2023-10-19,2021-07-12,,,,2025-05-13,659,398,261,영등포구
314.0,영등포구,영등포1-2,영등포동7가 76-5,영중로 94,민간,재촉,도시정비형 재개발,사업시행,2.0,2005-12-22,2005-12-22,2008-02-05,2008-04-08,2021-04-15,2024-06-07,,,,,,,218,149,69,영등포구
315.0,영등포구,문래동국화아파트,문래동3가 76-1,도림로 462,민간,일반,공동주택 재건축,조합설립,270.0,2020-12-03,2020-12-03,2022-01-19,2024-11-28,,,,,,,,,354,324,30,영등포구
316.0,영등포구,문래동남성아파트,문래동2가 35,경인로77길 19,민간,일반,공동주택 재건축,사업시행,390.0,2013-09-05,2013-09-05,2009-08-26,2017-08-26,2020-10-13,2021-07-23,,,,,,,488,436,52,영등포구
317.0,영등포구,문래동진주아파트,문래동5가 22,선유로9길 31,민간,일반,공동주택 재건축,관리처분,160.0,2015-11-19,2015-11-19,,2017-12-21,2020-09-15,2021-05-20,,2023-08-17,,2024-08-26,2025-01-27,,324,284,40,영등포구
318.0,영등포구,신길동삼성아파트,신길동 4759,여의대방로 45,민간,일반,공동주택 재건축,건축심의,384.0,2015-08-13,2015-08-13,2016-06-11,2018-01-26,2020-09-15,,,,,,,,562,468,94,영등포구
319.0,영등포구,신길동우성2차·우창아파트,신길동 4501,여의대방로5길 2,민간,일반,공동주택 재건축,사업시행,939.0,2020-07-02,2020-07-02,,2020-09-24,2023-07-25,2024-11-14,,,,,,,1212,1104,108,영등포구
320.0,영등포구,양평13,"양평동2가 33-20
",선유서로25길 6-5,공공,일반,도시정비형 재개발,사업시행,389.0,2009-09-24,2023-12-28,2008-08-29,2010-04-12,2025-02-27,2010-12-02,2025-12-18,,,,,,557,353,204,영등포구
321.0,영등포구,양평동신동아아파트,양평동1가 20,선유서로 76,민간,일반,공동주택 재건축,조합설립,495.0,2011-06-30,2011-06-30,2009-04-24,2020-12-08,,,,,,,,,563,507,56,영등포구
322.0,영등포구,여의도공작아파트,여의도동 21-2,"여의대로6길 17
",민간,일반,공동주택 재건축,조합설립,373.0,2022-11-17,2022-11-17,,2023-02-23,,,,,,,,,581,501,80,영등포구
323.0,영등포구,여의도수정아파트,여의도동 32,"국제금융로7길 1
",민간,일반,공동주택 재건축,구역지정,329.0,2025-05-22,,,,,,,,,,,,498,437,61,영등포구
324.0,영등포구,여의도진주아파트,"여의도동 54-4
",국제금융로 108-6,민간,일반,공동주택 재건축,추진위,376.0,2025-04-03,,2025-06-02,,,,,,,,,,578,490,88,영등포구
325.0,영등포구,유원제일1차아파트,당산동4가 91,국회대로29길 13,민간,일반,공동주택 재건축,착공,360.0,2014-07-10,2014-07-10,2009-09-03,2017-11-24,2019-03-12,2019-12-30,2024-01-15,2022-04-13,2025-01-20,,,2024-08-05,550,479,71,영등포구
326.0,영등포구,유원제일2차아파트,당산동5가 7-2,선유동2로 46,민간,일반,공동주택 재건축,사업시행,410.0,2015-07-30,2015-07-30,2016-06-10,2018-08-20,2023-08-26,2025-03-13,,,,,,,703,628,75,영등포구
327.0,영등포구,당산1구역,당산동6가 104,당산로52길 23,민간,일반,주택정비형 재개발,추진위,764.0,2025-04-10,2025-04-10,2025-12-10,,,,,,,,,,737,518,219,영등포구
328.0,영등포구,신길제2구역,신길동 190,신길로58길 1-3,민간,일반,주택정비형 재개발,사업시행,2790.0,2009-08-20,2024-09-26,2007-08-24,2020-03-04,2024-03-04,2025-09-12,,,,,,,2550,1901,649,영등포구
329.0,영등포구,양평12,"양평동1가 243-1
",-,민간,일반,도시정비형 재개발,착공,387.0,2009-09-24,2017-01-05,2008-09-29,2009-12-23,2017-07-24,2018-04-19,,2019-12-26,2022-10-18,,,2023-01-09,707,539,168,영등포구
330.0,영등포구,영등포도심역세권도시정비형재개발구역,영등포동4가 431-6번지 일대,영중로3길 7,민간,일반,도시정비형 재개발,조합설립,165.0,2021-06-10,2021-06-10,2022-08-09,2023-07-28,,,,,,,,,999,804,195,영등포구
331.0,영등포구,대선제분일대1구역1지구,문래동 3가 16-32,문래로30길 5,민간,일반,도시정비형 재개발,사업시행,0.0,2020-11-26,2020-11-26,,2021-03-11,2021-05-13,2022-03-04,,,,,,,141,125,16,영등포구
332.0,영등포구,문래동4가,문래동4가 23-6번지,도림로141다길 20,민간,일반,도시정비형 재개발,조합설립,284.0,2013-07-11,2013-07-11,2019-05-28,2023-04-04,,,,,,,,,1114,915,199,영등포구
333.0,영등포구,대림1구역,"대림동 855-1
",디지털로69나길 7,민간,일반,주택정비형 재개발,추진위,213.0,2025-03-27,,2025-11-13,,,,,,,,,,1026,868,158,영등포구
334.0,영등포구,대선제분1구역5지구,"문래동3가 8-2
",영신로23길 17,민간,일반,도시정비형 재개발,사업시행,0.0,2020-11-26,2024-08-29,,,2024-12-23,2025-06-19,,,,,,,0,0,0,영등포구
335.0,영등포구,"문래동1가A8,11지구",문래동1가 55,경인로80길 3,민간,일반,도시정비형 재개발,구역지정,0.0,2013-07-11,2025-03-13,,,,,,,,,,,0,0,0,영등포구
336.0,영등포구,문래동1가A-5,문래동1가 74,"경인로76길 6
",민간,일반,도시정비형 재개발,관리처분,0.0,2013-07-11,2022-08-08,,2023-02-07,2022-09-22,2023-02-27,2025-07-11,2023-06-01,,,,,0,0,0,영등포구
337.0,영등포구,문래동2가A-4,문래동2가26,"경인로 719
",민간,일반,도시정비형 재개발,구역지정,0.0,2013-07-11,2023-05-25,,,,,,,,,,,0,0,0,영등포구
338.0,영등포구,신길1,신길동 147-80,도신로56길 29-5,공공,재촉,주택정비형 재개발,조합설립,909.0,2007-11-29,2024-12-26,,2025-05-01,,,,,,,,,1483,1042,441,영등포구
339.0,영등포구,신길13,"신길동 340-1
","신길로23길 20
",공공,재촉,공동주택 재건축,사업시행,167.0,2007-11-29,2007-11-29,2020-03-19,2021-03-11,2024-10-11,2025-11-24,,,,,,,586,399,187,영등포구
340.0,영등포구,신길역세권,신길동 39-3,"서울 영등포구 영등포로62라길 2
",민간,일반,도시정비형 재개발,건축심의,581.0,2018-06-28,2024-05-16,2019-05-27,2021-07-05,2024-02-07,,,,,,,,999,599,400,영등포구
341.0,영등포구,양평14,양평동2가 29-6,선유서로 89,공공,일반,도시정비형 재개발,추진위,118.0,2013-11-07,2013-11-07,2018-07-31,,,,,,,,,,297,247,50,영등포구
342.0,동작구,노량진3,노량진동 232-19,장승배기로24길 6,민간,재촉,주택정비형 재개발,사업시행,1038.0,2009-12-10,,2004-12-10,2017-12-29,2018-11-13,2021-02-26,2025-06-24,,,,,,1250,1035,215,동작구
343.0,동작구,노량진1,노량진동 278-2,노량진로10가길 30-9,민간,재촉,주택정비형 재개발,사업시행,3897.0,2009-12-10,2025-05-08,2011-07-29,2017-11-10,2021-06-08,2023-03-07,2023-03-07,,,,,,2992,2461,531,동작구
344.0,동작구,노량진6,노량진동 294-220,등용로4길 78,민간,재촉,주택정비형 재개발,착공,886.0,2009-12-10,2023-10-12,2010-03-25,2011-03-17,2017-10-24,2014-09-01,2025-12-24,2021-01-25,2021-01-25,,,2025-06-27,1499,1237,262,동작구
345.0,동작구,노량진5,노량진동 270-3,등용로4길 148,민간,재촉,주택정비형 재개발,관리처분,541.0,2009-12-10,,2010-02-26,2016-02-11,2019-05-28,2021-02-26,,2023-09-25,,2024-04-22,2025-03-31,,727,597,130,동작구
346.0,동작구,노량진2,노량진동 312-75,장승배기로15길 34,민간,재촉,주택정비형 재개발,착공,283.0,2009-12-10,2023-01-26,2010-02-04,2010-06-24,2024-01-09,2014-08-08,2025-05-01,2021-03-08,2021-03-08,,,2025-11-14,404,299,105,동작구
347.0,동작구,노량진4,노량진동 227-121,장승배기로20가길 17-28,민간,재촉,주택정비형 재개발,관리처분,1168.0,2009-12-10,,2010-06-29,2015-04-02,2017-06-13,2018-04-30,2025-02-25,2022-12-19,,2023-12-12,2024-08-31,,835,709,126,동작구
348.0,동작구,노량진8,대방동 23-61,등용로 114,민간,재촉,주택정비형 재개발,착공,1099.0,2010-06-03,2023-05-18,2010-07-14,2011-11-14,2017-08-01,2018-09-19,2025-05-27,2021-12-29,2021-12-29,,,2025-10-30,987,815,172,동작구
349.0,동작구,노량진7,대방동 13-31,등용로8가길 6,민간,재촉,주택정비형 재개발,관리처분,599.0,2010-06-03,,2011-06-03,2013-02-07,2015-08-18,2017-06-09,2025-08-21,2024-05-07,,2024-11-01,2025-12-31,,576,478,98,동작구
350.0,동작구,흑석1,흑석동 43-7,-,민간,재촉,주택정비형 재개발,조합설립,493.0,2008-09-11,2020-01-23,2009-01-15,2022-03-31,,,,,,,,,0,0,0,동작구
351.0,동작구,흑석9,흑석동 90,서달로10가길 1,민간,재촉,주택정비형 재개발,착공,1906.0,2009-09-11,2024-06-27,2008-06-20,2013-03-28,2024-04-09,2017-11-30,2024-11-08,2019-10-23,2024-01-11,,,2025-04-04,1536,1274,262,동작구
352.0,동작구,흑석2,흑석동 99-3,흑석로 110,공공,재촉,도시정비형 재개발,조합설립,390.0,2008-09-11,2025-07-31,,2021-09-13,,,,,,,,,1012,660,352,동작구
353.0,동작구,흑석11,흑석동 304,현충로 144,민간,재촉,주택정비형 재개발,관리처분,1829.0,2012-07-26,2025-08-21,2014-07-28,2015-12-01,2020-06-23,2021-03-18,2025-08-28,2022-08-16,2023-06-14,2022-11-24,2024-01-08,,1515,1249,266,동작구
354.0,동작구,사당5,사당동 303,사당로16길 117,민간,일반,단독주택 재건축,사업시행,414.0,2017-03-02,2017-03-02,2017-11-15,2018-11-21,2022-12-21,2024-02-14,,,,,,,530,495,35,동작구
355.0,동작구,상도14,상도동 244,성대로17길 68,민간,일반,주택정비형 재개발,조합설립,1239.0,2025-04-03,,,2025-10-02,,,,,,,,,1191,1040,151,동작구
356.0,동작구,상도15,상도동 279,성대로10길 44,민간,일반,주택정비형 재개발,조합설립,2572.0,2025-04-03,,,2025-06-05,,,,,,,,,3204,2704,500,동작구
357.0,관악구,신림2,신림동 324-25,원신길 225 일대,민간,재촉,주택정비형 재개발,관리처분,1115.0,2008-04-10,2019-10-31,2008-04-24,2008-08-27,2017-08-22,2018-09-20,2021-01-04,2021-04-29,,2021-10-25,2022-12-30,,1487,1262,225,관악구
358.0,관악구,신림1,"신림동 808
",양지길94,민간,재촉,주택정비형 재개발,사업시행,4410.0,2008-04-10,2024-06-20,2016-03-24,2019-11-21,2023-02-27,2025-03-11,,,,,,,4185,3554,631,관악구
359.0,관악구,봉천1-1,보라매동 728-57,보라매로6길 10 일대,민간,일반,단독주택 재건축,사업시행,471.0,2009-11-26,2022-08-26,2007-12-17,2019-11-13,2023-07-25,2025-05-14,,,,,,,807,740,67,관악구
360.0,관악구,봉천4-1-3,봉천동 480,,민간,일반,주택정비형 재개발,사업시행,642.0,,2009-11-19,2008-07-15,2014-05-15,2023-02-14,2024-05-30,2024-05-30,,,,,,855,694,161,관악구
361.0,관악구,봉천14,"봉천동 4-51
",청림5가길 24,민간,일반,주택정비형 재개발,사업시행,632.0,2014-06-19,2024-04-18,2009-09-09,2020-09-29,2023-08-29,2025-05-30,,,,,,,1571,1311,260,관악구
362.0,관악구,신림미성아파트,조원동 1656,조원로2길 13 일대,민간,일반,공동주택 재건축,사업시행,286.0,2010-12-16,2022-09-29,2004-02-27,2010-10-27,2023-11-28,2025-03-13,2025-03-13,,,,,,490,437,53,관악구
363.0,관악구,미성동건영아파트,미성동 746-43,문성로 74 일대,민간,일반,공동주택 재건축,조합설립,511.0,2018-11-08,2022-11-24,2019-10-28,2020-12-30,,,,,,,,,601,551,50,관악구
364.0,관악구,뉴서울개나리열망연립,신림동 739,미성10길 64 일대,민간,일반,공동주택 재건축,사업시행,211.0,2019-12-16,2022-11-03,2007-06-05,2020-11-05,2022-05-26,2023-07-13,,,,,,,306,275,31,관악구
365.0,관악구,봉천13,봉천동 922-1,남부순환로 1752,공공,일반,주택정비형 재개발,조합설립,169.0,2009-12-24,2009-12-24,2006-03-30,2022-02-10,,,,,,,,,473,301,172,관악구
366.0,관악구,신림7,신림동 675,,민간,일반,주택정비형 재개발,구역지정,1226.0,2024-09-26,,,,,,,,,,,,1402,1111,291,관악구
367.0,서초구,"반포주공1단지(1,2,4주구)",반포동 810,서초구 신반포로 45,민간,일반,아파트지구 재건축,착공,2210.0,2017-04-27,2022-06-23,2011-12-28,2013-09-11,2017-07-04,2017-09-27,2024-09-03,2018-12-03,,,,2024-03-29,5007,4794,213,서초구
368.0,서초구,반포주공1단지(3주구),반포동 1109,서초구 신반포로 32,민간,일반,아파트지구 재건축,착공,1490.0,2016-09-13,2016-09-13,2003-09-01,2014-12-11,2017-06-27,2017-09-25,2025-01-09,2021-07-14,2024-03-27,,,2023-03-03,2091,2091,0,서초구
369.0,서초구,방배13,방배동 541-2,서초구 효령로14다길 6,민간,일반,단독주택 재건축,관리처분,2911.0,2015-02-17,2023-07-20,2015-11-23,2016-07-29,2017-04-25,2017-09-06,,2018-09-03,,2021-03-30,2024-12-04,,2296,2092,204,서초구
370.0,서초구,방배14,방배동 975-35,서초구 방배중앙로3길 26,민간,일반,단독주택 재건축,관리처분,506.0,2014-07-10,2022-10-06,2015-01-22,2016-04-25,2024-08-27,2017-06-20,2025-07-29,2017-12-28,,2021-10-01,2022-09-07,,492,440,52,서초구
371.0,서초구,방배5,방배동 946-8,서초구 서초대로8길 27-5,민간,일반,단독주택 재건축,착공,2551.0,2010-09-02,2024-03-21,2004-12-16,2012-05-10,2012-12-26,2013-07-29,2024-05-30,2016-07-14,2024-07-25,,,2022-07-28,3064,2798,266,서초구
372.0,서초구,방배7,방배동 891-3,서초구 서초대로32길 30-6,민간,일반,단독주택 재건축,사업시행,229.0,2012-07-26,2023-12-28,2006-05-04,2021-01-11,2023-06-28,2024-06-25,,,,,,,316,299,17,서초구
373.0,서초구,방배삼익,방배동 1018-1,서초구 효령로34길 79,민간,일반,공동주택 재건축,착공,408.0,2012-02-09,2025-09-11,2009-09-28,2017-12-04,2018-09-18,2019-05-23,2024-09-25,2021-12-16,2024-08-06,,,2023-11-21,707,621,86,서초구
374.0,서초구,방배삼호,방배동 771-1,방배로43길 21,민간,일반,아파트지구 재건축,추진위,804.0,,,2005-06-29,,,,,,,,,,0,0,0,서초구
375.0,서초구,방배신동아,방배동 988-1,서초구 효령로 164,민간,일반,공동주택 재건축,관리처분,493.0,2020-05-14,2024-05-09,2020-09-02,2020-12-31,2025-07-07,2022-07-08,,2023-10-12,,2023-10-12,2024-01-12,,843,734,109,서초구
376.0,서초구,방배신삼호,방배동 725,방배로 270,민간,일반,공동주택 재건축,조합설립,481.0,2016-09-08,2024-12-26,2004-05-14,2019-03-15,,,,,,,,,920,785,135,서초구
377.0,서초구,삼호가든5차,반포동 30-1,서초중앙로 242,민간,일반,아파트지구 재건축,건축심의,168.0,2022-10-06,,2017-03-02,2020-09-09,2024-02-13,,,,,,,,305,260,45,서초구
378.0,서초구,서초신동아,서초동 1333,사임당로 137,민간,일반,아파트지구 재건축,착공,997.0,2004-12-27,2024-04-11,2003-12-19,2015-04-10,2016-08-23,2017-03-31,2024-04-15,2018-05-15,,,,2024-12-31,1161,1161,0,서초구
379.0,서초구,신반포12차,잠원동 50-5,서초구 나루터로 37,민간,일반,아파트지구 재건축,관리처분,324.0,2022-03-24,2022-03-24,2015-09-17,2021-04-20,2023-09-12,2024-06-04,,2025-09-22,,,,,432,387,45,서초구
380.0,서초구,신반포16차,잠원동 55-12,서초구 잠원로 157,민간,일반,아파트지구 재건축,관리처분,396.0,2022-04-07,,2017-03-23,2018-02-21,2023-05-11,2023-11-02,,2025-09-17,,,,,468,400,68,서초구
381.0,서초구,신반포18차337동,잠원동 49-17,잠원로 195,민간,일반,아파트지구 재건축,착공,182.0,2012-04-19,2019-06-05,2015-02-05,2015-12-18,2018-04-10,2019-04-29,2025-07-24,2021-01-14,2024-06-03,,,2023-01-09,178,178,0,서초구
382.0,서초구,"신반포19차,25차",잠원동 61-2,서초구 잠원로8길 20,민간,일반,아파트지구 재건축,조합설립,447.0,2022-03-03,2025-11-13,,2022-03-07,,,,,,,,,0,0,0,서초구
383.0,서초구,신반포21차,잠원동 59-10,서초구 신반포로 267,민간,일반,아파트지구 재건축,착공,108.0,2018-10-11,2018-10-11,2016-09-29,2017-05-16,2018-10-25,2019-08-14,2021-12-01,2021-04-23,2023-07-26,,,2022-03-29,251,209,42,서초구
384.0,서초구,신반포22차,잠원동 65-33,서초구 잠원로 86,민간,일반,아파트지구 재건축,착공,132.0,2017-03-02,,2016-02-23,2017-04-06,2017-06-20,2017-09-22,2022-06-23,2018-04-13,2018-04-13,,,2024-04-24,160,160,0,서초구
385.0,서초구,신반포27차,잠원동 56-2,서초구 잠원로8길 3,민간,일반,아파트지구 재건축,관리처분,156.0,2021-02-15,,2017-02-28,2018-06-06,2022-04-26,2023-01-12,,2025-09-23,,,,,210,177,33,서초구
386.0,서초구,신반포2차,잠원동 73,서초구 신반포로23길 41,민간,일반,공동주택 재건축,조합설립,1572.0,2024-07-11,2025-02-20,2003-09-01,2020-11-16,,,,,,,,,2057,1797,260,서초구
387.0,서초구,신반포4차,잠원동 70,서초구 잠원로 37-48,민간,일반,아파트지구 재건축,조합설립,1212.0,2023-09-21,2024-08-22,2003-11-24,2019-12-31,,,,,,,,,1828,1543,285,서초구
388.0,서초구,신반포7차,잠원동 65-32,잠원로 88,공공,일반,아파트지구 재건축,조합설립,320.0,,,,2002-12-24,,,,,,,,,857,652,205,서초구
389.0,서초구,신반포궁전,반포동 65-1,서초구 사평대로 142,민간,일반,공동주택 재건축,조합설립,108.0,2014-08-21,,2015-05-07,2025-11-21,,,,,,,,,249,208,41,서초구
390.0,서초구,강남원효성빌라,반포동 591-1 외5,서초구 사평대로 20길76,민간,일반,공동주택 재건축,조합설립,103.0,2021-01-21,2021-01-21,2022-01-06,2022-12-19,,,,,,,,,103,103,0,서초구
391.0,서초구,반포미도1차,반포동 60-4,서초구 서초중앙로29길 28,민간,일반,공동주택 재건축,조합설립,1260.0,2024-04-25,,2025-01-24,2025-09-30,,,,,,,,,1739,1531,208,서초구
392.0,서초구,방배15구역,방배동 528-3,서초구 청두곶8길 16-9,민간,일반,단독주택 재건축,건축심의,1619.0,2022-09-08,2022-09-08,2023-04-06,2023-12-19,2025-09-30,,,,,,,,1688,1378,310,서초구
393.0,서초구,방배임광3차,방배동 1010-1 외 1,서초구 방배로2길 24-5,민간,일반,공동주택 재건축,구역지정,316.0,2025-07-17,,,,,,,,,,,,379,332,47,서초구
394.0,서초구,서초진흥아파트,서초동 1315,서초구 서초대로 385,민간,일반,아파트지구 재건축,조합설립,615.0,2025-01-23,,2004-05-13,2020-03-12,,,,,,,,,857,763,94,서초구
395.0,강남구,도곡개포한신,도곡동 464,언주로 123 ,민간,일반,공동주택 재건축,관리처분,620.0,2017-03-16,2017-03-16,2003-11-14,2017-11-24,2020-07-28,2022-12-28,,2025-12-19,,,,,816,705,111,강남구
396.0,강남구,도곡삼익,도곡동 869,논현로 218 ,민간,일반,공동주택 재건축,추진위,273.0,2012-06-21,2012-06-21,2003-12-29,,,,,,,,,,369,318,51,강남구
397.0,강남구,은마아파트,대치동 316,삼성로 212 ,민간,일반,공동주택 재건축,조합설립,4424.0,2023-02-16,2023-02-16,2003-12-31,2023-09-26,,,,,,,,,5962,5071,891,강남구
398.0,강남구,대치쌍용1차,대치동 66,삼성로67길 46,민간,일반,공동주택 재건축,사업시행,630.0,2013-10-04,2021-11-25,2014-11-20,2016-01-06,2018-01-23,2018-10-12,2022-05-15,,,,,,999,867,132,강남구
399.0,강남구,대치쌍용2차(통합재건축),대치동 65,삼성로69길 47-5 ,민간,일반,공동주택 재건축,사업시행,364.0,2013-10-04,2013-10-04,2014-11-14,2015-07-02,2016-12-27,2017-09-12,2022-09-23,,,,,,1332,1173,159,강남구
400.0,강남구,대치우성1차(통합재건축),대치동 63,삼성로63길 46,민간,일반,공동주택 재건축,사업시행,476.0,2015-06-25,2018-12-06,2016-01-26,2017-01-17,2021-10-26,2022-09-08,,,,,,,1332,1173,159,강남구
401.0,강남구,일원개포한신,일원동 615-1,개포로110길 43 ,민간,일반,공동주택 재건축,관리처분,364.0,2017-07-13,2024-05-02,2018-01-25,2018-11-05,2020-04-28,2021-08-06,,2023-11-10,,2025-10-30,2026-03-31,,483,422,61,강남구
402.0,강남구,압구정아파트지구특별계획구역5,압구정동 490,압구정로 321,민간,일반,아파트지구 재건축,조합설립,1232.0,,,2017-08-19,2021-02-22,,,,,,,,,1401,1261,140,강남구
403.0,강남구,도곡삼호,도곡동 540,도곡로 242 ,민간,일반,공동주택 재건축,착공,144.0,2017-07-20,2022-04-22,2018-01-10,2018-06-19,2019-09-10,2020-09-16,2025-12-30,2022-10-25,,,,2024-02-06,308,260,48,강남구
404.0,강남구,압구정아파트지구특별계획구역3,압구정동369-1,압구정로29길 71 ,민간,일반,아파트지구 재건축,조합설립,3934.0,,,2018-09-12,2021-04-19,,,,,,,,,5175,4534,641,강남구
405.0,강남구,개포주공5단지,개포동 187,삼성로4길 17,민간,일반,공동주택 재건축,관리처분,940.0,2017-09-07,2017-09-07,2019-02-12,2020-12-01,2022-12-20,2023-10-12,,2025-09-29,,,,,1279,1134,145,강남구
406.0,강남구,압구정아파트지구특별계획구역4,압구정동 481,압구정로 309 ,민간,일반,아파트지구 재건축,조합설립,1341.0,2025-04-11,2025-04-11,2017-11-01,2021-02-10,,,,,,,,,1724,1519,205,강남구
407.0,강남구,"개포주공6,7단지",개포동 185,개포로 516 ,민간,일반,공동주택 재건축,사업시행,1960.0,2017-11-23,2024-04-26,2019-02-12,2021-01-22,2023-06-13,2024-11-11,,,,,,,2698,2353,345,강남구
408.0,강남구,개포우성4차,도곡동 465,언주로 117,민간,일반,공동주택 재건축,조합설립,459.0,2022-04-14,2022-04-14,2022-09-28,2023-09-22,,,,,,,,,1080,952,128,강남구
409.0,강남구,개포우성6차,개포동 658-1,언주로 3,민간,일반,공동주택 재건축,조합설립,270.0,2022-03-10,2022-03-10,2022-09-28,2024-04-24,,,,,,,,,417,395,22,강남구
410.0,강남구,개포우성7차,일원동 615,개포로110길 15,민간,일반,공동주택 재건축,조합설립,802.0,2022-04-14,2022-04-14,2022-11-11,2024-02-02,,,,,,,,,1234,1055,179,강남구
411.0,강남구,압구정아파트지구특별계획구역1,압구정동414,압구정로11길 17 ,민간,일반,아파트지구 재건축,추진위,1233.0,,,2020-11-06,,,,,,,,,,0,0,0,강남구
412.0,강남구,압구정아파트지구특별계획구역2,압구정동434,압구정로 151 ,민간,일반,아파트지구 재건축,조합설립,1924.0,2025-03-13,2025-03-13,2020-11-06,2021-04-12,,,,,,,,,2571,2250,321,강남구
413.0,강남구,"경우현(개포경남,우성3차,현대1차)",개포동 649,언주로 110,민간,일반,공동주택 재건축,구역지정,1499.0,2025-06-26,,,,,,,,,,,,2343,1978,365,강남구
414.0,강남구,논현동현,논현동 105,언주로 146길 18,민간,일반,공동주택 재건축,구역지정,548.0,2023-10-19,2025-10-16,,,,,,,,,,,905,779,126,강남구
415.0,강남구,대치미도,대치동 511,삼성로 150,민간,일반,공동주택 재건축,구역지정,2436.0,2025-07-17,,,,,,,,,,,,0,0,0,강남구
416.0,강남구,도곡우성,도곡동 934-10,남부순환로363길 49,민간,일반,공동주택 재건축,조합설립,390.0,2023-07-20,2025-11-13,2024-03-08,2025-03-31,,,,,,,,,548,460,88,강남구
417.0,강남구,압구정아파트지구특별계획구역6,압구정동 513,압구정로 401,민간,일반,아파트지구 재건축,조합설립,672.0,,,,2002-09-13,,,,,,,,,0,0,0,강남구
418.0,강남구,"역삼동(758,은하수,760)",역삼동 758,언주로 70길,민간,일반,아파트지구 재건축,착공,161.0,2018-05-31,2023-09-14,2010-07-08,2018-11-14,2019-11-26,2021-06-02,2025-10-02,2022-10-31,2025-03-24,,,2025-04-15,237,237,0,강남구
419.0,송파구,마천1,마천동 194-1,성내천로34길 12,민간,재촉,주택정비형 재개발,조합설립,2749.0,2020-01-02,2020-01-02,2020-11-26,2022-05-25,,,,,,,,,2413,2018,395,송파구
420.0,송파구,마천2,마천동 183,,민간,재촉,주택정비형 재개발,구역지정,1592.0,2012-07-26,2025-05-15,,,,,,,,,,,1729,1273,456,송파구
421.0,송파구,마천3,마천동 283,,민간,재촉,주택정비형 재개발,건축심의,3036.0,2017-06-01,2022-10-20,2018-05-03,2020-06-22,2024-04-30,,,,,,,,2364,1969,395,송파구
422.0,송파구,마천4,마천동 323,"마천로61마길 12-10
",민간,재촉,주택정비형 재개발,관리처분,1219.0,2012-07-26,2025-02-27,2014-04-17,2015-07-24,2019-02-26,2021-04-02,2021-04-02,2024-01-30,,2024-09-01,2025-11-30,,1372,1065,307,송파구
423.0,송파구,가락1차현대,문정동 3,"동남로 160
",민간,일반,공동주택 재건축,사업시행,514.0,2017-11-16,2022-12-01,2018-07-06,2019-07-19,2023-02-28,2025-01-24,2025-01-24,,,,,,842,717,125,송파구
424.0,송파구,가락극동,가락동 192,"동남로18길 9
",민간,일반,공동주택 재건축,조합설립,555.0,2017-11-23,2024-11-28,2018-07-03,2020-06-26,,,,,,,,,999,876,123,송파구
425.0,송파구,가락미륭,가락동 138,"동남로11길 4
",민간,일반,공동주택 재건축,사업시행,435.0,2020-02-06,2023-11-16,2020-08-07,2021-04-14,2023-07-21,2024-06-27,2024-06-27,,,,,,614,521,93,송파구
426.0,송파구,가락삼익맨숀,송파동 166,오금로32길 5,민간,일반,공동주택 재건축,사업시행,936.0,2017-09-21,2023-11-16,2018-05-04,2019-08-05,2022-09-27,2023-11-13,,,,,,,1531,1358,173,송파구
427.0,송파구,가락상아1차,오금동 166,오금로 405,민간,일반,공동주택 재건축,관리처분,226.0,2017-12-29,2024-04-11,2019-01-28,2020-06-19,2021-05-25,2022-05-20,2022-05-20,2025-01-06,2025-01-06,2025-07-01,2025-10-31,,405,342,63,송파구
428.0,송파구,가락우성1차,"가락동 96-1
",송파대로32길 8,민간,일반,공동주택 재건축,추진위,838.0,2024-02-29,2024-02-29,2024-12-24,,,,,,,,,,967,875,92,송파구
429.0,송파구,가락우창,오금동 164,동남로24길 6,민간,일반,공동주택 재건축,구역지정,264.0,2025-10-02,2025-10-02,,,,,,,,,,,471,401,70,송파구
430.0,송파구,가락프라자,가락동 199,문정로 125,민간,일반,공동주택 재건축,관리처분,672.0,2017-07-20,2024-04-11,2017-12-01,2019-03-28,2023-02-28,2024-01-11,2024-01-11,2025-03-14,2025-03-14,,,,1068,953,115,송파구
431.0,송파구,거여새마을,거여동 551-14,오금로68길 17,공공,재촉,주택정비형 재개발,조합설립,1775.0,2023-01-12,2023-01-12,,2023-02-23,,,,,,,,,1654,1186,468,송파구
432.0,송파구,대림가락,방이동 217,양재대로 1109,민간,일반,공동주택 재건축,조합설립,480.0,2021-10-07,2021-10-07,2022-04-08,2023-02-09,,,,,,,,,925,786,139,송파구
433.0,송파구,마천5,마천동 45,,민간,재촉,주택정비형 재개발,추진위,1618.0,2024-09-12,2024-09-12,2025-04-22,,,,,,,,,,2041,1633,408,송파구
434.0,송파구,미성크로바,신천동 17-6,-,민간,일반,아파트지구 재건축,착공,1472.0,2021-06-24,2021-11-18,2009-06-04,2014-07-15,2021-08-10,2017-07-28,2023-11-30,2018-07-05,2024-11-21,,,2022-01-27,1865,1667,198,송파구
435.0,송파구,삼환가락,가락동 176,오금로 432,민간,일반,공동주택 재건축,사업시행,648.0,2017-11-16,2024-08-29,2018-05-23,2019-04-29,2022-04-26,2024-02-28,2024-02-28,,,,,,1101,981,120,송파구
436.0,송파구,송파미성,송파동 161,오금로32길 10,민간,일반,공동주택 재건축,조합설립,378.0,2021-03-25,2021-03-25,2022-01-27,2023-05-31,,,,,,,,,810,686,124,송파구
437.0,송파구,오금현대,"오금동 43
",오금로35길 17,민간,일반,공동주택 재건축,추진위,1316.0,2024-07-25,,2025-03-19,,,,,,,,,,2436,2047,389,송파구
438.0,송파구,"잠실우성1,2,3차",잠실동 101-1,올림픽로4길 42,민간,일반,공동주택 재건축,조합설립,1842.0,2015-12-01,2024-01-11,2006-10-04,2021-06-11,,,,,,,,,2680,2338,342,송파구
439.0,송파구,잠실우성4차,잠실동 320,"백제고분로18길30
",민간,일반,공동주택 재건축,사업시행,555.0,2017-07-06,2023-02-22,2009-12-07,2018-04-02,2022-12-13,2023-08-31,,,,,,,825,732,93,송파구
440.0,송파구,잠실주공5단지,잠실동 27,송파대로567,민간,일반,아파트지구 재건축,건축심의,3930.0,2022-06-23,2024-09-05,2003-12-29,2013-12-19,2025-06-19,,,,,,,,6491,5680,811,송파구
441.0,송파구,"장미1,2,3차",신천동 7,올림픽로35길 104,민간,일반,아파트지구 재건축,조합설립,3522.0,2005-12-25,,2016-06-28,2020-03-24,,,,,,,,,0,0,0,송파구
442.0,송파구,한양2차,송파동 151,가락로192,민간,일반,아파트지구 재건축,조합설립,744.0,2005-12-15,2025-05-01,2010-07-26,2020-11-02,,,,,,,,,1346,1092,254,송파구
443.0,송파구,한양3차,방이동 225,양재대로1089,민간,일반,공동주택 재건축,사업시행,252.0,2019-08-29,2022-05-24,2020-01-29,2021-03-03,2022-12-20,2024-05-14,,,,,,,507,430,77,송파구
444.0,강동구,천호3,천호동 423-76,,민간,재촉,단독주택 재건축,착공,620.0,2013-12-12,2021-12-30,2014-05-12,2016-01-21,2017-10-24,2018-07-20,2024-06-27,2020-12-16,2021-03-24,,,2023-03-30,535,490,45,강동구
445.0,강동구,천호8,천호동 166-4,진황도로 36,민간,재촉,도시정비형 재개발,조합설립,196.0,2006-10-19,2021-11-04,2022-08-04,2024-01-16,,,,,,,,,520,363,157,강동구
446.0,강동구,명일신동아,명일동 44,고덕로 240,민간,일반,공동주택 재건축,구역지정,570.0,2025-11-06,,,,,,,,,,,,0,0,0,강동구
447.0,강동구,명일동고덕현대,"명일동 56
",,민간,일반,공동주택 재건축,구역지정,527.0,2025-11-06,,,,,,,,,,,,952,827,125,강동구
448.0,강동구,삼익그린2차,명일동 15,고덕로 210,민간,일반,아파트지구 재건축,조합설립,2400.0,2018-10-17,2018-10-17,2019-12-13,2021-07-05,,,,,,,,,0,0,0,강동구
449.0,강동구,삼익맨션,명일동 270,상암로 214,민간,일반,공동주택 재건축,조합설립,768.0,2020-02-13,2022-11-16,2020-08-27,2021-07-12,,,,,,,,,1169,1014,155,강동구
450.0,강동구,삼익파크,길동 54,명일로 293,민간,일반,공동주택 재건축,사업시행,1092.0,2020-02-13,2020-02-13,2020-08-27,2021-01-14,2022-07-26,2025-03-24,,,,,,,1665,1488,177,강동구
451.0,강동구,천호3-1,천호동 214-19,,민간,일반,주택정비형 재개발,구역지정,285.0,2025-09-04,,,,,,,,,,,,390,390,0,강동구
452.0,강동구,천호3-2,천호동 397-419,구천면로 244-10,민간,일반,주택정비형 재개발,건축심의,307.0,2022-07-21,2022-07-21,2023-04-07,2024-04-26,2025-01-15,,,,,,,,420,343,77,강동구
453.0,강동구,천호3-3,천호동 532-2,,민간,일반,주택정비형 재개발,조합설립,193.0,2023-07-27,2023-07-27,2024-02-20,2024-12-02,,,,,,,,,568,461,107,강동구
454.0,강동구,천호A1-1,천호동 467-61,선사로6길 12,공공,일반,주택정비형 재개발,조합설립,581.0,2024-11-28,,,2024-12-18,,,,,,,,,747,480,267,강동구
455.0,강동구,천호A1-2,"천호동 461-31
",,민간,일반,주택정비형 재개발,조합설립,630.0,2024-03-14,,,2025-09-15,,,,,,,,,781,645,136,강동구
456.0,강동구,천호우성아파트,천호동 19-1,구천면로 366,민간,일반,공동주택 재건축,관리처분,479.0,2020-02-20,2020-02-20,2020-02-20,2021-02-10,2023-08-29,2024-06-04,,2025-09-10,,,,,629,629,0,강동구
