자치구,연도,면적구간,평균 전세,평균 월세보증금,평균 월세,거래건수
강남구,2021,33,31264,6148,79,2437
강남구,2021,59,62179,25499,113,5444
강남구,2021,84,92054,51603,182,7590
강남구,2021,기타,137919,77724,266,4533
강동구,2021,33,20004,4986,23,3533
강동구,2021,59,39859,14456,49,6218
강동구,2021,84,57689,31108,105,4989
강동구,2021,기타,63664,42705,116,1069
강북구,2021,33,12440,3539,22,432
강북구,2021,59,31760,9554,54,1129
강북구,2021,84,43717,15702,97,1023
강북구,2021,기타,51114,19239,108,187
강서구,2021,33,19666,5173,36,3743
강서구,2021,59,36197,9307,43,5864
강서구,2021,84,50909,25267,92,4031
강서구,2021,기타,67124,37103,110,900
관악구,2021,33,16418,3173,39,1326
관악구,2021,59,39555,14735,69,2129
관악구,2021,84,50384,21714,88,1771
관악구,2021,기타,60321,29491,92,545
광진구,2021,33,16803,2671,56,301
광진구,2021,59,50210,21744,90,1295
광진구,2021,84,65530,33290,107,1877
광진구,2021,기타,101039,42702,220,462
구로구,2021,33,15554,4438,24,2031
구로구,2021,59,29436,11515,42,4718
구로구,2021,84,44079,20190,73,2801
구로구,2021,기타,50590,30659,105,561
금천구,2021,33,15765,2492,39,555
금천구,2021,59,30215,16880,54,2227
금천구,2021,84,44441,21510,69,1341
금천구,2021,기타,49662,19079,105,167
노원구,2021,33,15942,3124,39,2494
노원구,2021,59,24808,6650,54,10650
노원구,2021,84,46031,20339,80,3427
노원구,2021,기타,62620,33262,109,755
도봉구,2021,33,14436,2365,43,848
도봉구,2021,59,24328,6219,56,2630
도봉구,2021,84,37415,13619,71,1968
도봉구,2021,기타,54332,25324,98,270
동대문구,2021,33,19353,3735,40,1881
동대문구,2021,59,43813,14430,78,2377
동대문구,2021,84,51892,22922,101,2222
동대문구,2021,기타,58384,27333,102,688
동작구,2021,33,13763,3004,41,669
동작구,2021,59,49622,22294,77,2755
동작구,2021,84,67602,34439,110,3511
동작구,2021,기타,76588,39163,129,1038
마포구,2021,33,23918,5817,42,1325
마포구,2021,59,47774,15912,70,4636
마포구,2021,84,68225,29312,141,3494
마포구,2021,기타,90367,39509,202,1054
서대문구,2021,33,20955,5319,35,863
서대문구,2021,59,42980,15860,74,2267
서대문구,2021,84,57022,26316,106,2519
서대문구,2021,기타,68095,37402,116,519
서초구,2021,33,29179,4787,63,1158
서초구,2021,59,55089,24919,92,4190
서초구,2021,84,90766,49538,191,5594
서초구,2021,기타,131605,69841,265,3439
성동구,2021,33,17984,5863,58,603
성동구,2021,59,54107,21609,123,3425
성동구,2021,84,69273,30362,155,3651
성동구,2021,기타,91398,44658,266,1114
성북구,2021,33,10699,4758,28,1005
성북구,2021,59,41386,13339,72,3988
성북구,2021,84,50692,23000,98,3119
성북구,2021,기타,61898,26944,117,784
송파구,2021,33,35057,8869,47,2306
송파구,2021,59,50478,17664,69,5515
송파구,2021,84,72878,39472,139,9117
송파구,2021,기타,96319,57267,167,2965
양천구,2021,33,9236,4643,21,980
양천구,2021,59,36557,14477,56,4826
양천구,2021,84,57994,34580,96,4052
양천구,2021,기타,86711,60784,126,1388
영등포구,2021,33,21593,3509,44,1326
영등포구,2021,59,41795,14426,71,3175
영등포구,2021,84,56455,24725,99,3361
영등포구,2021,기타,84887,39000,151,1163
용산구,2021,33,24741,4856,24,586
용산구,2021,59,49673,18232,117,1529
용산구,2021,84,64294,25321,163,1505
용산구,2021,기타,115560,41794,327,1611
은평구,2021,33,16215,5009,28,1807
은평구,2021,59,38704,11496,55,2881
은평구,2021,84,46562,24262,95,2612
은평구,2021,기타,60953,31043,113,601
종로구,2021,33,24568,5686,50,435
종로구,2021,59,43316,16299,101,558
종로구,2021,84,73200,29770,143,720
종로구,2021,기타,91256,38969,206,246
중구,2021,33,23048,3047,54,911
중구,2021,59,49804,15417,108,903
중구,2021,84,65606,23978,134,937
중구,2021,기타,91668,29168,231,409
중랑구,2021,33,18345,4109,34,1497
중랑구,2021,59,32648,9449,47,1916
중랑구,2021,84,44617,20519,78,1513
중랑구,2021,기타,56471,25551,121,392
강남구,2022,33,32106,7586,71,3491
강남구,2022,59,58098,25088,127,6118
강남구,2022,84,89407,50556,191,8069
강남구,2022,기타,140252,80500,277,4927
강동구,2022,33,19983,4191,31,2510
강동구,2022,59,43697,15977,63,5640
강동구,2022,84,57784,29551,113,4910
강동구,2022,기타,67617,38717,127,907
강북구,2022,33,13686,2709,34,946
강북구,2022,59,31431,11005,63,1144
강북구,2022,84,42841,17262,90,1067
강북구,2022,기타,51195,21507,105,249
강서구,2022,33,20348,4996,41,3660
강서구,2022,59,31382,11534,53,7105
강서구,2022,84,48396,26378,96,4726
강서구,2022,기타,66582,38221,116,953
관악구,2022,33,16804,3640,36,1878
관악구,2022,59,39977,16754,72,2964
관악구,2022,84,50200,22329,97,1834
관악구,2022,기타,57948,29149,105,585
광진구,2022,33,18211,4775,57,526
광진구,2022,59,49360,22466,96,1331
광진구,2022,84,67594,35285,115,2245
광진구,2022,기타,104525,54775,211,559
구로구,2022,33,16351,4820,22,2120
구로구,2022,59,29957,12078,51,4579
구로구,2022,84,44136,22687,61,4414
구로구,2022,기타,54718,32326,111,592
금천구,2022,33,15816,1921,46,701
금천구,2022,59,31938,12346,63,1332
금천구,2022,84,43743,18843,84,895
금천구,2022,기타,46998,23980,77,183
노원구,2022,33,15493,2581,38,3051
노원구,2022,59,24593,6789,58,12293
노원구,2022,84,45569,20050,88,3869
노원구,2022,기타,63558,36151,102,729
도봉구,2022,33,14813,2945,40,1221
도봉구,2022,59,24462,6271,58,3108
도봉구,2022,84,37008,13160,79,2064
도봉구,2022,기타,54472,21772,116,280
동대문구,2022,33,19922,5236,42,2104
동대문구,2022,59,44587,15387,80,2807
동대문구,2022,84,53498,24448,112,2743
동대문구,2022,기타,55417,24480,115,710
동작구,2022,33,13628,2937,40,1113
동작구,2022,59,47671,21994,85,2932
동작구,2022,84,66358,33875,113,3871
동작구,2022,기타,77806,41967,127,1030
마포구,2022,33,22135,5915,47,1637
마포구,2022,59,45092,16302,87,5404
마포구,2022,84,68969,29114,159,4050
마포구,2022,기타,92325,42382,223,1132
서대문구,2022,33,16459,5561,36,1531
서대문구,2022,59,44349,16908,89,3046
서대문구,2022,84,55808,25645,115,3105
서대문구,2022,기타,67966,33642,142,569
서초구,2022,33,31646,5828,73,1216
서초구,2022,59,57466,25474,102,4112
서초구,2022,84,95987,51122,200,6311
서초구,2022,기타,132869,71205,273,3514
성동구,2022,33,21634,6331,47,863
성동구,2022,59,55371,21531,134,4148
성동구,2022,84,69730,31423,164,4075
성동구,2022,기타,94217,44958,294,1143
성북구,2022,33,15746,5127,30,1434
성북구,2022,59,41323,13739,78,4306
성북구,2022,84,51795,21621,107,3269
성북구,2022,기타,65147,31280,125,939
송파구,2022,33,34544,8078,48,2845
송파구,2022,59,51151,20020,78,6062
송파구,2022,84,72310,39469,146,9786
송파구,2022,기타,97522,53145,176,3202
양천구,2022,33,7016,4142,21,939
양천구,2022,59,37773,15215,65,5290
양천구,2022,84,58221,34833,100,4540
양천구,2022,기타,90075,66136,135,1425
영등포구,2022,33,20187,7061,37,1874
영등포구,2022,59,43354,18642,67,5013
영등포구,2022,84,56905,25897,106,4216
영등포구,2022,기타,86178,43067,168,1259
용산구,2022,33,24503,8634,37,1045
용산구,2022,59,47714,16827,90,2517
용산구,2022,84,67427,25640,170,1790
용산구,2022,기타,118728,40507,420,1830
은평구,2022,33,18501,7774,29,2668
은평구,2022,59,39931,13427,62,3997
은평구,2022,84,44252,23459,105,3361
은평구,2022,기타,60863,28572,121,659
종로구,2022,33,20945,7327,54,436
종로구,2022,59,41923,14823,102,568
종로구,2022,84,68880,29682,157,719
종로구,2022,기타,91364,35515,230,260
중구,2022,33,20420,3626,50,926
중구,2022,59,49967,16379,109,1069
중구,2022,84,64825,24740,143,1107
중구,2022,기타,90157,32777,273,467
중랑구,2022,33,18256,5274,32,1851
중랑구,2022,59,27791,10673,46,2818
중랑구,2022,84,44756,20215,90,1662
중랑구,2022,기타,49940,31774,99,446
강남구,2023,33,30681,7611,61,4508
강남구,2023,59,59243,23179,120,8620
강남구,2023,84,87107,45665,209,10902
강남구,2023,기타,133026,70135,291,5540
강동구,2023,33,19028,5880,28,3718
강동구,2023,59,37381,14876,61,8152
강동구,2023,84,54070,28502,122,6261
강동구,2023,기타,59110,35334,137,1165
강북구,2023,33,13103,2624,43,839
강북구,2023,59,29683,9703,65,1223
강북구,2023,84,40318,14163,101,1203
강북구,2023,기타,46465,17611,119,224
강서구,2023,33,19666,5547,43,3804
강서구,2023,59,34732,11078,57,6160
강서구,2023,84,48714,22228,108,4725
강서구,2023,기타,63638,32661,124,1030
관악구,2023,33,15055,3835,44,1796
관악구,2023,59,37086,14506,81,2706
관악구,2023,84,47169,19851,103,1939
관악구,2023,기타,56373,23076,122,656
광진구,2023,33,18095,4976,49,544
광진구,2023,59,47512,20205,99,1803
광진구,2023,84,63305,30505,133,2451
광진구,2023,기타,97350,41995,244,600
구로구,2023,33,15190,4884,23,2422
구로구,2023,59,28894,11041,49,4910
구로구,2023,84,40852,19188,86,3344
구로구,2023,기타,50299,27512,141,736
금천구,2023,33,14509,4293,33,952
금천구,2023,59,29875,15490,60,2158
금천구,2023,84,42752,20320,80,1304
금천구,2023,기타,45230,15100,118,188
노원구,2023,33,15547,2861,44,2941
노원구,2023,59,23929,5879,63,12484
노원구,2023,84,43323,17096,94,4177
노원구,2023,기타,58225,25960,120,899
도봉구,2023,33,14118,2317,49,888
도봉구,2023,59,23008,5368,63,3013
도봉구,2023,84,34712,10744,90,2286
도봉구,2023,기타,49689,21178,117,322
동대문구,2023,33,20014,5155,46,1842
동대문구,2023,59,40918,14918,93,2672
동대문구,2023,84,51607,18782,140,3414
동대문구,2023,기타,55506,19261,128,788
동작구,2023,33,17269,3845,42,812
동작구,2023,59,45475,19587,86,3345
동작구,2023,84,62005,28148,121,4352
동작구,2023,기타,70979,34239,138,1219
마포구,2023,33,23235,6905,38,2504
마포구,2023,59,45829,15922,98,5561
마포구,2023,84,66118,27135,165,4547
마포구,2023,기타,89398,37133,226,1249
서대문구,2023,33,20073,5477,43,1230
서대문구,2023,59,40794,14614,93,2992
서대문구,2023,84,53288,22142,125,3264
서대문구,2023,기타,67275,27477,154,614
서초구,2023,33,29393,6517,62,1449
서초구,2023,59,57366,24620,107,5868
서초구,2023,84,90332,47296,213,7392
서초구,2023,기타,135805,68908,305,4023
성동구,2023,33,18901,5519,58,665
성동구,2023,59,51331,19109,149,4497
성동구,2023,84,65495,28122,183,4586
성동구,2023,기타,94679,45225,328,1384
성북구,2023,33,13906,4823,31,1242
성북구,2023,59,38634,12434,88,4659
성북구,2023,84,48786,19691,111,3552
성북구,2023,기타,58100,25922,128,924
송파구,2023,33,33072,9750,43,3347
송파구,2023,59,47729,18444,83,6522
송파구,2023,84,67059,35575,161,11149
송파구,2023,기타,91380,49284,192,3467
양천구,2023,33,7964,4540,21,998
양천구,2023,59,35226,12624,71,5465
양천구,2023,84,55058,30269,110,4745
양천구,2023,기타,85791,59793,146,1625
영등포구,2023,33,23571,5945,46,1751
영등포구,2023,59,40885,15827,83,4034
영등포구,2023,84,53873,26890,116,4237
영등포구,2023,기타,83907,63908,186,1401
용산구,2023,33,22876,6951,37,543
용산구,2023,59,46142,17471,114,2204
용산구,2023,84,62675,22688,181,1944
용산구,2023,기타,110458,39881,434,2046
은평구,2023,33,18515,6208,33,1965
은평구,2023,59,37848,11406,68,3967
은평구,2023,84,45457,19875,116,3755
은평구,2023,기타,56497,24188,132,712
종로구,2023,33,25204,8844,58,537
종로구,2023,59,43818,14008,112,686
종로구,2023,84,72256,30594,159,878
종로구,2023,기타,91944,44247,238,316
중구,2023,33,24629,4494,66,1321
중구,2023,59,48325,13821,133,1519
중구,2023,84,63201,21346,154,1235
중구,2023,기타,86455,29433,245,563
중랑구,2023,33,18549,5013,39,1974
중랑구,2023,59,31475,10925,54,2251
중랑구,2023,84,44051,18107,92,2231
중랑구,2023,기타,53340,25194,128,431
강남구,2024,33,34717,8329,74,3623
강남구,2024,59,62558,24468,140,6406
강남구,2024,84,94131,48012,224,8089
강남구,2024,기타,141339,73268,314,4651
강동구,2024,33,27903,6132,39,2652
강동구,2024,59,46165,17547,84,6286
강동구,2024,84,60723,29347,142,6191
강동구,2024,기타,73696,37198,166,1238
강북구,2024,33,14992,2397,50,903
강북구,2024,59,33459,10309,81,1130
강북구,2024,84,43363,15526,109,998
강북구,2024,기타,52999,15323,143,188
강서구,2024,33,21568,5731,43,3482
강서구,2024,59,34062,12003,56,6840
강서구,2024,84,51423,25945,111,4334
강서구,2024,기타,69490,33958,144,908
관악구,2024,33,17758,4613,49,1870
관악구,2024,59,41804,16081,83,2634
관악구,2024,84,51322,22099,108,1757
관악구,2024,기타,58681,25958,117,545
광진구,2024,33,17892,6426,53,553
광진구,2024,59,51515,21896,110,1333
광진구,2024,84,69284,32664,142,2043
광진구,2024,기타,107648,48868,264,524
구로구,2024,33,16488,4930,32,2164
구로구,2024,59,32371,12754,57,4524
구로구,2024,84,45085,21709,75,3392
구로구,2024,기타,56804,30762,140,506
금천구,2024,33,15998,4017,45,652
금천구,2024,59,32526,11874,70,1338
금천구,2024,84,45279,16871,98,845
금천구,2024,기타,47299,19650,110,174
노원구,2024,33,16432,2431,42,3215
노원구,2024,59,25220,5950,67,11189
노원구,2024,84,47033,17375,96,3535
노원구,2024,기타,62412,30165,123,740
도봉구,2024,33,15242,3504,44,1006
도봉구,2024,59,24463,5880,65,2811
도봉구,2024,84,37335,12422,89,1966
도봉구,2024,기타,54525,19520,124,256
동대문구,2024,33,20177,5807,47,2106
동대문구,2024,59,46954,16125,92,2849
동대문구,2024,84,56268,21338,141,2837
동대문구,2024,기타,58590,24236,130,666
동작구,2024,33,15843,6388,41,1308
동작구,2024,59,51039,21533,99,2932
동작구,2024,84,67772,32656,129,3818
동작구,2024,기타,77427,38677,158,897
마포구,2024,33,24243,6770,54,1703
마포구,2024,59,47911,16306,103,5028
마포구,2024,84,73555,29899,179,3960
마포구,2024,기타,94727,42584,240,1066
서대문구,2024,33,17488,5897,51,1473
서대문구,2024,59,46914,17886,99,2704
서대문구,2024,84,59784,25750,133,2858
서대문구,2024,기타,69301,28665,203,501
서초구,2024,33,32012,6839,81,1179
서초구,2024,59,63917,25620,131,4122
서초구,2024,84,101617,52084,229,5705
서초구,2024,기타,139933,70048,339,3348
성동구,2024,33,30416,5210,66,646
성동구,2024,59,58247,22270,154,3977
성동구,2024,84,72663,30993,193,3915
성동구,2024,기타,101512,41429,386,1089
성북구,2024,33,18500,5301,35,1309
성북구,2024,59,43653,13902,96,3979
성북구,2024,84,53102,21517,121,3002
성북구,2024,기타,63651,26241,153,798
송파구,2024,33,36185,9058,52,2833
송파구,2024,59,52132,20118,87,5911
송파구,2024,84,74971,38924,172,9380
송파구,2024,기타,95601,50244,192,3143
양천구,2024,33,8387,3980,20,792
양천구,2024,59,40186,15375,77,4825
양천구,2024,84,61486,35039,115,4314
양천구,2024,기타,93838,64964,170,1332
영등포구,2024,33,20893,8248,40,2550
영등포구,2024,59,46466,19644,79,4763
영등포구,2024,84,60865,26055,126,3995
영등포구,2024,기타,91578,64605,207,1174
용산구,2024,33,25813,9548,44,911
용산구,2024,59,52484,18249,99,2254
용산구,2024,84,69711,26141,199,1678
용산구,2024,기타,127024,39872,449,1803
은평구,2024,33,19121,8385,32,2786
은평구,2024,59,42611,14007,73,3553
은평구,2024,84,47021,22755,120,3212
은평구,2024,기타,62953,28806,136,547
종로구,2024,33,20114,7272,61,535
종로구,2024,59,45065,16001,121,515
종로구,2024,84,77034,30925,174,709
종로구,2024,기타,99867,35388,283,253
중구,2024,33,22357,5820,69,1002
중구,2024,59,52548,13189,147,1185
중구,2024,84,67194,23922,162,1089
중구,2024,기타,89585,29460,276,449
중랑구,2024,33,18966,6213,33,2194
중랑구,2024,59,28283,11051,49,2879
중랑구,2024,84,46435,20645,97,1709
중랑구,2024,기타,47812,25583,147,454
강남구,2025,33,34083,8181,83,3470
강남구,2025,59,65548,25675,150,6415
강남구,2025,84,94932,51037,222,8939
강남구,2025,기타,142761,76422,308,4666
강동구,2025,33,26870,6568,34,4151
강동구,2025,59,42862,16152,73,7406
강동구,2025,84,61998,31306,142,6077
강동구,2025,기타,68341,37370,162,1320
강북구,2025,33,16362,2177,51,887
강북구,2025,59,33230,9662,74,1042
강북구,2025,84,44320,13366,123,1005
강북구,2025,기타,50104,21056,131,216
강서구,2025,33,22063,6472,47,4010
강서구,2025,59,39262,12542,66,5747
강서구,2025,84,55443,27072,118,4253
강서구,2025,기타,71706,34878,140,934
관악구,2025,33,20777,4641,57,1363
관악구,2025,59,42268,14804,91,2658
관악구,2025,84,53055,21542,118,1979
관악구,2025,기타,59746,25463,134,590
광진구,2025,33,29566,8124,45,961
광진구,2025,59,52353,21897,114,1532
광진구,2025,84,70663,34242,144,2376
광진구,2025,기타,109409,46119,300,645
구로구,2025,33,16634,5040,33,2324
구로구,2025,59,32062,11150,56,4603
구로구,2025,84,44613,20273,93,2967
구로구,2025,기타,53275,27610,156,641
금천구,2025,33,15181,4898,34,843
금천구,2025,59,33080,15660,65,1857
금천구,2025,84,45829,20784,88,1133
금천구,2025,기타,48510,17188,129,155
노원구,2025,33,17571,2996,47,2959
노원구,2025,59,25689,6459,67,11325
노원구,2025,84,47391,17751,101,3748
노원구,2025,기타,63798,29675,128,759
도봉구,2025,33,15516,3162,53,893
도봉구,2025,59,25286,5504,70,2644
도봉구,2025,84,45441,11773,97,2168
도봉구,2025,기타,53795,22653,127,282
동대문구,2025,33,20504,6753,46,2811
동대문구,2025,59,47147,14601,99,3798
동대문구,2025,84,57351,21651,145,3693
동대문구,2025,기타,62014,22922,135,756
동작구,2025,33,15721,5035,39,915
동작구,2025,59,52584,22210,101,3362
동작구,2025,84,69660,32252,135,4416
동작구,2025,기타,77795,38887,150,1191
마포구,2025,33,26136,6198,51,1987
마포구,2025,59,53579,18493,114,5370
마포구,2025,84,75638,30562,179,4383
마포구,2025,기타,98984,40155,270,1221
서대문구,2025,33,22433,5912,50,1128
서대문구,2025,59,47159,16988,107,2798
서대문구,2025,84,60637,25602,138,3108
서대문구,2025,기타,72891,31795,174,594
서초구,2025,33,31458,7252,78,1360
서초구,2025,59,67624,28134,134,5848
서초구,2025,84,105558,55468,245,7404
서초구,2025,기타,151100,78699,352,3780
성동구,2025,33,25761,8004,59,852
성동구,2025,59,60289,22623,170,4955
성동구,2025,84,74511,31665,202,4677
성동구,2025,기타,99961,44649,335,1321
성북구,2025,33,18839,5727,41,1112
성북구,2025,59,43618,14111,99,4115
성북구,2025,84,53415,21842,123,3368
성북구,2025,기타,63415,24996,158,802
송파구,2025,33,36989,10131,54,3030
송파구,2025,59,54381,20596,94,5978
송파구,2025,84,75595,40736,184,10351
송파구,2025,기타,100519,51053,220,3223
양천구,2025,33,7864,4331,21,834
양천구,2025,59,40040,14664,77,5166
양천구,2025,84,61622,35077,122,4504
양천구,2025,기타,96378,64798,163,1551
영등포구,2025,33,25878,6173,58,2166
영등포구,2025,59,46948,18089,96,3901
영등포구,2025,84,60771,26838,132,4079
영등포구,2025,기타,92450,43258,233,1253
용산구,2025,33,26946,7422,45,804
용산구,2025,59,54789,18793,135,2057
용산구,2025,84,72007,25702,207,1789
용산구,2025,기타,128669,46102,470,1897
은평구,2025,33,18330,7412,38,1976
은평구,2025,59,42881,13637,81,3354
은평구,2025,84,50042,22023,129,3162
은평구,2025,기타,60564,26353,144,636
종로구,2025,33,31902,7684,65,738
종로구,2025,59,50117,15785,118,620
종로구,2025,84,81398,34396,180,838
종로구,2025,기타,106684,44228,261,280
중구,2025,33,26359,6065,72,1189
중구,2025,59,54747,15699,153,1449
중구,2025,84,69549,24302,177,1153
중구,2025,기타,91104,28415,308,482
중랑구,2025,33,20388,6169,40,2019
중랑구,2025,59,35447,11074,59,2274
중랑구,2025,84,49514,21144,94,2155
중랑구,2025,기타,56192,25062,147,406
