opratDate,stgSdCd,stgSdNm,stgSggCd,stgSggNm,arrSdCd,arrSdNm,arrSggCd,arrSggNm,arrEmdCd,arrEmdNm,tzon,quater,origin_emd_count,useStf,useTm
20260224,11,서울특별시,11110,종로구,11,서울특별시,11200,성동구,1120011500,성수동2가,07,00,5.0,11.0,1617.2727272727273
20260224,11,서울특별시,11110,종로구,11,서울특별시,11200,성동구,1120011500,성수동2가,07,15,9.0,16.0,1739.625
20260224,11,서울특별시,11110,종로구,11,서울특별시,11200,성동구,1120011500,성수동2가,07,30,9.0,17.0,1884.6470588235295
20260224,11,서울특별시,11110,종로구,11,서울특별시,11200,성동구,1120011500,성수동2가,07,45,14.0,30.0,1918.2
20260224,11,서울특별시,11110,종로구,11,서울특별시,11200,성동구,1120011500,성수동2가,08,00,15.0,36.0,1727.3333333333333
20260224,11,서울특별시,11110,종로구,11,서울특별시,11200,성동구,1120011500,성수동2가,08,15,11.0,33.0,1683.5151515151515
20260224,11,서울특별시,11110,종로구,11,서울특별시,11200,성동구,1120011500,성수동2가,08,30,11.0,27.0,1747.111111111111
20260224,11,서울특별시,11110,종로구,11,서울특별시,11200,성동구,1120011500,성수동2가,08,45,10.0,33.0,1557.6060606060605
20260224,11,서울특별시,11110,종로구,11,서울특별시,11200,성동구,1120011500,성수동2가,09,00,14.0,30.0,1762.9666666666667
20260224,11,서울특별시,11110,종로구,11,서울특별시,11200,성동구,1120011500,성수동2가,09,15,11.0,21.0,1617.904761904762
20260224,11,서울특별시,11110,종로구,11,서울특별시,11200,성동구,1120011500,성수동2가,09,30,9.0,43.0,1726.2790697674418
20260224,11,서울특별시,11110,종로구,11,서울특별시,11200,성동구,1120011500,성수동2가,09,45,13.0,36.0,1666.75
20260224,11,서울특별시,11110,종로구,11,서울특별시,11200,성동구,1120011500,성수동2가,10,00,8.0,28.0,2053.6071428571427
20260224,11,서울특별시,11110,종로구,11,서울특별시,11200,성동구,1120011500,성수동2가,10,15,8.0,34.0,1969.6764705882354
20260224,11,서울특별시,11110,종로구,11,서울특별시,11200,성동구,1120011500,성수동2가,10,30,9.0,46.0,1819.304347826087
20260224,11,서울특별시,11110,종로구,11,서울특별시,11200,성동구,1120011500,성수동2가,10,45,14.0,49.0,1944.5510204081634
20260224,11,서울특별시,11110,종로구,11,서울특별시,11200,성동구,1120011500,성수동2가,11,00,12.0,55.0,1955.3454545454545
20260224,11,서울특별시,11110,종로구,11,서울특별시,11200,성동구,1120011500,성수동2가,11,15,10.0,63.0,2028.5079365079366
20260224,11,서울특별시,11110,종로구,11,서울특별시,11200,성동구,1120011500,성수동2가,11,30,13.0,51.0,1888.7450980392157
20260224,11,서울특별시,11110,종로구,11,서울특별시,11200,성동구,1120011500,성수동2가,11,45,9.0,44.0,1960.3863636363637
20260224,11,서울특별시,11140,중구,11,서울특별시,11200,성동구,1120011500,성수동2가,07,00,6.0,20.0,1292.6
20260224,11,서울특별시,11140,중구,11,서울특별시,11200,성동구,1120011500,성수동2가,07,15,8.0,29.0,1297.7586206896551
20260224,11,서울특별시,11140,중구,11,서울특별시,11200,성동구,1120011500,성수동2가,07,30,10.0,40.0,1276.675
20260224,11,서울특별시,11140,중구,11,서울특별시,11200,성동구,1120011500,성수동2가,07,45,11.0,46.0,1336.3478260869565
20260224,11,서울특별시,11140,중구,11,서울특별시,11200,성동구,1120011500,성수동2가,08,00,13.0,95.0,1274.421052631579
20260224,11,서울특별시,11140,중구,11,서울특별시,11200,성동구,1120011500,성수동2가,08,15,10.0,94.0,1171.5106382978724
20260224,11,서울특별시,11140,중구,11,서울특별시,11200,성동구,1120011500,성수동2가,08,30,12.0,85.0,1175.9176470588236
20260224,11,서울특별시,11140,중구,11,서울특별시,11200,성동구,1120011500,성수동2가,08,45,13.0,96.0,1272.8645833333333
20260224,11,서울특별시,11140,중구,11,서울특별시,11200,성동구,1120011500,성수동2가,09,00,12.0,125.0,1246.88
20260224,11,서울특별시,11140,중구,11,서울특별시,11200,성동구,1120011500,성수동2가,09,15,13.0,123.0,1300.3821138211383
20260224,11,서울특별시,11140,중구,11,서울특별시,11200,성동구,1120011500,성수동2가,09,30,16.0,143.0,1332.2937062937062
20260224,11,서울특별시,11140,중구,11,서울특별시,11200,성동구,1120011500,성수동2가,09,45,13.0,165.0,1347.4
20260224,11,서울특별시,11140,중구,11,서울특별시,11200,성동구,1120011500,성수동2가,10,00,11.0,131.0,1480.8931297709923
20260224,11,서울특별시,11140,중구,11,서울특별시,11200,성동구,1120011500,성수동2가,10,15,12.0,174.0,1407.2701149425288
20260224,11,서울특별시,11140,중구,11,서울특별시,11200,성동구,1120011500,성수동2가,10,30,14.0,193.0,1432.658031088083
20260224,11,서울특별시,11140,중구,11,서울특별시,11200,성동구,1120011500,성수동2가,10,45,14.0,180.0,1478.1833333333334
20260224,11,서울특별시,11140,중구,11,서울특별시,11200,성동구,1120011500,성수동2가,11,00,19.0,197.0,1422.0609137055837
20260224,11,서울특별시,11140,중구,11,서울특별시,11200,성동구,1120011500,성수동2가,11,15,17.0,202.0,1546.8910891089108
20260224,11,서울특별시,11140,중구,11,서울특별시,11200,성동구,1120011500,성수동2가,11,30,16.0,214.0,1460.6682242990655
20260224,11,서울특별시,11140,중구,11,서울특별시,11200,성동구,1120011500,성수동2가,11,45,13.0,205.0,1435.6097560975609
20260224,11,서울특별시,11170,용산구,11,서울특별시,11200,성동구,1120011500,성수동2가,07,00,13.0,21.0,2008.3809523809523
20260224,11,서울특별시,11170,용산구,11,서울특별시,11200,성동구,1120011500,성수동2가,07,15,3.0,6.0,1940.6666666666667
20260224,11,서울특별시,11170,용산구,11,서울특별시,11200,성동구,1120011500,성수동2가,07,30,12.0,38.0,2056.4736842105262
20260224,11,서울특별시,11170,용산구,11,서울특별시,11200,성동구,1120011500,성수동2가,07,45,17.0,40.0,1953.05
20260224,11,서울특별시,11170,용산구,11,서울특별시,11200,성동구,1120011500,성수동2가,08,00,16.0,48.0,1978.1458333333333
20260224,11,서울특별시,11170,용산구,11,서울특별시,11200,성동구,1120011500,성수동2가,08,15,15.0,32.0,1865.875
20260224,11,서울특별시,11170,용산구,11,서울특별시,11200,성동구,1120011500,성수동2가,08,30,13.0,25.0,1890.64
20260224,11,서울특별시,11170,용산구,11,서울특별시,11200,성동구,1120011500,성수동2가,08,45,14.0,30.0,1984.7
20260224,11,서울특별시,11170,용산구,11,서울특별시,11200,성동구,1120011500,성수동2가,09,00,15.0,36.0,2092.6388888888887
20260224,11,서울특별시,11170,용산구,11,서울특별시,11200,성동구,1120011500,성수동2가,09,15,13.0,30.0,1935.2666666666667
20260224,11,서울특별시,11170,용산구,11,서울특별시,11200,성동구,1120011500,성수동2가,09,30,8.0,19.0,2075.7368421052633
20260224,11,서울특별시,11170,용산구,11,서울특별시,11200,성동구,1120011500,성수동2가,09,45,9.0,20.0,2032.3
20260224,11,서울특별시,11170,용산구,11,서울특별시,11200,성동구,1120011500,성수동2가,10,00,10.0,20.0,2087.85
20260224,11,서울특별시,11170,용산구,11,서울특별시,11200,성동구,1120011500,성수동2가,10,15,13.0,32.0,2140.84375
20260224,11,서울특별시,11170,용산구,11,서울특별시,11200,성동구,1120011500,성수동2가,10,30,6.0,10.0,2074.2
20260224,11,서울특별시,11170,용산구,11,서울특별시,11200,성동구,1120011500,성수동2가,10,45,7.0,30.0,2530.766666666667
20260224,11,서울특별시,11170,용산구,11,서울특별시,11200,성동구,1120011500,성수동2가,11,00,7.0,18.0,1943.0
20260224,11,서울특별시,11170,용산구,11,서울특별시,11200,성동구,1120011500,성수동2가,11,15,6.0,14.0,2347.785714285714
20260224,11,서울특별시,11170,용산구,11,서울특별시,11200,성동구,1120011500,성수동2가,11,30,11.0,17.0,2369.8823529411766
20260224,11,서울특별시,11170,용산구,11,서울특별시,11200,성동구,1120011500,성수동2가,11,45,8.0,20.0,2089.7
20260224,11,서울특별시,11200,성동구,11,서울특별시,11200,성동구,1120011500,성수동2가,07,00,14.0,46.0,901.804347826087
20260224,11,서울특별시,11200,성동구,11,서울특별시,11200,성동구,1120011500,성수동2가,07,15,14.0,70.0,691.3857142857142
20260224,11,서울특별시,11200,성동구,11,서울특별시,11200,성동구,1120011500,성수동2가,07,30,14.0,119.0,904.9579831932773
20260224,11,서울특별시,11200,성동구,11,서울특별시,11200,성동구,1120011500,성수동2가,07,45,15.0,146.0,956.3904109589041
20260224,11,서울특별시,11200,성동구,11,서울특별시,11200,성동구,1120011500,성수동2가,08,00,15.0,211.0,831.4218009478673
20260224,11,서울특별시,11200,성동구,11,서울특별시,11200,성동구,1120011500,성수동2가,08,15,15.0,316.0,808.9145569620254
20260224,11,서울특별시,11200,성동구,11,서울특별시,11200,성동구,1120011500,성수동2가,08,30,13.0,292.0,706.1780821917808
20260224,11,서울특별시,11200,성동구,11,서울특별시,11200,성동구,1120011500,성수동2가,08,45,13.0,143.0,748.6433566433567
20260224,11,서울특별시,11200,성동구,11,서울특별시,11200,성동구,1120011500,성수동2가,09,00,14.0,140.0,762.2857142857143
20260224,11,서울특별시,11200,성동구,11,서울특별시,11200,성동구,1120011500,성수동2가,09,15,14.0,147.0,719.9863945578231
20260224,11,서울특별시,11200,성동구,11,서울특별시,11200,성동구,1120011500,성수동2가,09,30,14.0,166.0,727.1927710843373
20260224,11,서울특별시,11200,성동구,11,서울특별시,11200,성동구,1120011500,성수동2가,09,45,10.0,101.0,766.6633663366337
20260224,11,서울특별시,11200,성동구,11,서울특별시,11200,성동구,1120011500,성수동2가,10,00,12.0,83.0,655.156626506024
20260224,11,서울특별시,11200,성동구,11,서울특별시,11200,성동구,1120011500,성수동2가,10,15,13.0,84.0,762.3928571428571
20260224,11,서울특별시,11200,성동구,11,서울특별시,11200,성동구,1120011500,성수동2가,10,30,13.0,88.0,716.7954545454545
20260224,11,서울특별시,11200,성동구,11,서울특별시,11200,성동구,1120011500,성수동2가,10,45,11.0,81.0,637.5925925925926
20260224,11,서울특별시,11200,성동구,11,서울특별시,11200,성동구,1120011500,성수동2가,11,00,14.0,96.0,710.7916666666666
20260224,11,서울특별시,11200,성동구,11,서울특별시,11200,성동구,1120011500,성수동2가,11,15,12.0,94.0,938.5425531914893
20260224,11,서울특별시,11200,성동구,11,서울특별시,11200,성동구,1120011500,성수동2가,11,30,11.0,95.0,621.2
20260224,11,서울특별시,11200,성동구,11,서울특별시,11200,성동구,1120011500,성수동2가,11,45,14.0,90.0,792.9222222222222
20260224,11,서울특별시,11215,광진구,11,서울특별시,11200,성동구,1120011500,성수동2가,07,00,7.0,36.0,902.8888888888889
20260224,11,서울특별시,11215,광진구,11,서울특별시,11200,성동구,1120011500,성수동2가,07,15,6.0,58.0,957.6206896551724
20260224,11,서울특별시,11215,광진구,11,서울특별시,11200,성동구,1120011500,성수동2가,07,30,7.0,113.0,885.5752212389381
20260224,11,서울특별시,11215,광진구,11,서울특별시,11200,성동구,1120011500,성수동2가,07,45,7.0,114.0,990.9824561403509
20260224,11,서울특별시,11215,광진구,11,서울특별시,11200,성동구,1120011500,성수동2가,08,00,7.0,217.0,844.6543778801844
20260224,11,서울특별시,11215,광진구,11,서울특별시,11200,성동구,1120011500,성수동2가,08,15,7.0,280.0,803.7428571428571
20260224,11,서울특별시,11215,광진구,11,서울특별시,11200,성동구,1120011500,성수동2가,08,30,7.0,339.0,652.7256637168142
20260224,11,서울특별시,11215,광진구,11,서울특별시,11200,성동구,1120011500,성수동2가,08,45,7.0,179.0,732.8379888268156
20260224,11,서울특별시,11215,광진구,11,서울특별시,11200,성동구,1120011500,성수동2가,09,00,7.0,220.0,702.7045454545455
20260224,11,서울특별시,11215,광진구,11,서울특별시,11200,성동구,1120011500,성수동2가,09,15,7.0,176.0,817.1136363636364
20260224,11,서울특별시,11215,광진구,11,서울특별시,11200,성동구,1120011500,성수동2가,09,30,7.0,217.0,732.9216589861751
20260224,11,서울특별시,11215,광진구,11,서울특별시,11200,성동구,1120011500,성수동2가,09,45,7.0,137.0,678.1751824817518
20260224,11,서울특별시,11215,광진구,11,서울특별시,11200,성동구,1120011500,성수동2가,10,00,7.0,101.0,835.4059405940594
20260224,11,서울특별시,11215,광진구,11,서울특별시,11200,성동구,1120011500,성수동2가,10,15,7.0,111.0,763.4954954954954
20260224,11,서울특별시,11215,광진구,11,서울특별시,11200,성동구,1120011500,성수동2가,10,30,7.0,134.0,675.2014925373135
20260224,11,서울특별시,11215,광진구,11,서울특별시,11200,성동구,1120011500,성수동2가,10,45,7.0,79.0,608.632911392405
20260224,11,서울특별시,11215,광진구,11,서울특별시,11200,성동구,1120011500,성수동2가,11,00,7.0,72.0,787.0
20260224,11,서울특별시,11215,광진구,11,서울특별시,11200,성동구,1120011500,성수동2가,11,15,7.0,105.0,669.5714285714286
20260224,11,서울특별시,11215,광진구,11,서울특별시,11200,성동구,1120011500,성수동2가,11,30,7.0,82.0,709.9512195121952
20260224,11,서울특별시,11215,광진구,11,서울특별시,11200,성동구,1120011500,성수동2가,11,45,7.0,69.0,756.5652173913044
20260224,11,서울특별시,11230,동대문구,11,서울특별시,11200,성동구,1120011500,성수동2가,07,00,10.0,47.0,1433.4255319148936
20260224,11,서울특별시,11230,동대문구,11,서울특별시,11200,성동구,1120011500,성수동2가,07,15,10.0,84.0,1428.404761904762
20260224,11,서울특별시,11230,동대문구,11,서울특별시,11200,성동구,1120011500,성수동2가,07,30,10.0,100.0,1501.26
20260224,11,서울특별시,11230,동대문구,11,서울특별시,11200,성동구,1120011500,성수동2가,07,45,9.0,142.0,1433.8028169014085
20260224,11,서울특별시,11230,동대문구,11,서울특별시,11200,성동구,1120011500,성수동2가,08,00,10.0,212.0,1463.8443396226414
20260224,11,서울특별시,11230,동대문구,11,서울특별시,11200,성동구,1120011500,성수동2가,08,15,10.0,215.0,1295.1627906976744
20260224,11,서울특별시,11230,동대문구,11,서울특별시,11200,성동구,1120011500,성수동2가,08,30,10.0,157.0,1216.1910828025477
20260224,11,서울특별시,11230,동대문구,11,서울특별시,11200,성동구,1120011500,성수동2가,08,45,10.0,96.0,1474.0520833333333
20260224,11,서울특별시,11230,동대문구,11,서울특별시,11200,성동구,1120011500,성수동2가,09,00,9.0,109.0,1460.4587155963302
20260224,11,서울특별시,11230,동대문구,11,서울특별시,11200,성동구,1120011500,성수동2가,09,15,8.0,93.0,1316.279569892473
20260224,11,서울특별시,11230,동대문구,11,서울특별시,11200,성동구,1120011500,성수동2가,09,30,8.0,54.0,1303.2407407407406
20260224,11,서울특별시,11230,동대문구,11,서울특별시,11200,성동구,1120011500,성수동2가,09,45,9.0,49.0,1560.0408163265306
20260224,11,서울특별시,11230,동대문구,11,서울특별시,11200,성동구,1120011500,성수동2가,10,00,8.0,47.0,1440.595744680851
20260224,11,서울특별시,11230,동대문구,11,서울특별시,11200,성동구,1120011500,성수동2가,10,15,9.0,47.0,1319.872340425532
20260224,11,서울특별시,11230,동대문구,11,서울특별시,11200,성동구,1120011500,성수동2가,10,30,8.0,48.0,1601.8333333333333
20260224,11,서울특별시,11230,동대문구,11,서울특별시,11200,성동구,1120011500,성수동2가,10,45,8.0,34.0,1402.4411764705883
20260224,11,서울특별시,11230,동대문구,11,서울특별시,11200,성동구,1120011500,성수동2가,11,00,9.0,53.0,1466.8490566037735
20260224,11,서울특별시,11230,동대문구,11,서울특별시,11200,성동구,1120011500,성수동2가,11,15,8.0,44.0,1398.5454545454545
20260224,11,서울특별시,11230,동대문구,11,서울특별시,11200,성동구,1120011500,성수동2가,11,30,8.0,40.0,1305.45
20260224,11,서울특별시,11230,동대문구,11,서울특별시,11200,성동구,1120011500,성수동2가,11,45,9.0,35.0,1548.7142857142858
20260224,11,서울특별시,11260,중랑구,11,서울특별시,11200,성동구,1120011500,성수동2가,07,00,6.0,70.0,1830.9
20260224,11,서울특별시,11260,중랑구,11,서울특별시,11200,성동구,1120011500,성수동2가,07,15,6.0,112.0,1921.2142857142858
20260224,11,서울특별시,11260,중랑구,11,서울특별시,11200,성동구,1120011500,성수동2가,07,30,6.0,158.0,1865.873417721519
20260224,11,서울특별시,11260,중랑구,11,서울특별시,11200,성동구,1120011500,성수동2가,07,45,6.0,203.0,1905.9704433497536
20260224,11,서울특별시,11260,중랑구,11,서울특별시,11200,성동구,1120011500,성수동2가,08,00,6.0,256.0,1851.44921875
20260224,11,서울특별시,11260,중랑구,11,서울특별시,11200,성동구,1120011500,성수동2가,08,15,6.0,219.0,1595.8949771689497
20260224,11,서울특별시,11260,중랑구,11,서울특별시,11200,성동구,1120011500,성수동2가,08,30,6.0,134.0,1563.2910447761194
20260224,11,서울특별시,11260,중랑구,11,서울특별시,11200,성동구,1120011500,성수동2가,08,45,6.0,129.0,1641.9302325581396
20260224,11,서울특별시,11260,중랑구,11,서울특별시,11200,성동구,1120011500,성수동2가,09,00,6.0,111.0,1762.5675675675675
20260224,11,서울특별시,11260,중랑구,11,서울특별시,11200,성동구,1120011500,성수동2가,09,15,6.0,105.0,1610.0857142857142
20260224,11,서울특별시,11260,중랑구,11,서울특별시,11200,성동구,1120011500,성수동2가,09,30,6.0,68.0,1665.2794117647059
20260224,11,서울특별시,11260,중랑구,11,서울특별시,11200,성동구,1120011500,성수동2가,09,45,6.0,46.0,1661.608695652174
20260224,11,서울특별시,11260,중랑구,11,서울특별시,11200,성동구,1120011500,성수동2가,10,00,6.0,53.0,1641.7735849056603
20260224,11,서울특별시,11260,중랑구,11,서울특별시,11200,성동구,1120011500,성수동2가,10,15,6.0,47.0,1542.276595744681
20260224,11,서울특별시,11260,중랑구,11,서울특별시,11200,성동구,1120011500,성수동2가,10,30,6.0,37.0,1471.027027027027
20260224,11,서울특별시,11260,중랑구,11,서울특별시,11200,성동구,1120011500,성수동2가,10,45,5.0,22.0,1775.6818181818182
20260224,11,서울특별시,11260,중랑구,11,서울특별시,11200,성동구,1120011500,성수동2가,11,00,6.0,28.0,1851.4642857142858
20260224,11,서울특별시,11260,중랑구,11,서울특별시,11200,성동구,1120011500,성수동2가,11,15,5.0,27.0,1811.851851851852
20260224,11,서울특별시,11260,중랑구,11,서울특별시,11200,성동구,1120011500,성수동2가,11,30,5.0,15.0,1875.6666666666667
20260224,11,서울특별시,11260,중랑구,11,서울특별시,11200,성동구,1120011500,성수동2가,11,45,5.0,19.0,1619.421052631579
20260224,11,서울특별시,11290,성북구,11,서울특별시,11200,성동구,1120011500,성수동2가,07,00,11.0,55.0,1991.0363636363636
20260224,11,서울특별시,11290,성북구,11,서울특별시,11200,성동구,1120011500,성수동2가,07,15,12.0,56.0,1999.1785714285713
20260224,11,서울특별시,11290,성북구,11,서울특별시,11200,성동구,1120011500,성수동2가,07,30,14.0,97.0,2007.360824742268
20260224,11,서울특별시,11290,성북구,11,서울특별시,11200,성동구,1120011500,성수동2가,07,45,16.0,151.0,2023.728476821192
20260224,11,서울특별시,11290,성북구,11,서울특별시,11200,성동구,1120011500,성수동2가,08,00,19.0,173.0,2014.5953757225434
20260224,11,서울특별시,11290,성북구,11,서울특별시,11200,성동구,1120011500,성수동2가,08,15,18.0,114.0,1848.842105263158
20260224,11,서울특별시,11290,성북구,11,서울특별시,11200,성동구,1120011500,성수동2가,08,30,16.0,63.0,1895.3650793650793
20260224,11,서울특별시,11290,성북구,11,서울특별시,11200,성동구,1120011500,성수동2가,08,45,13.0,71.0,1964.8028169014085
20260224,11,서울특별시,11290,성북구,11,서울특별시,11200,성동구,1120011500,성수동2가,09,00,15.0,73.0,1811.054794520548
20260224,11,서울특별시,11290,성북구,11,서울특별시,11200,성동구,1120011500,성수동2가,09,15,14.0,63.0,1838.8095238095239
20260224,11,서울특별시,11290,성북구,11,서울특별시,11200,성동구,1120011500,성수동2가,09,30,12.0,30.0,1958.2
20260224,11,서울특별시,11290,성북구,11,서울특별시,11200,성동구,1120011500,성수동2가,09,45,7.0,18.0,2009.5555555555557
20260224,11,서울특별시,11290,성북구,11,서울특별시,11200,성동구,1120011500,성수동2가,10,00,11.0,36.0,2007.7777777777778
20260224,11,서울특별시,11290,성북구,11,서울특별시,11200,성동구,1120011500,성수동2가,10,15,11.0,34.0,1996.8235294117646
20260224,11,서울특별시,11290,성북구,11,서울특별시,11200,성동구,1120011500,성수동2가,10,30,12.0,19.0,1860.6842105263158
20260224,11,서울특별시,11290,성북구,11,서울특별시,11200,성동구,1120011500,성수동2가,10,45,9.0,18.0,1859.7222222222222
20260224,11,서울특별시,11290,성북구,11,서울특별시,11200,성동구,1120011500,성수동2가,11,00,9.0,27.0,2064.3703703703704
20260224,11,서울특별시,11290,성북구,11,서울특별시,11200,성동구,1120011500,성수동2가,11,15,11.0,20.0,1797.9
20260224,11,서울특별시,11290,성북구,11,서울특별시,11200,성동구,1120011500,성수동2가,11,30,7.0,17.0,2078.9411764705883
20260224,11,서울특별시,11290,성북구,11,서울특별시,11200,성동구,1120011500,성수동2가,11,45,6.0,18.0,2118.722222222222
20260224,11,서울특별시,11305,강북구,11,서울특별시,11200,성동구,1120011500,성수동2가,07,00,4.0,58.0,2351.4310344827586
20260224,11,서울특별시,11305,강북구,11,서울특별시,11200,성동구,1120011500,성수동2가,07,15,4.0,82.0,2400.329268292683
20260224,11,서울특별시,11305,강북구,11,서울특별시,11200,성동구,1120011500,성수동2가,07,30,4.0,108.0,2400.9444444444443
20260224,11,서울특별시,11305,강북구,11,서울특별시,11200,성동구,1120011500,성수동2가,07,45,4.0,146.0,2396.2876712328766
20260224,11,서울특별시,11305,강북구,11,서울특별시,11200,성동구,1120011500,성수동2가,08,00,4.0,121.0,2326.9586776859505
20260224,11,서울특별시,11305,강북구,11,서울특별시,11200,성동구,1120011500,성수동2가,08,15,4.0,62.0,2316.967741935484
20260224,11,서울특별시,11305,강북구,11,서울특별시,11200,성동구,1120011500,성수동2가,08,30,4.0,56.0,2349.5178571428573
20260224,11,서울특별시,11305,강북구,11,서울특별시,11200,성동구,1120011500,성수동2가,08,45,4.0,48.0,2268.4791666666665
20260224,11,서울특별시,11305,강북구,11,서울특별시,11200,성동구,1120011500,성수동2가,09,00,4.0,47.0,2191.872340425532
20260224,11,서울특별시,11305,강북구,11,서울특별시,11200,성동구,1120011500,성수동2가,09,15,3.0,20.0,2299.7
20260224,11,서울특별시,11305,강북구,11,서울특별시,11200,성동구,1120011500,성수동2가,09,30,4.0,19.0,2321.7894736842104
20260224,11,서울특별시,11305,강북구,11,서울특별시,11200,성동구,1120011500,성수동2가,09,45,4.0,26.0,2339.346153846154
20260224,11,서울특별시,11305,강북구,11,서울특별시,11200,성동구,1120011500,성수동2가,10,00,3.0,13.0,2200.230769230769
20260224,11,서울특별시,11305,강북구,11,서울특별시,11200,성동구,1120011500,성수동2가,10,15,4.0,11.0,2516.909090909091
20260224,11,서울특별시,11305,강북구,11,서울특별시,11200,성동구,1120011500,성수동2가,10,30,2.0,6.0,2084.6666666666665
20260224,11,서울특별시,11305,강북구,11,서울특별시,11200,성동구,1120011500,성수동2가,10,45,2.0,7.0,2269.5714285714284
20260224,11,서울특별시,11305,강북구,11,서울특별시,11200,성동구,1120011500,성수동2가,11,00,4.0,23.0,2353.217391304348
20260224,11,서울특별시,11305,강북구,11,서울특별시,11200,성동구,1120011500,성수동2가,11,15,3.0,19.0,2398.2631578947367
20260224,11,서울특별시,11305,강북구,11,서울특별시,11200,성동구,1120011500,성수동2가,11,30,3.0,15.0,2474.0
20260224,11,서울특별시,11305,강북구,11,서울특별시,11200,성동구,1120011500,성수동2가,11,45,4.0,11.0,2474.0
20260224,11,서울특별시,11320,도봉구,11,서울특별시,11200,성동구,1120011500,성수동2가,07,00,4.0,44.0,2890.3636363636365
20260224,11,서울특별시,11320,도봉구,11,서울특별시,11200,성동구,1120011500,성수동2가,07,15,4.0,70.0,2807.1857142857143
20260224,11,서울특별시,11320,도봉구,11,서울특별시,11200,성동구,1120011500,성수동2가,07,30,4.0,98.0,2826.408163265306
20260224,11,서울특별시,11320,도봉구,11,서울특별시,11200,성동구,1120011500,성수동2가,07,45,4.0,117.0,2971.811965811966
20260224,11,서울특별시,11320,도봉구,11,서울특별시,11200,성동구,1120011500,성수동2가,08,00,4.0,64.0,2746.4375
20260224,11,서울특별시,11320,도봉구,11,서울특별시,11200,성동구,1120011500,성수동2가,08,15,4.0,34.0,2822.294117647059
20260224,11,서울특별시,11320,도봉구,11,서울특별시,11200,성동구,1120011500,성수동2가,08,30,4.0,37.0,2621.0
20260224,11,서울특별시,11320,도봉구,11,서울특별시,11200,성동구,1120011500,성수동2가,08,45,4.0,39.0,2771.5384615384614
20260224,11,서울특별시,11320,도봉구,11,서울특별시,11200,성동구,1120011500,성수동2가,09,00,4.0,28.0,2532.3214285714284
20260224,11,서울특별시,11320,도봉구,11,서울특별시,11200,성동구,1120011500,성수동2가,09,15,4.0,19.0,2760.3684210526317
20260224,11,서울특별시,11320,도봉구,11,서울특별시,11200,성동구,1120011500,성수동2가,09,30,4.0,13.0,2641.6153846153848
20260224,11,서울특별시,11320,도봉구,11,서울특별시,11200,성동구,1120011500,성수동2가,09,45,4.0,11.0,2778.818181818182
20260224,11,서울특별시,11320,도봉구,11,서울특별시,11200,성동구,1120011500,성수동2가,10,00,3.0,10.0,2873.3
20260224,11,서울특별시,11320,도봉구,11,서울특별시,11200,성동구,1120011500,성수동2가,10,15,4.0,14.0,2773.5
20260224,11,서울특별시,11320,도봉구,11,서울특별시,11200,성동구,1120011500,성수동2가,10,30,3.0,9.0,2541.4444444444443
20260224,11,서울특별시,11320,도봉구,11,서울특별시,11200,성동구,1120011500,성수동2가,10,45,3.0,5.0,2990.6
20260224,11,서울특별시,11320,도봉구,11,서울특별시,11200,성동구,1120011500,성수동2가,11,00,3.0,7.0,2774.285714285714
20260224,11,서울특별시,11320,도봉구,11,서울특별시,11200,성동구,1120011500,성수동2가,11,15,1.0,1.0,3040.0
20260224,11,서울특별시,11320,도봉구,11,서울특별시,11200,성동구,1120011500,성수동2가,11,30,2.0,7.0,2565.1428571428573
20260224,11,서울특별시,11320,도봉구,11,서울특별시,11200,성동구,1120011500,성수동2가,11,45,3.0,10.0,3133.6
20260224,11,서울특별시,11350,노원구,11,서울특별시,11200,성동구,1120011500,성수동2가,07,00,5.0,62.0,2542.7419354838707
20260224,11,서울특별시,11350,노원구,11,서울특별시,11200,성동구,1120011500,성수동2가,07,15,5.0,80.0,2641.8375
20260224,11,서울특별시,11350,노원구,11,서울특별시,11200,성동구,1120011500,성수동2가,07,30,5.0,141.0,2559.049645390071
20260224,11,서울특별시,11350,노원구,11,서울특별시,11200,성동구,1120011500,성수동2가,07,45,5.0,166.0,2523.4578313253014
20260224,11,서울특별시,11350,노원구,11,서울특별시,11200,성동구,1120011500,성수동2가,08,00,5.0,182.0,2289.3846153846152
20260224,11,서울특별시,11350,노원구,11,서울특별시,11200,성동구,1120011500,성수동2가,08,15,5.0,116.0,2297.301724137931
20260224,11,서울특별시,11350,노원구,11,서울특별시,11200,성동구,1120011500,성수동2가,08,30,5.0,75.0,2328.826666666667
20260224,11,서울특별시,11350,노원구,11,서울특별시,11200,성동구,1120011500,성수동2가,08,45,5.0,86.0,2317.767441860465
20260224,11,서울특별시,11350,노원구,11,서울특별시,11200,성동구,1120011500,성수동2가,09,00,5.0,68.0,2316.794117647059
20260224,11,서울특별시,11350,노원구,11,서울특별시,11200,성동구,1120011500,성수동2가,09,15,5.0,34.0,2212.3529411764707
20260224,11,서울특별시,11350,노원구,11,서울특별시,11200,성동구,1120011500,성수동2가,09,30,5.0,29.0,2395.344827586207
20260224,11,서울특별시,11350,노원구,11,서울특별시,11200,성동구,1120011500,성수동2가,09,45,5.0,28.0,2465.9285714285716
20260224,11,서울특별시,11350,노원구,11,서울특별시,11200,성동구,1120011500,성수동2가,10,00,5.0,36.0,2337.972222222222
20260224,11,서울특별시,11350,노원구,11,서울특별시,11200,성동구,1120011500,성수동2가,10,15,5.0,32.0,2304.46875
20260224,11,서울특별시,11350,노원구,11,서울특별시,11200,성동구,1120011500,성수동2가,10,30,5.0,16.0,2245.0625
20260224,11,서울특별시,11350,노원구,11,서울특별시,11200,성동구,1120011500,성수동2가,10,45,5.0,12.0,2417.0
20260224,11,서울특별시,11350,노원구,11,서울특별시,11200,성동구,1120011500,성수동2가,11,00,3.0,12.0,2502.5
20260224,11,서울특별시,11350,노원구,11,서울특별시,11200,성동구,1120011500,성수동2가,11,15,4.0,12.0,2239.5
20260224,11,서울특별시,11350,노원구,11,서울특별시,11200,성동구,1120011500,성수동2가,11,30,5.0,21.0,2471.6666666666665
20260224,11,서울특별시,11350,노원구,11,서울특별시,11200,성동구,1120011500,성수동2가,11,45,5.0,29.0,2643.310344827586
20260224,11,서울특별시,11380,은평구,11,서울특별시,11200,성동구,1120011500,성수동2가,07,00,10.0,54.0,2987.5185185185187
20260224,11,서울특별시,11380,은평구,11,서울특별시,11200,성동구,1120011500,성수동2가,07,15,11.0,63.0,3032.190476190476
20260224,11,서울특별시,11380,은평구,11,서울특별시,11200,성동구,1120011500,성수동2가,07,30,11.0,100.0,2925.76
20260224,11,서울특별시,11380,은평구,11,서울특별시,11200,성동구,1120011500,성수동2가,07,45,11.0,123.0,2842.4959349593496
20260224,11,서울특별시,11380,은평구,11,서울특별시,11200,성동구,1120011500,성수동2가,08,00,11.0,87.0,2789.597701149425
20260224,11,서울특별시,11380,은평구,11,서울특별시,11200,성동구,1120011500,성수동2가,08,15,11.0,47.0,2982.1702127659573
20260224,11,서울특별시,11380,은평구,11,서울특별시,11200,성동구,1120011500,성수동2가,08,30,10.0,50.0,2687.16
20260224,11,서울특별시,11380,은평구,11,서울특별시,11200,성동구,1120011500,성수동2가,08,45,8.0,43.0,2820.2093023255816
20260224,11,서울특별시,11380,은평구,11,서울특별시,11200,성동구,1120011500,성수동2가,09,00,10.0,56.0,2647.6964285714284
20260224,11,서울특별시,11380,은평구,11,서울특별시,11200,성동구,1120011500,성수동2가,09,15,8.0,34.0,2787.8529411764707
20260224,11,서울특별시,11380,은평구,11,서울특별시,11200,성동구,1120011500,성수동2가,09,30,10.0,23.0,2675.8260869565215
20260224,11,서울특별시,11380,은평구,11,서울특별시,11200,성동구,1120011500,성수동2가,09,45,8.0,18.0,2823.4444444444443
20260224,11,서울특별시,11380,은평구,11,서울특별시,11200,성동구,1120011500,성수동2가,10,00,9.0,25.0,2830.88
20260224,11,서울특별시,11380,은평구,11,서울특별시,11200,성동구,1120011500,성수동2가,10,15,4.0,8.0,2737.625
20260224,11,서울특별시,11380,은평구,11,서울특별시,11200,성동구,1120011500,성수동2가,10,30,5.0,13.0,2801.769230769231
20260224,11,서울특별시,11380,은평구,11,서울특별시,11200,성동구,1120011500,성수동2가,10,45,6.0,8.0,3227.375
20260224,11,서울특별시,11380,은평구,11,서울특별시,11200,성동구,1120011500,성수동2가,11,00,7.0,12.0,2880.5833333333335
20260224,11,서울특별시,11380,은평구,11,서울특별시,11200,성동구,1120011500,성수동2가,11,15,5.0,6.0,2851.8333333333335
20260224,11,서울특별시,11380,은평구,11,서울특별시,11200,성동구,1120011500,성수동2가,11,30,3.0,3.0,2767.0
20260224,11,서울특별시,11380,은평구,11,서울특별시,11200,성동구,1120011500,성수동2가,11,45,6.0,11.0,2917.818181818182
20260224,11,서울특별시,11410,서대문구,11,서울특별시,11200,성동구,1120011500,성수동2가,07,00,7.0,30.0,2367.4333333333334
20260224,11,서울특별시,11410,서대문구,11,서울특별시,11200,성동구,1120011500,성수동2가,07,15,8.0,34.0,2405.676470588235
20260224,11,서울특별시,11410,서대문구,11,서울특별시,11200,성동구,1120011500,성수동2가,07,30,8.0,51.0,2519.6470588235293
20260224,11,서울특별시,11410,서대문구,11,서울특별시,11200,성동구,1120011500,성수동2가,07,45,10.0,57.0,2190.2280701754385
20260224,11,서울특별시,11410,서대문구,11,서울특별시,11200,성동구,1120011500,성수동2가,08,00,10.0,55.0,2080.4
20260224,11,서울특별시,11410,서대문구,11,서울특별시,11200,성동구,1120011500,성수동2가,08,15,8.0,39.0,2039.1538461538462
20260224,11,서울특별시,11410,서대문구,11,서울특별시,11200,성동구,1120011500,성수동2가,08,30,11.0,41.0,2155.829268292683
20260224,11,서울특별시,11410,서대문구,11,서울특별시,11200,성동구,1120011500,성수동2가,08,45,8.0,24.0,2252.0
20260224,11,서울특별시,11410,서대문구,11,서울특별시,11200,성동구,1120011500,성수동2가,09,00,11.0,38.0,2333.5526315789475
20260224,11,서울특별시,11410,서대문구,11,서울특별시,11200,성동구,1120011500,성수동2가,09,15,9.0,31.0,2053.483870967742
20260224,11,서울특별시,11410,서대문구,11,서울특별시,11200,성동구,1120011500,성수동2가,09,30,6.0,15.0,2076.733333333333
20260224,11,서울특별시,11410,서대문구,11,서울특별시,11200,성동구,1120011500,성수동2가,09,45,5.0,13.0,2047.923076923077
20260224,11,서울특별시,11410,서대문구,11,서울특별시,11200,성동구,1120011500,성수동2가,10,00,7.0,22.0,2090.2272727272725
20260224,11,서울특별시,11410,서대문구,11,서울특별시,11200,성동구,1120011500,성수동2가,10,15,6.0,12.0,1909.6666666666667
20260224,11,서울특별시,11410,서대문구,11,서울특별시,11200,성동구,1120011500,성수동2가,10,30,2.0,14.0,1816.9285714285713
20260224,11,서울특별시,11410,서대문구,11,서울특별시,11200,성동구,1120011500,성수동2가,10,45,5.0,17.0,2229.0588235294117
20260224,11,서울특별시,11410,서대문구,11,서울특별시,11200,성동구,1120011500,성수동2가,11,00,4.0,20.0,2280.4
20260224,11,서울특별시,11410,서대문구,11,서울특별시,11200,성동구,1120011500,성수동2가,11,15,5.0,22.0,2146.590909090909
20260224,11,서울특별시,11410,서대문구,11,서울특별시,11200,성동구,1120011500,성수동2가,11,30,3.0,15.0,1906.8
20260224,11,서울특별시,11410,서대문구,11,서울특별시,11200,성동구,1120011500,성수동2가,11,45,4.0,20.0,2054.95
20260224,11,서울특별시,11440,마포구,11,서울특별시,11200,성동구,1120011500,성수동2가,07,00,11.0,33.0,2446.3333333333335
20260224,11,서울특별시,11440,마포구,11,서울특별시,11200,성동구,1120011500,성수동2가,07,15,9.0,42.0,2476.1190476190477
20260224,11,서울특별시,11440,마포구,11,서울특별시,11200,성동구,1120011500,성수동2가,07,30,14.0,79.0,2319.6075949367087
20260224,11,서울특별시,11440,마포구,11,서울특별시,11200,성동구,1120011500,성수동2가,07,45,15.0,85.0,2271.3882352941177
20260224,11,서울특별시,11440,마포구,11,서울특별시,11200,성동구,1120011500,성수동2가,08,00,14.0,120.0,2290.2916666666665
20260224,11,서울특별시,11440,마포구,11,서울특별시,11200,성동구,1120011500,성수동2가,08,15,10.0,47.0,2044.872340425532
20260224,11,서울특별시,11440,마포구,11,서울특별시,11200,성동구,1120011500,성수동2가,08,30,12.0,69.0,2285.710144927536
20260224,11,서울특별시,11440,마포구,11,서울특별시,11200,성동구,1120011500,성수동2가,08,45,16.0,81.0,2150.1481481481483
20260224,11,서울특별시,11440,마포구,11,서울특별시,11200,성동구,1120011500,성수동2가,09,00,14.0,80.0,2129.675
20260224,11,서울특별시,11440,마포구,11,서울특별시,11200,성동구,1120011500,성수동2가,09,15,11.0,57.0,2061.2631578947367
20260224,11,서울특별시,11440,마포구,11,서울특별시,11200,성동구,1120011500,성수동2가,09,30,9.0,45.0,2177.4
20260224,11,서울특별시,11440,마포구,11,서울특별시,11200,성동구,1120011500,성수동2가,09,45,10.0,42.0,2187.3809523809523
20260224,11,서울특별시,11440,마포구,11,서울특별시,11200,성동구,1120011500,성수동2가,10,00,10.0,68.0,2174.470588235294
20260224,11,서울특별시,11440,마포구,11,서울특별시,11200,성동구,1120011500,성수동2가,10,15,9.0,52.0,2170.7884615384614
20260224,11,서울특별시,11440,마포구,11,서울특별시,11200,성동구,1120011500,성수동2가,10,30,10.0,38.0,2384.3684210526317
20260224,11,서울특별시,11440,마포구,11,서울특별시,11200,성동구,1120011500,성수동2가,10,45,9.0,66.0,2198.590909090909
20260224,11,서울특별시,11440,마포구,11,서울특별시,11200,성동구,1120011500,성수동2가,11,00,12.0,71.0,2384.7323943661972
20260224,11,서울특별시,11440,마포구,11,서울특별시,11200,성동구,1120011500,성수동2가,11,15,8.0,45.0,2324.9333333333334
20260224,11,서울특별시,11440,마포구,11,서울특별시,11200,성동구,1120011500,성수동2가,11,30,10.0,45.0,2345.511111111111
20260224,11,서울특별시,11440,마포구,11,서울특별시,11200,성동구,1120011500,성수동2가,11,45,10.0,72.0,2277.722222222222
20260224,11,서울특별시,11470,양천구,11,서울특별시,11200,성동구,1120011500,성수동2가,07,00,3.0,22.0,3355.818181818182
20260224,11,서울특별시,11470,양천구,11,서울특별시,11200,성동구,1120011500,성수동2가,07,15,3.0,32.0,3235.875
20260224,11,서울특별시,11470,양천구,11,서울특별시,11200,성동구,1120011500,성수동2가,07,30,3.0,58.0,3396.8275862068967
20260224,11,서울특별시,11470,양천구,11,서울특별시,11200,성동구,1120011500,성수동2가,07,45,3.0,34.0,3343.3529411764707
20260224,11,서울특별시,11470,양천구,11,서울특별시,11200,성동구,1120011500,성수동2가,08,00,3.0,26.0,3377.1923076923076
20260224,11,서울특별시,11470,양천구,11,서울특별시,11200,성동구,1120011500,성수동2가,08,15,2.0,14.0,3211.9285714285716
20260224,11,서울특별시,11470,양천구,11,서울특별시,11200,성동구,1120011500,성수동2가,08,30,3.0,22.0,3348.4545454545455
20260224,11,서울특별시,11470,양천구,11,서울특별시,11200,성동구,1120011500,성수동2가,08,45,3.0,21.0,3289.9523809523807
20260224,11,서울특별시,11470,양천구,11,서울특별시,11200,성동구,1120011500,성수동2가,09,00,3.0,11.0,3144.818181818182
20260224,11,서울특별시,11470,양천구,11,서울특별시,11200,성동구,1120011500,성수동2가,09,15,3.0,8.0,3354.0
20260224,11,서울특별시,11470,양천구,11,서울특별시,11200,성동구,1120011500,성수동2가,09,30,2.0,14.0,3156.5
20260224,11,서울특별시,11470,양천구,11,서울특별시,11200,성동구,1120011500,성수동2가,09,45,3.0,9.0,3289.777777777778
20260224,11,서울특별시,11470,양천구,11,서울특별시,11200,성동구,1120011500,성수동2가,10,00,2.0,8.0,3707.875
20260224,11,서울특별시,11470,양천구,11,서울특별시,11200,성동구,1120011500,성수동2가,10,15,2.0,2.0,4585.0
20260224,11,서울특별시,11470,양천구,11,서울특별시,11200,성동구,1120011500,성수동2가,10,30,3.0,12.0,3368.3333333333335
20260224,11,서울특별시,11470,양천구,11,서울특별시,11200,성동구,1120011500,성수동2가,10,45,3.0,7.0,3419.1428571428573
20260224,11,서울특별시,11470,양천구,11,서울특별시,11200,성동구,1120011500,성수동2가,11,00,2.0,7.0,3561.285714285714
20260224,11,서울특별시,11470,양천구,11,서울특별시,11200,성동구,1120011500,성수동2가,11,15,3.0,6.0,3464.6666666666665
20260224,11,서울특별시,11470,양천구,11,서울특별시,11200,성동구,1120011500,성수동2가,11,30,2.0,2.0,3928.5
20260224,11,서울특별시,11470,양천구,11,서울특별시,11200,성동구,1120011500,성수동2가,11,45,3.0,3.0,3499.6666666666665
20260224,11,서울특별시,11500,강서구,11,서울특별시,11200,성동구,1120011500,성수동2가,07,00,7.0,40.0,3638.2
20260224,11,서울특별시,11500,강서구,11,서울특별시,11200,성동구,1120011500,성수동2가,07,15,8.0,56.0,3529.839285714286
20260224,11,서울특별시,11500,강서구,11,서울특별시,11200,성동구,1120011500,성수동2가,07,30,7.0,91.0,3509.5164835164837
20260224,11,서울특별시,11500,강서구,11,서울특별시,11200,성동구,1120011500,성수동2가,07,45,6.0,94.0,3403.6382978723404
20260224,11,서울특별시,11500,강서구,11,서울특별시,11200,성동구,1120011500,성수동2가,08,00,9.0,42.0,3539.8809523809523
20260224,11,서울특별시,11500,강서구,11,서울특별시,11200,성동구,1120011500,성수동2가,08,15,7.0,56.0,3518.6428571428573
20260224,11,서울특별시,11500,강서구,11,서울특별시,11200,성동구,1120011500,성수동2가,08,30,7.0,48.0,3549.5833333333335
20260224,11,서울특별시,11500,강서구,11,서울특별시,11200,성동구,1120011500,성수동2가,08,45,5.0,36.0,3303.0555555555557
20260224,11,서울특별시,11500,강서구,11,서울특별시,11200,성동구,1120011500,성수동2가,09,00,7.0,25.0,3411.72
20260224,11,서울특별시,11500,강서구,11,서울특별시,11200,성동구,1120011500,성수동2가,09,15,6.0,17.0,3319.764705882353
20260224,11,서울특별시,11500,강서구,11,서울특별시,11200,성동구,1120011500,성수동2가,09,30,5.0,14.0,3573.5
20260224,11,서울특별시,11500,강서구,11,서울특별시,11200,성동구,1120011500,성수동2가,09,45,6.0,25.0,3325.4
20260224,11,서울특별시,11500,강서구,11,서울특별시,11200,성동구,1120011500,성수동2가,10,00,4.0,16.0,3964.5
20260224,11,서울특별시,11500,강서구,11,서울특별시,11200,성동구,1120011500,성수동2가,10,15,7.0,23.0,4341.782608695652
20260224,11,서울특별시,11500,강서구,11,서울특별시,11200,성동구,1120011500,성수동2가,10,30,6.0,11.0,3702.818181818182
20260224,11,서울특별시,11500,강서구,11,서울특별시,11200,성동구,1120011500,성수동2가,10,45,5.0,17.0,3701.294117647059
20260224,11,서울특별시,11500,강서구,11,서울특별시,11200,성동구,1120011500,성수동2가,11,00,6.0,22.0,3858.7727272727275
20260224,11,서울특별시,11500,강서구,11,서울특별시,11200,성동구,1120011500,성수동2가,11,15,3.0,5.0,3596.2
20260224,11,서울특별시,11500,강서구,11,서울특별시,11200,성동구,1120011500,성수동2가,11,30,3.0,10.0,4330.0
20260224,11,서울특별시,11500,강서구,11,서울특별시,11200,성동구,1120011500,성수동2가,11,45,3.0,9.0,4038.8888888888887
20260224,11,서울특별시,11530,구로구,11,서울특별시,11200,성동구,1120011500,성수동2가,07,00,9.0,46.0,3534.608695652174
20260224,11,서울특별시,11530,구로구,11,서울특별시,11200,성동구,1120011500,성수동2가,07,15,8.0,67.0,3308.731343283582
20260224,11,서울특별시,11530,구로구,11,서울특별시,11200,성동구,1120011500,성수동2가,07,30,7.0,73.0,3300.328767123288
20260224,11,서울특별시,11530,구로구,11,서울특별시,11200,성동구,1120011500,성수동2가,07,45,7.0,79.0,3237.0379746835442
20260224,11,서울특별시,11530,구로구,11,서울특별시,11200,성동구,1120011500,성수동2가,08,00,7.0,47.0,3355.468085106383
20260224,11,서울특별시,11530,구로구,11,서울특별시,11200,성동구,1120011500,성수동2가,08,15,5.0,33.0,3360.6363636363635
20260224,11,서울특별시,11530,구로구,11,서울특별시,11200,성동구,1120011500,성수동2가,08,30,6.0,39.0,3120.4102564102564
20260224,11,서울특별시,11530,구로구,11,서울특별시,11200,성동구,1120011500,성수동2가,08,45,6.0,37.0,3188.945945945946
20260224,11,서울특별시,11530,구로구,11,서울특별시,11200,성동구,1120011500,성수동2가,09,00,6.0,24.0,3062.7083333333335
20260224,11,서울특별시,11530,구로구,11,서울특별시,11200,성동구,1120011500,성수동2가,09,15,6.0,19.0,3105.5263157894738
20260224,11,서울특별시,11530,구로구,11,서울특별시,11200,성동구,1120011500,성수동2가,09,30,5.0,14.0,3471.785714285714
20260224,11,서울특별시,11530,구로구,11,서울특별시,11200,성동구,1120011500,성수동2가,09,45,5.0,20.0,3328.6
20260224,11,서울특별시,11530,구로구,11,서울특별시,11200,성동구,1120011500,성수동2가,10,00,1.0,14.0,3024.0
20260224,11,서울특별시,11530,구로구,11,서울특별시,11200,성동구,1120011500,성수동2가,10,15,4.0,15.0,3290.4666666666667
20260224,11,서울특별시,11530,구로구,11,서울특별시,11200,성동구,1120011500,성수동2가,10,30,4.0,9.0,3352.8888888888887
20260224,11,서울특별시,11530,구로구,11,서울특별시,11200,성동구,1120011500,성수동2가,10,45,2.0,7.0,3102.8571428571427
20260224,11,서울특별시,11530,구로구,11,서울특별시,11200,성동구,1120011500,성수동2가,11,00,2.0,5.0,2982.8
20260224,11,서울특별시,11530,구로구,11,서울특별시,11200,성동구,1120011500,성수동2가,11,15,2.0,12.0,3028.6666666666665
20260224,11,서울특별시,11530,구로구,11,서울특별시,11200,성동구,1120011500,성수동2가,11,30,1.0,8.0,3247.0
20260224,11,서울특별시,11530,구로구,11,서울특별시,11200,성동구,1120011500,성수동2가,11,45,5.0,21.0,3370.9523809523807
20260224,11,서울특별시,11545,금천구,11,서울특별시,11200,성동구,1120011500,성수동2가,07,00,3.0,22.0,3725.7727272727275
20260224,11,서울특별시,11545,금천구,11,서울특별시,11200,성동구,1120011500,성수동2가,07,15,3.0,24.0,3575.625
20260224,11,서울특별시,11545,금천구,11,서울특별시,11200,성동구,1120011500,성수동2가,07,30,3.0,42.0,3644.3809523809523
20260224,11,서울특별시,11545,금천구,11,서울특별시,11200,성동구,1120011500,성수동2가,07,45,3.0,27.0,3610.777777777778
20260224,11,서울특별시,11545,금천구,11,서울특별시,11200,성동구,1120011500,성수동2가,08,00,3.0,16.0,3719.0625
20260224,11,서울특별시,11545,금천구,11,서울특별시,11200,성동구,1120011500,성수동2가,08,15,3.0,23.0,3701.217391304348
20260224,11,서울특별시,11545,금천구,11,서울특별시,11200,성동구,1120011500,성수동2가,08,30,3.0,12.0,3709.6666666666665
20260224,11,서울특별시,11545,금천구,11,서울특별시,11200,성동구,1120011500,성수동2가,08,45,3.0,19.0,3701.2105263157896
20260224,11,서울특별시,11545,금천구,11,서울특별시,11200,성동구,1120011500,성수동2가,09,00,3.0,7.0,3373.8571428571427
20260224,11,서울특별시,11545,금천구,11,서울특별시,11200,성동구,1120011500,성수동2가,09,15,2.0,5.0,3605.4
20260224,11,서울특별시,11545,금천구,11,서울특별시,11200,성동구,1120011500,성수동2가,09,30,1.0,3.0,3219.0
20260224,11,서울특별시,11545,금천구,11,서울특별시,11200,성동구,1120011500,성수동2가,09,45,3.0,8.0,3728.5
20260224,11,서울특별시,11545,금천구,11,서울특별시,11200,성동구,1120011500,성수동2가,10,00,2.0,3.0,3681.0
20260224,11,서울특별시,11545,금천구,11,서울특별시,11200,성동구,1120011500,성수동2가,10,15,1.0,1.0,4081.0
20260224,11,서울특별시,11545,금천구,11,서울특별시,11200,성동구,1120011500,성수동2가,10,30,2.0,3.0,3255.6666666666665
20260224,11,서울특별시,11545,금천구,11,서울특별시,11200,성동구,1120011500,성수동2가,10,45,1.0,2.0,3757.0
20260224,11,서울특별시,11545,금천구,11,서울특별시,11200,성동구,1120011500,성수동2가,11,00,3.0,6.0,4365.0
20260224,11,서울특별시,11545,금천구,11,서울특별시,11200,성동구,1120011500,성수동2가,11,15,2.0,3.0,3435.3333333333335
20260224,11,서울특별시,11545,금천구,11,서울특별시,11200,성동구,1120011500,성수동2가,11,30,3.0,4.0,3709.5
20260224,11,서울특별시,11545,금천구,11,서울특별시,11200,성동구,1120011500,성수동2가,11,45,3.0,8.0,3473.875
20260224,11,서울특별시,11560,영등포구,11,서울특별시,11200,성동구,1120011500,성수동2가,07,00,8.0,24.0,2680.125
20260224,11,서울특별시,11560,영등포구,11,서울특별시,11200,성동구,1120011500,성수동2가,07,15,14.0,37.0,2661.2432432432433
20260224,11,서울특별시,11560,영등포구,11,서울특별시,11200,성동구,1120011500,성수동2가,07,30,17.0,58.0,2641.0862068965516
20260224,11,서울특별시,11560,영등포구,11,서울특별시,11200,성동구,1120011500,성수동2가,07,45,20.0,79.0,2681.1645569620255
20260224,11,서울특별시,11560,영등포구,11,서울특별시,11200,성동구,1120011500,성수동2가,08,00,17.0,72.0,2600.0416666666665
20260224,11,서울특별시,11560,영등포구,11,서울특별시,11200,성동구,1120011500,성수동2가,08,15,12.0,34.0,2696.0882352941176
20260224,11,서울특별시,11560,영등포구,11,서울특별시,11200,성동구,1120011500,성수동2가,08,30,14.0,38.0,2697.0789473684213
20260224,11,서울특별시,11560,영등포구,11,서울특별시,11200,성동구,1120011500,성수동2가,08,45,13.0,39.0,2736.948717948718
20260224,11,서울특별시,11560,영등포구,11,서울특별시,11200,성동구,1120011500,성수동2가,09,00,11.0,38.0,2637.0263157894738
20260224,11,서울특별시,11560,영등포구,11,서울특별시,11200,성동구,1120011500,성수동2가,09,15,7.0,13.0,2528.153846153846
20260224,11,서울특별시,11560,영등포구,11,서울특별시,11200,성동구,1120011500,성수동2가,09,30,10.0,16.0,2600.875
20260224,11,서울특별시,11560,영등포구,11,서울특별시,11200,성동구,1120011500,성수동2가,09,45,11.0,22.0,2696.909090909091
20260224,11,서울특별시,11560,영등포구,11,서울특별시,11200,성동구,1120011500,성수동2가,10,00,7.0,15.0,2647.133333333333
20260224,11,서울특별시,11560,영등포구,11,서울특별시,11200,성동구,1120011500,성수동2가,10,15,4.0,10.0,2729.8
20260224,11,서울특별시,11560,영등포구,11,서울특별시,11200,성동구,1120011500,성수동2가,10,30,5.0,13.0,2610.6923076923076
20260224,11,서울특별시,11560,영등포구,11,서울특별시,11200,성동구,1120011500,성수동2가,10,45,11.0,15.0,2716.4
20260224,11,서울특별시,11560,영등포구,11,서울특별시,11200,성동구,1120011500,성수동2가,11,00,10.0,19.0,2695.9473684210525
20260224,11,서울특별시,11560,영등포구,11,서울특별시,11200,성동구,1120011500,성수동2가,11,15,5.0,13.0,2710.230769230769
20260224,11,서울특별시,11560,영등포구,11,서울특별시,11200,성동구,1120011500,성수동2가,11,30,7.0,17.0,2940.0588235294117
20260224,11,서울특별시,11560,영등포구,11,서울특별시,11200,성동구,1120011500,성수동2가,11,45,9.0,23.0,2711.217391304348
20260224,11,서울특별시,11590,동작구,11,서울특별시,11200,성동구,1120011500,성수동2가,07,00,7.0,28.0,2409.785714285714
20260224,11,서울특별시,11590,동작구,11,서울특별시,11200,성동구,1120011500,성수동2가,07,15,7.0,30.0,2369.1
20260224,11,서울특별시,11590,동작구,11,서울특별시,11200,성동구,1120011500,성수동2가,07,30,7.0,53.0,2499.867924528302
20260224,11,서울특별시,11590,동작구,11,서울특별시,11200,성동구,1120011500,성수동2가,07,45,8.0,47.0,2433.446808510638
20260224,11,서울특별시,11590,동작구,11,서울특별시,11200,성동구,1120011500,성수동2가,08,00,7.0,88.0,2330.659090909091
20260224,11,서울특별시,11590,동작구,11,서울특별시,11200,성동구,1120011500,성수동2가,08,15,6.0,42.0,2312.2619047619046
20260224,11,서울특별시,11590,동작구,11,서울특별시,11200,성동구,1120011500,성수동2가,08,30,6.0,55.0,2402.3818181818183
20260224,11,서울특별시,11590,동작구,11,서울특별시,11200,성동구,1120011500,성수동2가,08,45,7.0,44.0,2267.2045454545455
20260224,11,서울특별시,11590,동작구,11,서울특별시,11200,성동구,1120011500,성수동2가,09,00,6.0,49.0,2272.3673469387754
20260224,11,서울특별시,11590,동작구,11,서울특별시,11200,성동구,1120011500,성수동2가,09,15,6.0,31.0,2290.8387096774195
20260224,11,서울특별시,11590,동작구,11,서울특별시,11200,성동구,1120011500,성수동2가,09,30,5.0,25.0,2504.56
20260224,11,서울특별시,11590,동작구,11,서울특별시,11200,성동구,1120011500,성수동2가,09,45,3.0,14.0,2608.1428571428573
20260224,11,서울특별시,11590,동작구,11,서울특별시,11200,성동구,1120011500,성수동2가,10,00,4.0,18.0,2052.6111111111113
20260224,11,서울특별시,11590,동작구,11,서울특별시,11200,성동구,1120011500,성수동2가,10,15,2.0,6.0,2500.6666666666665
20260224,11,서울특별시,11590,동작구,11,서울특별시,11200,성동구,1120011500,성수동2가,10,30,5.0,11.0,2791.6363636363635
20260224,11,서울특별시,11590,동작구,11,서울특별시,11200,성동구,1120011500,성수동2가,10,45,3.0,12.0,2349.8333333333335
20260224,11,서울특별시,11590,동작구,11,서울특별시,11200,성동구,1120011500,성수동2가,11,00,6.0,20.0,2601.1
20260224,11,서울특별시,11590,동작구,11,서울특별시,11200,성동구,1120011500,성수동2가,11,15,3.0,10.0,2330.8
20260224,11,서울특별시,11590,동작구,11,서울특별시,11200,성동구,1120011500,성수동2가,11,30,5.0,11.0,2656.181818181818
20260224,11,서울특별시,11590,동작구,11,서울특별시,11200,성동구,1120011500,성수동2가,11,45,5.0,13.0,2369.3076923076924
20260224,11,서울특별시,11620,관악구,11,서울특별시,11200,성동구,1120011500,성수동2가,07,00,2.0,49.0,2873.8367346938776
20260224,11,서울특별시,11620,관악구,11,서울특별시,11200,성동구,1120011500,성수동2가,07,15,3.0,50.0,2950.52
20260224,11,서울특별시,11620,관악구,11,서울특별시,11200,성동구,1120011500,성수동2가,07,30,2.0,115.0,2914.0
20260224,11,서울특별시,11620,관악구,11,서울특별시,11200,성동구,1120011500,성수동2가,07,45,2.0,155.0,2828.7096774193546
20260224,11,서울특별시,11620,관악구,11,서울특별시,11200,성동구,1120011500,성수동2가,08,00,2.0,149.0,2905.422818791946
20260224,11,서울특별시,11620,관악구,11,서울특별시,11200,성동구,1120011500,성수동2가,08,15,3.0,67.0,3064.194029850746
20260224,11,서울특별시,11620,관악구,11,서울특별시,11200,성동구,1120011500,성수동2가,08,30,2.0,86.0,2861.0232558139537
20260224,11,서울특별시,11620,관악구,11,서울특별시,11200,성동구,1120011500,성수동2가,08,45,2.0,107.0,2774.88785046729
20260224,11,서울특별시,11620,관악구,11,서울특별시,11200,성동구,1120011500,성수동2가,09,00,2.0,106.0,2663.622641509434
20260224,11,서울특별시,11620,관악구,11,서울특별시,11200,성동구,1120011500,성수동2가,09,15,2.0,39.0,2807.871794871795
20260224,11,서울특별시,11620,관악구,11,서울특별시,11200,성동구,1120011500,성수동2가,09,30,3.0,34.0,2763.294117647059
20260224,11,서울특별시,11620,관악구,11,서울특별시,11200,성동구,1120011500,성수동2가,09,45,2.0,43.0,2707.5813953488373
20260224,11,서울특별시,11620,관악구,11,서울특별시,11200,성동구,1120011500,성수동2가,10,00,2.0,36.0,2687.0
20260224,11,서울특별시,11620,관악구,11,서울특별시,11200,성동구,1120011500,성수동2가,10,15,2.0,17.0,2792.5882352941176
20260224,11,서울특별시,11620,관악구,11,서울특별시,11200,성동구,1120011500,성수동2가,10,30,2.0,20.0,2698.75
20260224,11,서울특별시,11620,관악구,11,서울특별시,11200,성동구,1120011500,성수동2가,10,45,2.0,14.0,2604.8571428571427
20260224,11,서울특별시,11620,관악구,11,서울특별시,11200,성동구,1120011500,성수동2가,11,00,2.0,23.0,2782.086956521739
20260224,11,서울특별시,11620,관악구,11,서울특별시,11200,성동구,1120011500,성수동2가,11,15,2.0,8.0,2625.375
20260224,11,서울특별시,11620,관악구,11,서울특별시,11200,성동구,1120011500,성수동2가,11,30,2.0,21.0,2882.714285714286
20260224,11,서울특별시,11620,관악구,11,서울특별시,11200,성동구,1120011500,성수동2가,11,45,2.0,23.0,2658.0434782608695
20260224,11,서울특별시,11650,서초구,11,서울특별시,11200,성동구,1120011500,성수동2가,07,00,5.0,15.0,2175.133333333333
20260224,11,서울특별시,11650,서초구,11,서울특별시,11200,성동구,1120011500,성수동2가,07,15,8.0,15.0,2169.733333333333
20260224,11,서울특별시,11650,서초구,11,서울특별시,11200,성동구,1120011500,성수동2가,07,30,6.0,27.0,2099.185185185185
20260224,11,서울특별시,11650,서초구,11,서울특별시,11200,성동구,1120011500,성수동2가,07,45,6.0,33.0,2113.6969696969695
20260224,11,서울특별시,11650,서초구,11,서울특별시,11200,성동구,1120011500,성수동2가,08,00,6.0,28.0,2029.8214285714287
20260224,11,서울특별시,11650,서초구,11,서울특별시,11200,성동구,1120011500,성수동2가,08,15,7.0,31.0,1908.8709677419354
20260224,11,서울특별시,11650,서초구,11,서울특별시,11200,성동구,1120011500,성수동2가,08,30,5.0,27.0,2229.703703703704
20260224,11,서울특별시,11650,서초구,11,서울특별시,11200,성동구,1120011500,성수동2가,08,45,6.0,28.0,1970.8214285714287
20260224,11,서울특별시,11650,서초구,11,서울특별시,11200,성동구,1120011500,성수동2가,09,00,4.0,26.0,1937.1538461538462
20260224,11,서울특별시,11650,서초구,11,서울특별시,11200,성동구,1120011500,성수동2가,09,15,5.0,27.0,1958.4444444444443
20260224,11,서울특별시,11650,서초구,11,서울특별시,11200,성동구,1120011500,성수동2가,09,30,5.0,27.0,2105.1111111111113
20260224,11,서울특별시,11650,서초구,11,서울특별시,11200,성동구,1120011500,성수동2가,09,45,5.0,17.0,2325.0
20260224,11,서울특별시,11650,서초구,11,서울특별시,11200,성동구,1120011500,성수동2가,10,00,5.0,19.0,1842.578947368421
20260224,11,서울특별시,11650,서초구,11,서울특별시,11200,성동구,1120011500,성수동2가,10,15,5.0,27.0,2165.703703703704
20260224,11,서울특별시,11650,서초구,11,서울특별시,11200,성동구,1120011500,성수동2가,10,30,4.0,20.0,2087.2
20260224,11,서울특별시,11650,서초구,11,서울특별시,11200,성동구,1120011500,성수동2가,10,45,4.0,29.0,1985.1724137931035
20260224,11,서울특별시,11650,서초구,11,서울특별시,11200,성동구,1120011500,성수동2가,11,00,5.0,21.0,2029.7142857142858
20260224,11,서울특별시,11650,서초구,11,서울특별시,11200,성동구,1120011500,성수동2가,11,15,4.0,23.0,2246.608695652174
20260224,11,서울특별시,11650,서초구,11,서울특별시,11200,성동구,1120011500,성수동2가,11,30,6.0,30.0,2105.1666666666665
20260224,11,서울특별시,11650,서초구,11,서울특별시,11200,성동구,1120011500,성수동2가,11,45,7.0,22.0,2189.8636363636365
20260224,11,서울특별시,11680,강남구,11,서울특별시,11200,성동구,1120011500,성수동2가,07,00,8.0,17.0,1987.764705882353
20260224,11,서울특별시,11680,강남구,11,서울특별시,11200,성동구,1120011500,성수동2가,07,15,10.0,41.0,1897.5853658536585
20260224,11,서울특별시,11680,강남구,11,서울특별시,11200,성동구,1120011500,성수동2가,07,30,10.0,34.0,2077.294117647059
20260224,11,서울특별시,11680,강남구,11,서울특별시,11200,성동구,1120011500,성수동2가,07,45,11.0,40.0,1847.8
20260224,11,서울특별시,11680,강남구,11,서울특별시,11200,성동구,1120011500,성수동2가,08,00,10.0,69.0,1727.768115942029
20260224,11,서울특별시,11680,강남구,11,서울특별시,11200,성동구,1120011500,성수동2가,08,15,10.0,103.0,1509.4466019417475
20260224,11,서울특별시,11680,강남구,11,서울특별시,11200,성동구,1120011500,성수동2가,08,30,10.0,52.0,1837.0384615384614
20260224,11,서울특별시,11680,강남구,11,서울특별시,11200,성동구,1120011500,성수동2가,08,45,11.0,44.0,1781.2954545454545
20260224,11,서울특별시,11680,강남구,11,서울특별시,11200,성동구,1120011500,성수동2가,09,00,11.0,54.0,1768.1666666666667
20260224,11,서울특별시,11680,강남구,11,서울특별시,11200,성동구,1120011500,성수동2가,09,15,10.0,67.0,1598.2089552238806
20260224,11,서울특별시,11680,강남구,11,서울특별시,11200,성동구,1120011500,성수동2가,09,30,9.0,48.0,1516.1666666666667
20260224,11,서울특별시,11680,강남구,11,서울특별시,11200,성동구,1120011500,성수동2가,09,45,10.0,36.0,1938.0833333333333
20260224,11,서울특별시,11680,강남구,11,서울특별시,11200,성동구,1120011500,성수동2가,10,00,11.0,48.0,1622.375
20260224,11,서울특별시,11680,강남구,11,서울특별시,11200,성동구,1120011500,성수동2가,10,15,12.0,42.0,1807.1904761904761
20260224,11,서울특별시,11680,강남구,11,서울특별시,11200,성동구,1120011500,성수동2가,10,30,11.0,45.0,1732.2888888888888
20260224,11,서울특별시,11680,강남구,11,서울특별시,11200,성동구,1120011500,성수동2가,10,45,11.0,51.0,1782.0196078431372
20260224,11,서울특별시,11680,강남구,11,서울특별시,11200,성동구,1120011500,성수동2가,11,00,10.0,58.0,1753.8793103448277
20260224,11,서울특별시,11680,강남구,11,서울특별시,11200,성동구,1120011500,성수동2가,11,15,8.0,58.0,1810.0689655172414
20260224,11,서울특별시,11680,강남구,11,서울특별시,11200,성동구,1120011500,성수동2가,11,30,8.0,66.0,1773.1666666666667
20260224,11,서울특별시,11680,강남구,11,서울특별시,11200,성동구,1120011500,성수동2가,11,45,9.0,67.0,1738.8805970149253
20260224,11,서울특별시,11710,송파구,11,서울특별시,11200,성동구,1120011500,성수동2가,07,00,11.0,49.0,1810.2857142857142
20260224,11,서울특별시,11710,송파구,11,서울특별시,11200,성동구,1120011500,성수동2가,07,15,13.0,85.0,1742.3058823529411
20260224,11,서울특별시,11710,송파구,11,서울특별시,11200,성동구,1120011500,성수동2가,07,30,13.0,106.0,1696.698113207547
20260224,11,서울특별시,11710,송파구,11,서울특별시,11200,성동구,1120011500,성수동2가,07,45,13.0,174.0,1683.7413793103449
20260224,11,서울특별시,11710,송파구,11,서울특별시,11200,성동구,1120011500,성수동2가,08,00,13.0,212.0,1557.372641509434
20260224,11,서울특별시,11710,송파구,11,서울특별시,11200,성동구,1120011500,성수동2가,08,15,13.0,227.0,1416.8105726872247
20260224,11,서울특별시,11710,송파구,11,서울특별시,11200,성동구,1120011500,성수동2가,08,30,13.0,158.0,1418.5189873417721
20260224,11,서울특별시,11710,송파구,11,서울특별시,11200,성동구,1120011500,성수동2가,08,45,13.0,129.0,1490.860465116279
20260224,11,서울특별시,11710,송파구,11,서울특별시,11200,성동구,1120011500,성수동2가,09,00,12.0,116.0,1373.0775862068965
20260224,11,서울특별시,11710,송파구,11,서울특별시,11200,성동구,1120011500,성수동2가,09,15,12.0,113.0,1472.424778761062
20260224,11,서울특별시,11710,송파구,11,서울특별시,11200,성동구,1120011500,성수동2가,09,30,12.0,86.0,1346.2558139534883
20260224,11,서울특별시,11710,송파구,11,서울특별시,11200,성동구,1120011500,성수동2가,09,45,13.0,57.0,1459.1929824561403
20260224,11,서울특별시,11710,송파구,11,서울특별시,11200,성동구,1120011500,성수동2가,10,00,10.0,42.0,1322.7619047619048
20260224,11,서울특별시,11710,송파구,11,서울특별시,11200,성동구,1120011500,성수동2가,10,15,10.0,48.0,1508.3541666666667
20260224,11,서울특별시,11710,송파구,11,서울특별시,11200,성동구,1120011500,성수동2가,10,30,10.0,49.0,1332.2857142857142
20260224,11,서울특별시,11710,송파구,11,서울특별시,11200,성동구,1120011500,성수동2가,10,45,10.0,46.0,1534.0652173913043
20260224,11,서울특별시,11710,송파구,11,서울특별시,11200,성동구,1120011500,성수동2가,11,00,8.0,39.0,1387.7692307692307
20260224,11,서울특별시,11710,송파구,11,서울특별시,11200,성동구,1120011500,성수동2가,11,15,9.0,44.0,1370.409090909091
20260224,11,서울특별시,11710,송파구,11,서울특별시,11200,성동구,1120011500,성수동2가,11,30,8.0,44.0,1161.8181818181818
20260224,11,서울특별시,11710,송파구,11,서울특별시,11200,성동구,1120011500,성수동2가,11,45,10.0,42.0,1355.6190476190477
20260224,11,서울특별시,11740,강동구,11,서울특별시,11200,성동구,1120011500,성수동2가,07,00,8.0,36.0,2057.277777777778
20260224,11,서울특별시,11740,강동구,11,서울특별시,11200,성동구,1120011500,성수동2가,07,15,9.0,54.0,2180.6296296296296
20260224,11,서울특별시,11740,강동구,11,서울특별시,11200,성동구,1120011500,성수동2가,07,30,9.0,72.0,2274.277777777778
20260224,11,서울특별시,11740,강동구,11,서울특별시,11200,성동구,1120011500,성수동2가,07,45,9.0,100.0,2095.82
20260224,11,서울특별시,11740,강동구,11,서울특별시,11200,성동구,1120011500,성수동2가,08,00,9.0,133.0,2082.2255639097743
20260224,11,서울특별시,11740,강동구,11,서울특별시,11200,성동구,1120011500,성수동2가,08,15,9.0,90.0,1933.6555555555556
20260224,11,서울특별시,11740,강동구,11,서울특별시,11200,성동구,1120011500,성수동2가,08,30,9.0,73.0,1992.2054794520548
20260224,11,서울특별시,11740,강동구,11,서울특별시,11200,성동구,1120011500,성수동2가,08,45,9.0,63.0,1928.952380952381
20260224,11,서울특별시,11740,강동구,11,서울특별시,11200,성동구,1120011500,성수동2가,09,00,9.0,48.0,2087.0208333333335
20260224,11,서울특별시,11740,강동구,11,서울특별시,11200,성동구,1120011500,성수동2가,09,15,9.0,41.0,2065.2195121951218
20260224,11,서울특별시,11740,강동구,11,서울특별시,11200,성동구,1120011500,성수동2가,09,30,8.0,25.0,1953.36
20260224,11,서울특별시,11740,강동구,11,서울특별시,11200,성동구,1120011500,성수동2가,09,45,7.0,16.0,1990.0
20260224,11,서울특별시,11740,강동구,11,서울특별시,11200,성동구,1120011500,성수동2가,10,00,7.0,28.0,2033.75
20260224,11,서울특별시,11740,강동구,11,서울특별시,11200,성동구,1120011500,성수동2가,10,15,7.0,16.0,2222.125
20260224,11,서울특별시,11740,강동구,11,서울특별시,11200,성동구,1120011500,성수동2가,10,30,6.0,16.0,2351.75
20260224,11,서울특별시,11740,강동구,11,서울특별시,11200,성동구,1120011500,성수동2가,10,45,5.0,7.0,2399.285714285714
20260224,11,서울특별시,11740,강동구,11,서울특별시,11200,성동구,1120011500,성수동2가,11,00,8.0,23.0,2219.304347826087
20260224,11,서울특별시,11740,강동구,11,서울특별시,11200,성동구,1120011500,성수동2가,11,15,7.0,24.0,2270.5833333333335
20260224,11,서울특별시,11740,강동구,11,서울특별시,11200,성동구,1120011500,성수동2가,11,30,5.0,12.0,2180.0833333333335
20260224,11,서울특별시,11740,강동구,11,서울특별시,11200,성동구,1120011500,성수동2가,11,45,4.0,6.0,2504.5
