park_nm,rgn,park_addr,xcrd,ycrd,area
남산공원,중구,서울특별시 중구 삼일대로 231(예장동),126.9903773,37.5501402,2896887㎡ 임 야 : 2454140㎡ 녹지대 및 기타시설 : 442747㎡
길동생태공원,강동구,서울특별시 강동구 천호대로 1291(길동생태공원) ,127.1547791,37.5403935,79258.7㎡
서울대공원,과천시,경기도 과천시 대공원광장로 102,127.0198465,37.4264494,9132690m²
서울숲,성동구,서울특별시 성동구 뚝섬로 273 (성수동1가) ,127.0417982,37.5430717,480994㎡
월드컵공원,마포구,서울특별시 마포구 하늘공원로 84(월드컵공원),126.878907,37.571805,2284085㎡
광화문시민열린마당,종로구,서울특별시 종로구 세종로 76-2,126.9780227,37.5750449,8948.1㎡
진관근린공원(구파발폭포),은평구,서울특별시 은평구 진관동 393,126.9192155,37.6370244,휴양 및 편익시설 : 평의자 7개 화장실 23.18㎡ 조경시설 - 은하폭포(높이 12m × 폭10m 발원지로부터 17.3m 폭 1.5 ~ 10m 수조 255㎡ 담수량 140t) - 산성폭포(높이 5m×폭 12m 수조 90㎡ 담수량 75t)- 명속의 벽 1개소(높이 5.4m) 교양시설 : 야외공연무대 102㎡ 관리시설 : 관리실 8.55㎡ 전기실 51.03㎡ 기계실 83.36㎡ 안내판 1개 공원 등 18본 휴양시설 : 벤취 12개 
중마루근린공원,영등포구,서울특별시 영등포구 영등포동2가 222,126.9112668,37.519832,6456㎥
응봉공원 (대현산배수지공원),성동구,서울특별시 성동구 금호동1가 산1-72,127.0217653,37.5572281,75570㎡ 배수지 시설용량 : 201.000㎥ 송수 펌프용량 : 직송급수계통 30000㎥/일 금호배수지계통 16400㎥/일 
매화근린공원,강서구,서울특별시 강서구 등촌동 630-14,126.86115,37.5575833,1980.4㎡   
성수근린공원,성동구,서울특별시 성동구 성수2가 3동 302-25,127.0524023,37.5448144,5197.7㎡ 
샛마을근린공원,강동구,서울특별시 강동구 명일1동 288,127.1471618,37.5504807,11467㎡ 
여의도근린공원,영등포구,서울특별시 영등포구 여의공원로 68 (여의도동),126.922377,37.526129,229539㎡
간데메근린공원,동대문구,서울특별시 동대문구 서울시립대로2길 59(간데메공원),127.0488644,37.5732438,15179.7 ㎡ 
훈련원근린공원,중구,서울특별시 중구 을지로 227,127.0038188,37.5675245,"17,927.9㎡"
영등포근린공원,영등포구,서울특별시 영등포구 신길로 275,126.910662,37.515423,61544㎡ 녹지대 : 40792㎡ 광 장 : 6600㎡ 기 타 : 14152㎡
보라매근린공원,동작구,서울특별시 동작구 여의대방로20길 33(보라매공원),126.918289,37.492333," 406,705㎡"
어린이대공원,광진구,서울특별시 광진구 능동로 216(서울어린이대공원),127.0809212,37.5498987,560552㎡
천호근린공원,강동구,서울특별시 강동구 올림픽로 702(천호공원),127.1263451,37.5444741,26696.8㎥ 
용산가족공원,용산구,서울특별시 용산구 서빙고로 185,126.983335,37.522226,75900㎡
독립근린공원,서대문구,서울특별시 서대문구 통일로251(독립공원),126.956771,37.5738289,113021.7m2
낙산근린공원,종로구,서울특별시 종로구 낙산길 41 (우) 03085,127.007587,37.580477,201779㎥ 
매헌시민의숲,서초구,서울특별시 서초구 매헌로 99 (양재동),127.035042,37.471225,258991㎡   
관악산공원,관악구,서울특별시 관악구 관악로 1(관악산공원),126.96413,37.445208,14278901.5㎡(관악구 및 금천구 면적)
효창근린공원,용산구,서울특별시 용산구 효창원로 177-18,126.95993,37.545234,"171,277㎥"
감로천생태공원(관악산),금천구,서울특별시 금천구 독산동 373 일대,126.9079509,37.469625,총 15000㎡
개운산근린공원,성북구,서울특별시 성북구 북악산로 949-73(돈암동 6-1),127.0252858,37.5965837,297926㎡
개웅산근린공원,구로구,서울특별시 구로구 오류동 산13-1,126.8485734,37.4888943,411972㎡
경희궁,종로구,서울특별시 종로구 새문안로 55(신문로2가 2-1),126.9685341,37.570773,98470㎡
국립서울현충원,동작구,"서울특별시 동작구 현충로 210(동작동, 국립서울현충원)",126.9736849,37.4998621,"1,433,079㎡"
계남근린공원,양천구,서울특별시 양천구 신정동 산44-2일대,126.8479643,37.5138358,603715.2㎡
고척근린공원,구로구,서울특별시 구로구 고척로45길 39(고척공원),126.8521495,37.5042944,108120㎡
파리근린공원,양천구,서울특별시 양천구 목동동로 363 ,126.8763932,37.5349739,29619.3㎥
허준공원,강서구,서울특별시 강서구 허준로5길 42,126.8526745,37.5679874,29843.8㎡ 
궁동근린공원,서대문구,서울특별시 서대문구 성산로7길 19-24(궁동공원) ,126.9229851,37.5690506,126026㎡ 
궁산근린공원,강서구,서울특별시 강서구 가양동 산4-7,126.838952,37.5735645,135002.7㎡ 
까치산근린공원,동작구,서울특별시 동작구 사당동 산32,126.9640735,37.4845836,384026㎡ 
꿩고개근린공원,강서구,서울특별시 강서구 방화동 산110,126.8157075,37.5801585,180000㎥
노량진공원,동작구,서울특별시 동작구 대방동 519(여의대방로44길 39),126.927319,37.507396,416031㎡ 
답십리근린공원,동대문구,서울특별시 동대문구 답십리로 209(답십리공원) ,127.0626512,37.507396,160720㎡
대모산도시자연공원,강남구,서울특별시 강남구 광평로10길 30-71(대모산공원) ,127.0809639,37.4796489,2277252㎡ 
탑골근린공원,종로구,서울특별시 종로구 종로 99,126.9882853,37.5710052,19599.70㎥ 
갈산근린공원,양천구,서울특별시 양천구 신정동 162-56,126.8689146,37.5082119,138596㎡ 
천마근린공원,송파구,서울특별시 송파구 마천동 산 1-1,127.1586644,37.5005173,185295㎥ 
도곡근린공원,강남구,서울특별시 강남구 도곡동 산31-1,127.0450338,37.4903127,254648㎡
도산근린공원,강남구,서울특별시 강남구 도산대로45길 20(도산공원),127.0350296,37.5246752,29816.5㎡ 
청량공원,성북구,서울특별시 성북구 화랑로18가길 50,127.0511145,37.6020055,762642㎡ 
초안산근린공원,도봉구,서울특별시 도봉구 창동 산157,127.0455446,37.648316,664905㎡ 
동명근린공원,강동구,서울특별시 강동구 고덕2동 229,127.1676703,37.5598341,"95,753.4㎡ "
마로니에공원,종로구,서울특별시 종로구 대학로8길 1,127.0027886,37.5802295,5802㎡ 
자매근린공원,영등포구,서울특별시 영등포구 의사당대로 166 (우) 07324,126.9302895,37.5177329,16500㎥ 
장지근린공원,송파구,서울특별시 송파구 장지동 산 11번지,127.1387,37.4957083,585652㎥ 
명일근린공원,강동구,서울특별시 강동구 상일동 135,127.1613641,37.5537143,"419,108.4㎡ "
방화근린공원,강서구,서울특별시 강서구 금낭화로 176(방화공원),126.8132285,37.5819812,72132㎡
아시아근린공원,송파구,서울특별시 송파구 올림픽로 44 (잠실동),127.0762885,37.5102779,66027.8㎡
배봉산근린공원,동대문구,서울특별시 동대문구 한천로43길 12-14(배봉산공원) ,127.0641623,37.5812324,265582㎡
안산도시자연공원,서대문구,서울특별시 서대문구 홍제동 산33-98,126.9390273,37.5798246,2088704.9㎡
염창근린공원,강서구,서울특별시 강서구 염창동 산24-1,126.8689817,37.5579702,112070㎡
백련근린공원,서대문구,서울특별시 서대문구 통일로 507-22(백련공원) ,126.928616,37.5879662,993724㎡
오금근린공원,송파구,서울특별시 송파구 오금로 363 오금근린공원 ,127.1323957,37.5038715,219167㎡  곰두리체육센터 : 7370㎡(지하2층 지상3층)  송파도서관 : 8259㎡(지하1층 지상4층) 
오동근린공원,강북구,서울특별시 강북구 번동 산20-1,127.0317269,37.6327957,"1,368,523㎡ "
봉산도시자연공원,은평구,서울특별시 은평구 구산동 산61,126.9020153,37.604071,1511198㎡
온수도시자연공원,구로구,서울특별시 구로구 개봉동 산2-60,126.83695,37.5002598,1097565㎡
봉은공원,강남구,서울특별시 강남구 삼성동 75,127.0554961,37.5139026,328018㎡
올림픽공원,송파구,서울특별시 송파구 올림픽로 424 (방이동),127.122959,37.520934,"총 1,513,491.2㎡"
와룡근린공원,종로구,서울특별시 종로구 와룡공원길 192 (우) 03063,126.9901672,37.5907944,207790㎡ 
봉화산근린공원,중랑구,서울특별시 중랑구 묵동 산46-1,127.0923625,37.6106404,1018689㎡
북악산도시자연공원,종로구,서울특별시 종로구 부암동 산2-6,126.9737295,37.5929992,954553㎡
북한산국립공원,강북구 등,"서울특별시 강북구, 도봉구, 서대문구, 성북구, 은평구, 종로구 일대 
경기도 고양시, 양주시, 의정부시 일대",127.000938,37.624549,"77,334,000,000㎡
(북한산국립공원 면적)"
외국인묘지공원,마포구,서울특별시 마포구 양화진길 46(외국인묘지공원),126.911414,37.546797,13224㎡
불광근린공원,은평구,서울특별시 은평구 불광동 산33-1,126.9298962,37.6188016,130345㎡
불암산도시자연공원,노원구,서울특별시 노원구 한글비석로12길 51-33(불암산공원) ,127.0952714,37.6636719,5332422㎡
용마폭포공원,중랑구,서울특별시 중랑구 면목동 산1-4 ,127.0905888,37.5731968,5107964㎡
사육신공원,동작구,서울특별시 동작구 노량진로 191,126.948636,37.5137049,47832㎡
용왕산근린공원,양천구,서울특별시 양천구 목동 199-51,126.8783125,37.5429593,213552㎡
사직근린공원,종로구,서울특별시 종로구 사직로9길 5,126.9674018,37.5759864,168099.87㎡
우장산근린공원,강서구,서울특별시 강서구 내발산동 산4-5,126.844932,37.5541932,359435.2㎡
삼일근린공원,동작구,서울특별시 동작구 사당동 산24-17,126.9743686,37.4860183,36660㎡
삼청근린공원,종로구,서울특별시 종로구 북촌로 134-1 (우) 03050,126.9842875,37.5895821,380735㎡ 
인왕산도시자연공원,종로구,서울특별시 종로구 옥인동 산 3-1 ,126.9578438,37.5849001,1807420.9㎡
상도근린공원,동작구,서울특별시 동작구 성대로6사길 27-6(상도공원) ,126.9385469,37.492299,359342.8㎡
일자산근린공원,강동구,서울특별시 강동구 동남로 660(일자산공원),127.1574587,37.5431657,"285,882.6㎡"
쌍문근린공원,도봉구,서울특별시 도봉구 쌍문동 산80,127.0271316,37.6531456,328018㎡
수락산도시자연공원,노원구,서울특별시 노원구 상계동 산3-1,127.0813633,37.699232,6691885.3㎡
송파나루근린공원(석촌호수),송파구,서울특별시 송파구 잠실로 148 (잠실동) ,127.0983002,37.5069328,285757㎡
선유도근린공원,영등포구,서울특별시 영등포구 선유로 343 (당산동 1) 선유도공원관리사무소,126.90014,37.543418,110407㎡
손기정체육공원,중구,서울특별시 중구 손기정로 101 ,126.9652702,37.5560189,"29,682.2㎡"
성북근린공원,성북구,서울특별시 성북구 돈암동 616-1055,127.0078625,37.5948509,137759㎡
봉제산공원,강서구,서울특별시 강서구 화곡동 산41-6,126.8517836,37.5421979,917190㎡
서울창포원,도봉구,서울특별시 도봉구 마들로 916(서울창포원) ,127.047938,37.689585,51470㎡
북서울꿈의숲,강북구,서울특별시 강북구 월계로 173,127.0407344,37.6233355,662543㎡
서서울호수공원,양천구,서울특별시 양천구 남부순환로64길 20 (신월동),126.8304789,37.5278392,217946㎡
중랑캠핑숲,중랑구,서울특별시 중랑구 송림길 160(중랑캠핑숲)/중랑구 망우동 74(청소년체험의숲),127.1093075,37.6049896,179666㎥
솔밭근린공원,강북구,서울특별시 강북구 우이동 80번지 일대,127.0116241,37.652331,34955㎡
금천체육공원(관악산),금천구,서울특별시 금천구 독산동 산118-4 일대 (금천체육공원),126.908681,37.468164,18083㎡
금천폭포근린공원,금천구,서울특별시 금천구 시흥대로38길 61(시흥동 937-2),126.9040127,37.4468663,4835㎡
만수천공원(관악산),금천구,서울특별시 금천구 독산동 산8 일대,126.9090028,37.4734274,19650 ㎡
발바닥공원,도봉구,서울특별시 도봉구 시루봉로6길 33,127.031982,37.6597135,7000㎡
월천근린공원,도봉구,서울특별시 도봉구 창동 28번지,127.0509895,37.6473889,10712㎡
용두근린공원,동대문구,서울특별시 동대문구 용두동 34-1번지 일대,127.0390042,37.5732791,17182㎡
상암근린공원,마포구,서울특별시 마포구 상암동 1761,126.8859012,37.5760106,160349.3㎡
와우근린공원,마포구,서울특별시 마포구 창전동 3-193번지 일대(홍익대 뒷산),126.9289936,37.5517298,87432.4㎡
금호근린공원,성동구,서울특별시 성동구 장터1길 18,127.0189457,37.5494726,"13,467.8㎡   "
달맞이근린공원,성동구,서울특별시 성동구 옥수동 산1-1,127.0212054,37.543564,"63,411.4㎡"
문정근린공원,송파구,서울특별시 송파구 문정동 18-4,127.1275819,37.4862156,49972㎡
문화예술공원,서초구,서울특별시 서초구 바우뫼로12길 40 (양재동),127.030517,37.467654,"74,385㎡"
세종로공원,종로구,서울특별시 종로구 세종대로 189 (우) 03172,126.9758875,37.5735,8868㎡ 
샘말공원(관악산근린공원 샘말지구),관악구,서울특별시 관악구 대학동 산63-1일대 샘말공원,126.938511,37.4642128,10634㎡ 
초안산생태공원,도봉구,서울특별시 도봉구 창동 산24,127.0405382,37.6479483,22113㎡
푸른수목원,구로구,서울특별시 구로구 서해안로 2117(항동81-1) 푸른수목원관리사무소,126.82407,37.483029,"200,956제곱미터 (60,798평)"
서오능도시자연공원,은평구,서울특별시 은평구 구파발동 갈현동 진관내동,126.9134338,37.6374823,1082847㎡
청계산도시자연공원,서초구,서울특별시 서초구 원지동 산 33,127.0424726,37.4224347,"3,607,700㎡   "
개화근린공원,강서구,서울특별시 강서구 개화동 산17,126.8068278,37.5813917,386500㎡
아차산공원,광진구,서울특별시 광진구 광장동 370,127.1010031,37.5517142,23450㎡
인능산도시자연공원,서초구,서울특별시 서초구 내곡동 산12-404,127.0666632,37.4482109,"2,108,968㎡"
구룡산도시자연공원,서초구,서울특별시 서초구 염곡동 산25-1,127.061567,37.4689473,"2,201,257㎡"
우면산도시자연공원,서초구,서울특별시 서초구 우면동 산35-1,127.0091324,37.470484,"3,721,692㎡"
향림근린공원,은평구,서울특별시 은평구 진관동 산55,126.9240693,37.6293824,147859㎡
신사근린공원,은평구,서울특별시 은평구 신사동 산80-4,126.9102948,37.5920771,111650㎡
광평근린공원,강남구,서울특별시 강남구 수서동 산10-1,127.092184,37.4880445,519782㎡ 
청담근린공원,강남구,서울특별시 강남구 청담동 66,127.052453,37.5213259,59347㎡ 
허브천문공원,강동구,서울특별시 강동구 둔촌동 산94,127.1533951,37.5372715,25500㎡ 
연신내물빛공원,은평구,서울특별시 은평구 통일로 849,126.9207354,37.619052,2560㎡ 
숭인근린공원,종로구,서울특별시 종로구 숭인동 58,127.0178267,37.5764419,45615㎡ 
서일대뒷산공원,중랑구,서울특별시 중랑구 면목동 산19,127.0987817,37.5877155,631021㎡ 
용마도시자연공원(사가정공원),중랑구,서울특별시 중랑구 면목7동 산50 ,127.095997,37.5797622,109635㎡ 
문화비축기지,마포구,서울특별시 마포구 증산로 87,126.8932455,37.57171848,140022㎡
경춘선숲길,,노원구 공릉2동 산 82-2,127.076482,37.627077,211392㎡
율현공원,강남구,서울특별시 강남구 밤고개로24길 91(율현동 56),127.115594,37.472332,157535㎡
서울로7017,중구,서울로7017,,,
서울식물원,강서구,서울특별시 강서구 마곡동로 161 서울식물원,126.83483,37.569781,"505,350.9㎥"
