범죄대분류,범죄중분류,gu_raw,crime_count,gu_std
강력범죄,살인기수,서울 종로구,0,종로구
강력범죄,살인미수등,서울 종로구,1,종로구
강력범죄,강도,서울 종로구,5,종로구
강력범죄,강간,서울 종로구,31,종로구
강력범죄,유사강간,서울 종로구,6,종로구
강력범죄,강제추행,서울 종로구,171,종로구
강력범죄,기타 강간/강제추행등,서울 종로구,0,종로구
강력범죄,방화,서울 종로구,9,종로구
절도범죄,절도범죄,서울 종로구,1180,종로구
폭력범죄,상해,서울 종로구,110,종로구
폭력범죄,폭행,서울 종로구,785,종로구
폭력범죄,체포/감금,서울 종로구,2,종로구
폭력범죄,협박,서울 종로구,143,종로구
폭력범죄,약취/유인,서울 종로구,1,종로구
폭력범죄,폭력행위등,서울 종로구,23,종로구
폭력범죄,공갈,서울 종로구,27,종로구
폭력범죄,손괴,서울 종로구,269,종로구
지능범죄,직무유기,서울 종로구,15,종로구
지능범죄,직권남용,서울 종로구,24,종로구
지능범죄,증수뢰,서울 종로구,3,종로구
지능범죄,통화,서울 종로구,11,종로구
지능범죄,문서/인장,서울 종로구,73,종로구
지능범죄,유가증권인지,서울 종로구,2,종로구
지능범죄,사기,서울 종로구,2440,종로구
지능범죄,횡령,서울 종로구,766,종로구
지능범죄,배임,서울 종로구,36,종로구
풍속범죄,성풍속범죄,서울 종로구,129,종로구
풍속범죄,도박범죄,서울 종로구,19,종로구
특별경제범죄,특별경제범죄,서울 종로구,845,종로구
마약범죄,마약범죄,서울 종로구,59,종로구
보건범죄,보건범죄,서울 종로구,81,종로구
환경범죄,환경범죄,서울 종로구,0,종로구
교통범죄,교통범죄,서울 종로구,715,종로구
노동범죄,노동범죄,서울 종로구,5,종로구
안보범죄,안보범죄,서울 종로구,5,종로구
선거범죄,선거범죄,서울 종로구,18,종로구
병역범죄,병역범죄,서울 종로구,35,종로구
기타범죄,기타범죄,서울 종로구,1971,종로구
강력범죄,살인기수,서울 중구,3,중구
강력범죄,살인미수등,서울 중구,2,중구
강력범죄,강도,서울 중구,5,중구
강력범죄,강간,서울 중구,21,중구
강력범죄,유사강간,서울 중구,7,중구
강력범죄,강제추행,서울 중구,150,중구
강력범죄,기타 강간/강제추행등,서울 중구,2,중구
강력범죄,방화,서울 중구,8,중구
절도범죄,절도범죄,서울 중구,1410,중구
폭력범죄,상해,서울 중구,96,중구
폭력범죄,폭행,서울 중구,866,중구
폭력범죄,체포/감금,서울 중구,5,중구
폭력범죄,협박,서울 중구,125,중구
폭력범죄,약취/유인,서울 중구,0,중구
폭력범죄,폭력행위등,서울 중구,37,중구
폭력범죄,공갈,서울 중구,21,중구
폭력범죄,손괴,서울 중구,228,중구
지능범죄,직무유기,서울 중구,9,중구
지능범죄,직권남용,서울 중구,15,중구
지능범죄,증수뢰,서울 중구,3,중구
지능범죄,통화,서울 중구,49,중구
지능범죄,문서/인장,서울 중구,76,중구
지능범죄,유가증권인지,서울 중구,4,중구
지능범죄,사기,서울 중구,1770,중구
지능범죄,횡령,서울 중구,823,중구
지능범죄,배임,서울 중구,35,중구
풍속범죄,성풍속범죄,서울 중구,99,중구
풍속범죄,도박범죄,서울 중구,16,중구
특별경제범죄,특별경제범죄,서울 중구,995,중구
마약범죄,마약범죄,서울 중구,56,중구
보건범죄,보건범죄,서울 중구,95,중구
환경범죄,환경범죄,서울 중구,0,중구
교통범죄,교통범죄,서울 중구,717,중구
노동범죄,노동범죄,서울 중구,1,중구
안보범죄,안보범죄,서울 중구,3,중구
선거범죄,선거범죄,서울 중구,18,중구
병역범죄,병역범죄,서울 중구,15,중구
기타범죄,기타범죄,서울 중구,2134,중구
강력범죄,살인기수,서울 용산구,5,용산구
강력범죄,살인미수등,서울 용산구,5,용산구
강력범죄,강도,서울 용산구,4,용산구
강력범죄,강간,서울 용산구,52,용산구
강력범죄,유사강간,서울 용산구,9,용산구
강력범죄,강제추행,서울 용산구,201,용산구
강력범죄,기타 강간/강제추행등,서울 용산구,0,용산구
강력범죄,방화,서울 용산구,6,용산구
절도범죄,절도범죄,서울 용산구,1072,용산구
폭력범죄,상해,서울 용산구,103,용산구
폭력범죄,폭행,서울 용산구,1187,용산구
폭력범죄,체포/감금,서울 용산구,9,용산구
폭력범죄,협박,서울 용산구,146,용산구
폭력범죄,약취/유인,서울 용산구,5,용산구
폭력범죄,폭력행위등,서울 용산구,47,용산구
폭력범죄,공갈,서울 용산구,43,용산구
폭력범죄,손괴,서울 용산구,401,용산구
지능범죄,직무유기,서울 용산구,12,용산구
지능범죄,직권남용,서울 용산구,13,용산구
지능범죄,증수뢰,서울 용산구,2,용산구
지능범죄,통화,서울 용산구,3,용산구
지능범죄,문서/인장,서울 용산구,43,용산구
지능범죄,유가증권인지,서울 용산구,0,용산구
지능범죄,사기,서울 용산구,2170,용산구
지능범죄,횡령,서울 용산구,594,용산구
지능범죄,배임,서울 용산구,38,용산구
풍속범죄,성풍속범죄,서울 용산구,128,용산구
풍속범죄,도박범죄,서울 용산구,23,용산구
특별경제범죄,특별경제범죄,서울 용산구,848,용산구
마약범죄,마약범죄,서울 용산구,178,용산구
보건범죄,보건범죄,서울 용산구,102,용산구
환경범죄,환경범죄,서울 용산구,1,용산구
교통범죄,교통범죄,서울 용산구,978,용산구
노동범죄,노동범죄,서울 용산구,0,용산구
안보범죄,안보범죄,서울 용산구,6,용산구
선거범죄,선거범죄,서울 용산구,7,용산구
병역범죄,병역범죄,서울 용산구,37,용산구
기타범죄,기타범죄,서울 용산구,2258,용산구
강력범죄,살인기수,서울 성동구,2,성동구
강력범죄,살인미수등,서울 성동구,3,성동구
강력범죄,강도,서울 성동구,2,성동구
강력범죄,강간,서울 성동구,22,성동구
강력범죄,유사강간,서울 성동구,3,성동구
강력범죄,강제추행,서울 성동구,88,성동구
강력범죄,기타 강간/강제추행등,서울 성동구,1,성동구
강력범죄,방화,서울 성동구,7,성동구
절도범죄,절도범죄,서울 성동구,968,성동구
폭력범죄,상해,서울 성동구,74,성동구
폭력범죄,폭행,서울 성동구,504,성동구
폭력범죄,체포/감금,서울 성동구,1,성동구
폭력범죄,협박,서울 성동구,148,성동구
폭력범죄,약취/유인,서울 성동구,1,성동구
폭력범죄,폭력행위등,서울 성동구,17,성동구
폭력범죄,공갈,서울 성동구,35,성동구
폭력범죄,손괴,서울 성동구,253,성동구
지능범죄,직무유기,서울 성동구,9,성동구
지능범죄,직권남용,서울 성동구,3,성동구
지능범죄,증수뢰,서울 성동구,1,성동구
지능범죄,통화,서울 성동구,3,성동구
지능범죄,문서/인장,서울 성동구,73,성동구
지능범죄,유가증권인지,서울 성동구,0,성동구
지능범죄,사기,서울 성동구,2738,성동구
지능범죄,횡령,서울 성동구,555,성동구
지능범죄,배임,서울 성동구,27,성동구
풍속범죄,성풍속범죄,서울 성동구,123,성동구
풍속범죄,도박범죄,서울 성동구,21,성동구
특별경제범죄,특별경제범죄,서울 성동구,669,성동구
마약범죄,마약범죄,서울 성동구,86,성동구
보건범죄,보건범죄,서울 성동구,21,성동구
환경범죄,환경범죄,서울 성동구,0,성동구
교통범죄,교통범죄,서울 성동구,768,성동구
노동범죄,노동범죄,서울 성동구,3,성동구
안보범죄,안보범죄,서울 성동구,1,성동구
선거범죄,선거범죄,서울 성동구,11,성동구
병역범죄,병역범죄,서울 성동구,55,성동구
기타범죄,기타범죄,서울 성동구,1502,성동구
강력범죄,살인기수,서울 광진구,1,광진구
강력범죄,살인미수등,서울 광진구,1,광진구
강력범죄,강도,서울 광진구,6,광진구
강력범죄,강간,서울 광진구,49,광진구
강력범죄,유사강간,서울 광진구,9,광진구
강력범죄,강제추행,서울 광진구,178,광진구
강력범죄,기타 강간/강제추행등,서울 광진구,1,광진구
강력범죄,방화,서울 광진구,7,광진구
절도범죄,절도범죄,서울 광진구,1321,광진구
폭력범죄,상해,서울 광진구,89,광진구
폭력범죄,폭행,서울 광진구,705,광진구
폭력범죄,체포/감금,서울 광진구,7,광진구
폭력범죄,협박,서울 광진구,120,광진구
폭력범죄,약취/유인,서울 광진구,2,광진구
폭력범죄,폭력행위등,서울 광진구,22,광진구
폭력범죄,공갈,서울 광진구,44,광진구
폭력범죄,손괴,서울 광진구,314,광진구
지능범죄,직무유기,서울 광진구,6,광진구
지능범죄,직권남용,서울 광진구,10,광진구
지능범죄,증수뢰,서울 광진구,5,광진구
지능범죄,통화,서울 광진구,8,광진구
지능범죄,문서/인장,서울 광진구,80,광진구
지능범죄,유가증권인지,서울 광진구,1,광진구
지능범죄,사기,서울 광진구,2150,광진구
지능범죄,횡령,서울 광진구,694,광진구
지능범죄,배임,서울 광진구,22,광진구
풍속범죄,성풍속범죄,서울 광진구,169,광진구
풍속범죄,도박범죄,서울 광진구,44,광진구
특별경제범죄,특별경제범죄,서울 광진구,799,광진구
마약범죄,마약범죄,서울 광진구,80,광진구
보건범죄,보건범죄,서울 광진구,34,광진구
환경범죄,환경범죄,서울 광진구,1,광진구
교통범죄,교통범죄,서울 광진구,899,광진구
노동범죄,노동범죄,서울 광진구,0,광진구
안보범죄,안보범죄,서울 광진구,0,광진구
선거범죄,선거범죄,서울 광진구,9,광진구
병역범죄,병역범죄,서울 광진구,81,광진구
기타범죄,기타범죄,서울 광진구,1835,광진구
강력범죄,살인기수,서울 동대문구,2,동대문구
강력범죄,살인미수등,서울 동대문구,5,동대문구
강력범죄,강도,서울 동대문구,4,동대문구
강력범죄,강간,서울 동대문구,25,동대문구
강력범죄,유사강간,서울 동대문구,9,동대문구
강력범죄,강제추행,서울 동대문구,90,동대문구
강력범죄,기타 강간/강제추행등,서울 동대문구,1,동대문구
강력범죄,방화,서울 동대문구,8,동대문구
절도범죄,절도범죄,서울 동대문구,1618,동대문구
폭력범죄,상해,서울 동대문구,88,동대문구
폭력범죄,폭행,서울 동대문구,869,동대문구
폭력범죄,체포/감금,서울 동대문구,2,동대문구
폭력범죄,협박,서울 동대문구,168,동대문구
폭력범죄,약취/유인,서울 동대문구,2,동대문구
폭력범죄,폭력행위등,서울 동대문구,27,동대문구
폭력범죄,공갈,서울 동대문구,39,동대문구
폭력범죄,손괴,서울 동대문구,267,동대문구
지능범죄,직무유기,서울 동대문구,8,동대문구
지능범죄,직권남용,서울 동대문구,13,동대문구
지능범죄,증수뢰,서울 동대문구,2,동대문구
지능범죄,통화,서울 동대문구,7,동대문구
지능범죄,문서/인장,서울 동대문구,66,동대문구
지능범죄,유가증권인지,서울 동대문구,1,동대문구
지능범죄,사기,서울 동대문구,2685,동대문구
지능범죄,횡령,서울 동대문구,617,동대문구
지능범죄,배임,서울 동대문구,25,동대문구
풍속범죄,성풍속범죄,서울 동대문구,125,동대문구
풍속범죄,도박범죄,서울 동대문구,36,동대문구
특별경제범죄,특별경제범죄,서울 동대문구,807,동대문구
마약범죄,마약범죄,서울 동대문구,91,동대문구
보건범죄,보건범죄,서울 동대문구,81,동대문구
환경범죄,환경범죄,서울 동대문구,2,동대문구
교통범죄,교통범죄,서울 동대문구,1265,동대문구
노동범죄,노동범죄,서울 동대문구,1,동대문구
안보범죄,안보범죄,서울 동대문구,2,동대문구
선거범죄,선거범죄,서울 동대문구,5,동대문구
병역범죄,병역범죄,서울 동대문구,85,동대문구
기타범죄,기타범죄,서울 동대문구,1669,동대문구
강력범죄,살인기수,서울 중랑구,3,중랑구
강력범죄,살인미수등,서울 중랑구,2,중랑구
강력범죄,강도,서울 중랑구,2,중랑구
강력범죄,강간,서울 중랑구,35,중랑구
강력범죄,유사강간,서울 중랑구,5,중랑구
강력범죄,강제추행,서울 중랑구,102,중랑구
강력범죄,기타 강간/강제추행등,서울 중랑구,0,중랑구
강력범죄,방화,서울 중랑구,10,중랑구
절도범죄,절도범죄,서울 중랑구,1439,중랑구
폭력범죄,상해,서울 중랑구,117,중랑구
폭력범죄,폭행,서울 중랑구,840,중랑구
폭력범죄,체포/감금,서울 중랑구,3,중랑구
폭력범죄,협박,서울 중랑구,186,중랑구
폭력범죄,약취/유인,서울 중랑구,5,중랑구
폭력범죄,폭력행위등,서울 중랑구,41,중랑구
폭력범죄,공갈,서울 중랑구,52,중랑구
폭력범죄,손괴,서울 중랑구,335,중랑구
지능범죄,직무유기,서울 중랑구,2,중랑구
지능범죄,직권남용,서울 중랑구,8,중랑구
지능범죄,증수뢰,서울 중랑구,0,중랑구
지능범죄,통화,서울 중랑구,3,중랑구
지능범죄,문서/인장,서울 중랑구,77,중랑구
지능범죄,유가증권인지,서울 중랑구,0,중랑구
지능범죄,사기,서울 중랑구,2809,중랑구
지능범죄,횡령,서울 중랑구,468,중랑구
지능범죄,배임,서울 중랑구,19,중랑구
풍속범죄,성풍속범죄,서울 중랑구,126,중랑구
풍속범죄,도박범죄,서울 중랑구,37,중랑구
특별경제범죄,특별경제범죄,서울 중랑구,843,중랑구
마약범죄,마약범죄,서울 중랑구,58,중랑구
보건범죄,보건범죄,서울 중랑구,42,중랑구
환경범죄,환경범죄,서울 중랑구,1,중랑구
교통범죄,교통범죄,서울 중랑구,1051,중랑구
노동범죄,노동범죄,서울 중랑구,1,중랑구
안보범죄,안보범죄,서울 중랑구,1,중랑구
선거범죄,선거범죄,서울 중랑구,8,중랑구
병역범죄,병역범죄,서울 중랑구,77,중랑구
기타범죄,기타범죄,서울 중랑구,1936,중랑구
강력범죄,살인기수,서울 성북구,1,성북구
강력범죄,살인미수등,서울 성북구,1,성북구
강력범죄,강도,서울 성북구,1,성북구
강력범죄,강간,서울 성북구,32,성북구
강력범죄,유사강간,서울 성북구,8,성북구
강력범죄,강제추행,서울 성북구,105,성북구
강력범죄,기타 강간/강제추행등,서울 성북구,1,성북구
강력범죄,방화,서울 성북구,5,성북구
절도범죄,절도범죄,서울 성북구,884,성북구
폭력범죄,상해,서울 성북구,67,성북구
폭력범죄,폭행,서울 성북구,648,성북구
폭력범죄,체포/감금,서울 성북구,8,성북구
폭력범죄,협박,서울 성북구,127,성북구
폭력범죄,약취/유인,서울 성북구,1,성북구
폭력범죄,폭력행위등,서울 성북구,17,성북구
폭력범죄,공갈,서울 성북구,34,성북구
폭력범죄,손괴,서울 성북구,247,성북구
지능범죄,직무유기,서울 성북구,10,성북구
지능범죄,직권남용,서울 성북구,6,성북구
지능범죄,증수뢰,서울 성북구,4,성북구
지능범죄,통화,서울 성북구,4,성북구
지능범죄,문서/인장,서울 성북구,57,성북구
지능범죄,유가증권인지,서울 성북구,0,성북구
지능범죄,사기,서울 성북구,2860,성북구
지능범죄,횡령,서울 성북구,412,성북구
지능범죄,배임,서울 성북구,27,성북구
풍속범죄,성풍속범죄,서울 성북구,125,성북구
풍속범죄,도박범죄,서울 성북구,16,성북구
특별경제범죄,특별경제범죄,서울 성북구,736,성북구
마약범죄,마약범죄,서울 성북구,43,성북구
보건범죄,보건범죄,서울 성북구,44,성북구
환경범죄,환경범죄,서울 성북구,3,성북구
교통범죄,교통범죄,서울 성북구,933,성북구
노동범죄,노동범죄,서울 성북구,1,성북구
안보범죄,안보범죄,서울 성북구,1,성북구
선거범죄,선거범죄,서울 성북구,5,성북구
병역범죄,병역범죄,서울 성북구,70,성북구
기타범죄,기타범죄,서울 성북구,1614,성북구
강력범죄,살인기수,서울 강북구,0,강북구
강력범죄,살인미수등,서울 강북구,6,강북구
강력범죄,강도,서울 강북구,0,강북구
강력범죄,강간,서울 강북구,40,강북구
강력범죄,유사강간,서울 강북구,3,강북구
강력범죄,강제추행,서울 강북구,98,강북구
강력범죄,기타 강간/강제추행등,서울 강북구,0,강북구
강력범죄,방화,서울 강북구,4,강북구
절도범죄,절도범죄,서울 강북구,968,강북구
폭력범죄,상해,서울 강북구,71,강북구
폭력범죄,폭행,서울 강북구,703,강북구
폭력범죄,체포/감금,서울 강북구,3,강북구
폭력범죄,협박,서울 강북구,129,강북구
폭력범죄,약취/유인,서울 강북구,1,강북구
폭력범죄,폭력행위등,서울 강북구,27,강북구
폭력범죄,공갈,서울 강북구,34,강북구
폭력범죄,손괴,서울 강북구,201,강북구
지능범죄,직무유기,서울 강북구,8,강북구
지능범죄,직권남용,서울 강북구,11,강북구
지능범죄,증수뢰,서울 강북구,0,강북구
지능범죄,통화,서울 강북구,2,강북구
지능범죄,문서/인장,서울 강북구,60,강북구
지능범죄,유가증권인지,서울 강북구,1,강북구
지능범죄,사기,서울 강북구,2401,강북구
지능범죄,횡령,서울 강북구,306,강북구
지능범죄,배임,서울 강북구,17,강북구
풍속범죄,성풍속범죄,서울 강북구,112,강북구
풍속범죄,도박범죄,서울 강북구,26,강북구
특별경제범죄,특별경제범죄,서울 강북구,580,강북구
마약범죄,마약범죄,서울 강북구,64,강북구
보건범죄,보건범죄,서울 강북구,49,강북구
환경범죄,환경범죄,서울 강북구,3,강북구
교통범죄,교통범죄,서울 강북구,747,강북구
노동범죄,노동범죄,서울 강북구,1,강북구
안보범죄,안보범죄,서울 강북구,4,강북구
선거범죄,선거범죄,서울 강북구,9,강북구
병역범죄,병역범죄,서울 강북구,62,강북구
기타범죄,기타범죄,서울 강북구,1869,강북구
강력범죄,살인기수,서울 도봉구,5,도봉구
강력범죄,살인미수등,서울 도봉구,2,도봉구
강력범죄,강도,서울 도봉구,0,도봉구
강력범죄,강간,서울 도봉구,18,도봉구
강력범죄,유사강간,서울 도봉구,1,도봉구
강력범죄,강제추행,서울 도봉구,55,도봉구
강력범죄,기타 강간/강제추행등,서울 도봉구,0,도봉구
강력범죄,방화,서울 도봉구,5,도봉구
절도범죄,절도범죄,서울 도봉구,800,도봉구
폭력범죄,상해,서울 도봉구,58,도봉구
폭력범죄,폭행,서울 도봉구,488,도봉구
폭력범죄,체포/감금,서울 도봉구,2,도봉구
폭력범죄,협박,서울 도봉구,94,도봉구
폭력범죄,약취/유인,서울 도봉구,1,도봉구
폭력범죄,폭력행위등,서울 도봉구,20,도봉구
폭력범죄,공갈,서울 도봉구,15,도봉구
폭력범죄,손괴,서울 도봉구,180,도봉구
지능범죄,직무유기,서울 도봉구,3,도봉구
지능범죄,직권남용,서울 도봉구,5,도봉구
지능범죄,증수뢰,서울 도봉구,1,도봉구
지능범죄,통화,서울 도봉구,3,도봉구
지능범죄,문서/인장,서울 도봉구,38,도봉구
지능범죄,유가증권인지,서울 도봉구,0,도봉구
지능범죄,사기,서울 도봉구,1823,도봉구
지능범죄,횡령,서울 도봉구,245,도봉구
지능범죄,배임,서울 도봉구,9,도봉구
풍속범죄,성풍속범죄,서울 도봉구,82,도봉구
풍속범죄,도박범죄,서울 도봉구,12,도봉구
특별경제범죄,특별경제범죄,서울 도봉구,489,도봉구
마약범죄,마약범죄,서울 도봉구,40,도봉구
보건범죄,보건범죄,서울 도봉구,31,도봉구
환경범죄,환경범죄,서울 도봉구,1,도봉구
교통범죄,교통범죄,서울 도봉구,461,도봉구
노동범죄,노동범죄,서울 도봉구,1,도봉구
안보범죄,안보범죄,서울 도봉구,0,도봉구
선거범죄,선거범죄,서울 도봉구,6,도봉구
병역범죄,병역범죄,서울 도봉구,46,도봉구
기타범죄,기타범죄,서울 도봉구,1316,도봉구
강력범죄,살인기수,서울 노원구,3,노원구
강력범죄,살인미수등,서울 노원구,4,노원구
강력범죄,강도,서울 노원구,3,노원구
강력범죄,강간,서울 노원구,29,노원구
강력범죄,유사강간,서울 노원구,6,노원구
강력범죄,강제추행,서울 노원구,108,노원구
강력범죄,기타 강간/강제추행등,서울 노원구,0,노원구
강력범죄,방화,서울 노원구,9,노원구
절도범죄,절도범죄,서울 노원구,1506,노원구
폭력범죄,상해,서울 노원구,68,노원구
폭력범죄,폭행,서울 노원구,885,노원구
폭력범죄,체포/감금,서울 노원구,2,노원구
폭력범죄,협박,서울 노원구,164,노원구
폭력범죄,약취/유인,서울 노원구,3,노원구
폭력범죄,폭력행위등,서울 노원구,26,노원구
폭력범죄,공갈,서울 노원구,45,노원구
폭력범죄,손괴,서울 노원구,241,노원구
지능범죄,직무유기,서울 노원구,5,노원구
지능범죄,직권남용,서울 노원구,6,노원구
지능범죄,증수뢰,서울 노원구,4,노원구
지능범죄,통화,서울 노원구,9,노원구
지능범죄,문서/인장,서울 노원구,59,노원구
지능범죄,유가증권인지,서울 노원구,0,노원구
지능범죄,사기,서울 노원구,2254,노원구
지능범죄,횡령,서울 노원구,487,노원구
지능범죄,배임,서울 노원구,15,노원구
풍속범죄,성풍속범죄,서울 노원구,175,노원구
풍속범죄,도박범죄,서울 노원구,26,노원구
특별경제범죄,특별경제범죄,서울 노원구,809,노원구
마약범죄,마약범죄,서울 노원구,76,노원구
보건범죄,보건범죄,서울 노원구,43,노원구
환경범죄,환경범죄,서울 노원구,2,노원구
교통범죄,교통범죄,서울 노원구,918,노원구
노동범죄,노동범죄,서울 노원구,1,노원구
안보범죄,안보범죄,서울 노원구,0,노원구
선거범죄,선거범죄,서울 노원구,13,노원구
병역범죄,병역범죄,서울 노원구,80,노원구
기타범죄,기타범죄,서울 노원구,1921,노원구
강력범죄,살인기수,서울 은평구,6,은평구
강력범죄,살인미수등,서울 은평구,3,은평구
강력범죄,강도,서울 은평구,1,은평구
강력범죄,강간,서울 은평구,37,은평구
강력범죄,유사강간,서울 은평구,1,은평구
강력범죄,강제추행,서울 은평구,93,은평구
강력범죄,기타 강간/강제추행등,서울 은평구,0,은평구
강력범죄,방화,서울 은평구,10,은평구
절도범죄,절도범죄,서울 은평구,1520,은평구
폭력범죄,상해,서울 은평구,111,은평구
폭력범죄,폭행,서울 은평구,813,은평구
폭력범죄,체포/감금,서울 은평구,4,은평구
폭력범죄,협박,서울 은평구,181,은평구
폭력범죄,약취/유인,서울 은평구,1,은평구
폭력범죄,폭력행위등,서울 은평구,18,은평구
폭력범죄,공갈,서울 은평구,71,은평구
폭력범죄,손괴,서울 은평구,360,은평구
지능범죄,직무유기,서울 은평구,3,은평구
지능범죄,직권남용,서울 은평구,8,은평구
지능범죄,증수뢰,서울 은평구,1,은평구
지능범죄,통화,서울 은평구,4,은평구
지능범죄,문서/인장,서울 은평구,80,은평구
지능범죄,유가증권인지,서울 은평구,1,은평구
지능범죄,사기,서울 은평구,2873,은평구
지능범죄,횡령,서울 은평구,471,은평구
지능범죄,배임,서울 은평구,26,은평구
풍속범죄,성풍속범죄,서울 은평구,158,은평구
풍속범죄,도박범죄,서울 은평구,27,은평구
특별경제범죄,특별경제범죄,서울 은평구,695,은평구
마약범죄,마약범죄,서울 은평구,51,은평구
보건범죄,보건범죄,서울 은평구,47,은평구
환경범죄,환경범죄,서울 은평구,0,은평구
교통범죄,교통범죄,서울 은평구,968,은평구
노동범죄,노동범죄,서울 은평구,1,은평구
안보범죄,안보범죄,서울 은평구,1,은평구
선거범죄,선거범죄,서울 은평구,16,은평구
병역범죄,병역범죄,서울 은평구,58,은평구
기타범죄,기타범죄,서울 은평구,1989,은평구
강력범죄,살인기수,서울 서대문구,1,서대문구
강력범죄,살인미수등,서울 서대문구,2,서대문구
강력범죄,강도,서울 서대문구,0,서대문구
강력범죄,강간,서울 서대문구,40,서대문구
강력범죄,유사강간,서울 서대문구,7,서대문구
강력범죄,강제추행,서울 서대문구,83,서대문구
강력범죄,기타 강간/강제추행등,서울 서대문구,1,서대문구
강력범죄,방화,서울 서대문구,2,서대문구
절도범죄,절도범죄,서울 서대문구,1012,서대문구
폭력범죄,상해,서울 서대문구,54,서대문구
폭력범죄,폭행,서울 서대문구,495,서대문구
폭력범죄,체포/감금,서울 서대문구,5,서대문구
폭력범죄,협박,서울 서대문구,106,서대문구
폭력범죄,약취/유인,서울 서대문구,3,서대문구
폭력범죄,폭력행위등,서울 서대문구,9,서대문구
폭력범죄,공갈,서울 서대문구,18,서대문구
폭력범죄,손괴,서울 서대문구,210,서대문구
지능범죄,직무유기,서울 서대문구,3,서대문구
지능범죄,직권남용,서울 서대문구,8,서대문구
지능범죄,증수뢰,서울 서대문구,3,서대문구
지능범죄,통화,서울 서대문구,3,서대문구
지능범죄,문서/인장,서울 서대문구,62,서대문구
지능범죄,유가증권인지,서울 서대문구,0,서대문구
지능범죄,사기,서울 서대문구,2043,서대문구
지능범죄,횡령,서울 서대문구,446,서대문구
지능범죄,배임,서울 서대문구,15,서대문구
풍속범죄,성풍속범죄,서울 서대문구,130,서대문구
풍속범죄,도박범죄,서울 서대문구,23,서대문구
특별경제범죄,특별경제범죄,서울 서대문구,511,서대문구
마약범죄,마약범죄,서울 서대문구,49,서대문구
보건범죄,보건범죄,서울 서대문구,45,서대문구
환경범죄,환경범죄,서울 서대문구,0,서대문구
교통범죄,교통범죄,서울 서대문구,631,서대문구
노동범죄,노동범죄,서울 서대문구,0,서대문구
안보범죄,안보범죄,서울 서대문구,2,서대문구
선거범죄,선거범죄,서울 서대문구,10,서대문구
병역범죄,병역범죄,서울 서대문구,57,서대문구
기타범죄,기타범죄,서울 서대문구,1364,서대문구
강력범죄,살인기수,서울 마포구,1,마포구
강력범죄,살인미수등,서울 마포구,3,마포구
강력범죄,강도,서울 마포구,4,마포구
강력범죄,강간,서울 마포구,89,마포구
강력범죄,유사강간,서울 마포구,23,마포구
강력범죄,강제추행,서울 마포구,391,마포구
강력범죄,기타 강간/강제추행등,서울 마포구,1,마포구
강력범죄,방화,서울 마포구,6,마포구
절도범죄,절도범죄,서울 마포구,1469,마포구
폭력범죄,상해,서울 마포구,140,마포구
폭력범죄,폭행,서울 마포구,1179,마포구
폭력범죄,체포/감금,서울 마포구,8,마포구
폭력범죄,협박,서울 마포구,196,마포구
폭력범죄,약취/유인,서울 마포구,1,마포구
폭력범죄,폭력행위등,서울 마포구,41,마포구
폭력범죄,공갈,서울 마포구,39,마포구
폭력범죄,손괴,서울 마포구,308,마포구
지능범죄,직무유기,서울 마포구,7,마포구
지능범죄,직권남용,서울 마포구,16,마포구
지능범죄,증수뢰,서울 마포구,8,마포구
지능범죄,통화,서울 마포구,7,마포구
지능범죄,문서/인장,서울 마포구,137,마포구
지능범죄,유가증권인지,서울 마포구,0,마포구
지능범죄,사기,서울 마포구,2624,마포구
지능범죄,횡령,서울 마포구,1013,마포구
지능범죄,배임,서울 마포구,43,마포구
풍속범죄,성풍속범죄,서울 마포구,274,마포구
풍속범죄,도박범죄,서울 마포구,28,마포구
특별경제범죄,특별경제범죄,서울 마포구,991,마포구
마약범죄,마약범죄,서울 마포구,119,마포구
보건범죄,보건범죄,서울 마포구,202,마포구
환경범죄,환경범죄,서울 마포구,2,마포구
교통범죄,교통범죄,서울 마포구,1402,마포구
노동범죄,노동범죄,서울 마포구,1,마포구
안보범죄,안보범죄,서울 마포구,3,마포구
선거범죄,선거범죄,서울 마포구,23,마포구
병역범죄,병역범죄,서울 마포구,81,마포구
기타범죄,기타범죄,서울 마포구,2608,마포구
강력범죄,살인기수,서울 양천구,3,양천구
강력범죄,살인미수등,서울 양천구,1,양천구
강력범죄,강도,서울 양천구,1,양천구
강력범죄,강간,서울 양천구,16,양천구
강력범죄,유사강간,서울 양천구,3,양천구
강력범죄,강제추행,서울 양천구,85,양천구
강력범죄,기타 강간/강제추행등,서울 양천구,1,양천구
강력범죄,방화,서울 양천구,9,양천구
절도범죄,절도범죄,서울 양천구,1513,양천구
폭력범죄,상해,서울 양천구,84,양천구
폭력범죄,폭행,서울 양천구,733,양천구
폭력범죄,체포/감금,서울 양천구,3,양천구
폭력범죄,협박,서울 양천구,158,양천구
폭력범죄,약취/유인,서울 양천구,5,양천구
폭력범죄,폭력행위등,서울 양천구,27,양천구
폭력범죄,공갈,서울 양천구,27,양천구
폭력범죄,손괴,서울 양천구,327,양천구
지능범죄,직무유기,서울 양천구,6,양천구
지능범죄,직권남용,서울 양천구,12,양천구
지능범죄,증수뢰,서울 양천구,4,양천구
지능범죄,통화,서울 양천구,5,양천구
지능범죄,문서/인장,서울 양천구,130,양천구
지능범죄,유가증권인지,서울 양천구,0,양천구
지능범죄,사기,서울 양천구,2504,양천구
지능범죄,횡령,서울 양천구,463,양천구
지능범죄,배임,서울 양천구,21,양천구
풍속범죄,성풍속범죄,서울 양천구,83,양천구
풍속범죄,도박범죄,서울 양천구,28,양천구
특별경제범죄,특별경제범죄,서울 양천구,720,양천구
마약범죄,마약범죄,서울 양천구,64,양천구
보건범죄,보건범죄,서울 양천구,33,양천구
환경범죄,환경범죄,서울 양천구,1,양천구
교통범죄,교통범죄,서울 양천구,861,양천구
노동범죄,노동범죄,서울 양천구,0,양천구
안보범죄,안보범죄,서울 양천구,2,양천구
선거범죄,선거범죄,서울 양천구,7,양천구
병역범죄,병역범죄,서울 양천구,70,양천구
기타범죄,기타범죄,서울 양천구,1859,양천구
강력범죄,살인기수,서울 강서구,3,강서구
강력범죄,살인미수등,서울 강서구,2,강서구
강력범죄,강도,서울 강서구,6,강서구
강력범죄,강간,서울 강서구,53,강서구
강력범죄,유사강간,서울 강서구,16,강서구
강력범죄,강제추행,서울 강서구,193,강서구
강력범죄,기타 강간/강제추행등,서울 강서구,3,강서구
강력범죄,방화,서울 강서구,12,강서구
절도범죄,절도범죄,서울 강서구,1671,강서구
폭력범죄,상해,서울 강서구,126,강서구
폭력범죄,폭행,서울 강서구,1171,강서구
폭력범죄,체포/감금,서울 강서구,11,강서구
폭력범죄,협박,서울 강서구,269,강서구
폭력범죄,약취/유인,서울 강서구,2,강서구
폭력범죄,폭력행위등,서울 강서구,36,강서구
폭력범죄,공갈,서울 강서구,81,강서구
폭력범죄,손괴,서울 강서구,353,강서구
지능범죄,직무유기,서울 강서구,10,강서구
지능범죄,직권남용,서울 강서구,11,강서구
지능범죄,증수뢰,서울 강서구,5,강서구
지능범죄,통화,서울 강서구,7,강서구
지능범죄,문서/인장,서울 강서구,98,강서구
지능범죄,유가증권인지,서울 강서구,2,강서구
지능범죄,사기,서울 강서구,4236,강서구
지능범죄,횡령,서울 강서구,649,강서구
지능범죄,배임,서울 강서구,41,강서구
풍속범죄,성풍속범죄,서울 강서구,262,강서구
풍속범죄,도박범죄,서울 강서구,69,강서구
특별경제범죄,특별경제범죄,서울 강서구,1115,강서구
마약범죄,마약범죄,서울 강서구,139,강서구
보건범죄,보건범죄,서울 강서구,103,강서구
환경범죄,환경범죄,서울 강서구,8,강서구
교통범죄,교통범죄,서울 강서구,1374,강서구
노동범죄,노동범죄,서울 강서구,4,강서구
안보범죄,안보범죄,서울 강서구,4,강서구
선거범죄,선거범죄,서울 강서구,21,강서구
병역범죄,병역범죄,서울 강서구,94,강서구
기타범죄,기타범죄,서울 강서구,2813,강서구
강력범죄,살인기수,서울 구로구,2,구로구
강력범죄,살인미수등,서울 구로구,5,구로구
강력범죄,강도,서울 구로구,0,구로구
강력범죄,강간,서울 구로구,30,구로구
강력범죄,유사강간,서울 구로구,7,구로구
강력범죄,강제추행,서울 구로구,150,구로구
강력범죄,기타 강간/강제추행등,서울 구로구,0,구로구
강력범죄,방화,서울 구로구,5,구로구
절도범죄,절도범죄,서울 구로구,1572,구로구
폭력범죄,상해,서울 구로구,80,구로구
폭력범죄,폭행,서울 구로구,961,구로구
폭력범죄,체포/감금,서울 구로구,2,구로구
폭력범죄,협박,서울 구로구,175,구로구
폭력범죄,약취/유인,서울 구로구,0,구로구
폭력범죄,폭력행위등,서울 구로구,38,구로구
폭력범죄,공갈,서울 구로구,29,구로구
폭력범죄,손괴,서울 구로구,331,구로구
지능범죄,직무유기,서울 구로구,9,구로구
지능범죄,직권남용,서울 구로구,11,구로구
지능범죄,증수뢰,서울 구로구,0,구로구
지능범죄,통화,서울 구로구,2,구로구
지능범죄,문서/인장,서울 구로구,100,구로구
지능범죄,유가증권인지,서울 구로구,0,구로구
지능범죄,사기,서울 구로구,3199,구로구
지능범죄,횡령,서울 구로구,583,구로구
지능범죄,배임,서울 구로구,20,구로구
풍속범죄,성풍속범죄,서울 구로구,154,구로구
풍속범죄,도박범죄,서울 구로구,35,구로구
특별경제범죄,특별경제범죄,서울 구로구,1017,구로구
마약범죄,마약범죄,서울 구로구,110,구로구
보건범죄,보건범죄,서울 구로구,72,구로구
환경범죄,환경범죄,서울 구로구,0,구로구
교통범죄,교통범죄,서울 구로구,900,구로구
노동범죄,노동범죄,서울 구로구,1,구로구
안보범죄,안보범죄,서울 구로구,1,구로구
선거범죄,선거범죄,서울 구로구,7,구로구
병역범죄,병역범죄,서울 구로구,66,구로구
기타범죄,기타범죄,서울 구로구,2052,구로구
강력범죄,살인기수,서울 금천구,2,금천구
강력범죄,살인미수등,서울 금천구,4,금천구
강력범죄,강도,서울 금천구,3,금천구
강력범죄,강간,서울 금천구,31,금천구
강력범죄,유사강간,서울 금천구,2,금천구
강력범죄,강제추행,서울 금천구,93,금천구
강력범죄,기타 강간/강제추행등,서울 금천구,1,금천구
강력범죄,방화,서울 금천구,5,금천구
절도범죄,절도범죄,서울 금천구,887,금천구
폭력범죄,상해,서울 금천구,74,금천구
폭력범죄,폭행,서울 금천구,548,금천구
폭력범죄,체포/감금,서울 금천구,4,금천구
폭력범죄,협박,서울 금천구,151,금천구
폭력범죄,약취/유인,서울 금천구,0,금천구
폭력범죄,폭력행위등,서울 금천구,18,금천구
폭력범죄,공갈,서울 금천구,13,금천구
폭력범죄,손괴,서울 금천구,184,금천구
지능범죄,직무유기,서울 금천구,5,금천구
지능범죄,직권남용,서울 금천구,3,금천구
지능범죄,증수뢰,서울 금천구,0,금천구
지능범죄,통화,서울 금천구,2,금천구
지능범죄,문서/인장,서울 금천구,67,금천구
지능범죄,유가증권인지,서울 금천구,0,금천구
지능범죄,사기,서울 금천구,3079,금천구
지능범죄,횡령,서울 금천구,373,금천구
지능범죄,배임,서울 금천구,30,금천구
풍속범죄,성풍속범죄,서울 금천구,100,금천구
풍속범죄,도박범죄,서울 금천구,23,금천구
특별경제범죄,특별경제범죄,서울 금천구,802,금천구
마약범죄,마약범죄,서울 금천구,58,금천구
보건범죄,보건범죄,서울 금천구,41,금천구
환경범죄,환경범죄,서울 금천구,1,금천구
교통범죄,교통범죄,서울 금천구,817,금천구
노동범죄,노동범죄,서울 금천구,3,금천구
안보범죄,안보범죄,서울 금천구,1,금천구
선거범죄,선거범죄,서울 금천구,8,금천구
병역범죄,병역범죄,서울 금천구,73,금천구
기타범죄,기타범죄,서울 금천구,1459,금천구
강력범죄,살인기수,서울 영등포구,2,영등포구
강력범죄,살인미수등,서울 영등포구,8,영등포구
강력범죄,강도,서울 영등포구,6,영등포구
강력범죄,강간,서울 영등포구,58,영등포구
강력범죄,유사강간,서울 영등포구,10,영등포구
강력범죄,강제추행,서울 영등포구,212,영등포구
강력범죄,기타 강간/강제추행등,서울 영등포구,1,영등포구
강력범죄,방화,서울 영등포구,3,영등포구
절도범죄,절도범죄,서울 영등포구,1790,영등포구
폭력범죄,상해,서울 영등포구,141,영등포구
폭력범죄,폭행,서울 영등포구,1187,영등포구
폭력범죄,체포/감금,서울 영등포구,8,영등포구
폭력범죄,협박,서울 영등포구,188,영등포구
폭력범죄,약취/유인,서울 영등포구,3,영등포구
폭력범죄,폭력행위등,서울 영등포구,79,영등포구
폭력범죄,공갈,서울 영등포구,38,영등포구
폭력범죄,손괴,서울 영등포구,426,영등포구
지능범죄,직무유기,서울 영등포구,16,영등포구
지능범죄,직권남용,서울 영등포구,12,영등포구
지능범죄,증수뢰,서울 영등포구,5,영등포구
지능범죄,통화,서울 영등포구,9,영등포구
지능범죄,문서/인장,서울 영등포구,131,영등포구
지능범죄,유가증권인지,서울 영등포구,2,영등포구
지능범죄,사기,서울 영등포구,4160,영등포구
지능범죄,횡령,서울 영등포구,825,영등포구
지능범죄,배임,서울 영등포구,58,영등포구
풍속범죄,성풍속범죄,서울 영등포구,194,영등포구
풍속범죄,도박범죄,서울 영등포구,44,영등포구
특별경제범죄,특별경제범죄,서울 영등포구,1080,영등포구
마약범죄,마약범죄,서울 영등포구,146,영등포구
보건범죄,보건범죄,서울 영등포구,92,영등포구
환경범죄,환경범죄,서울 영등포구,0,영등포구
교통범죄,교통범죄,서울 영등포구,1683,영등포구
노동범죄,노동범죄,서울 영등포구,5,영등포구
안보범죄,안보범죄,서울 영등포구,9,영등포구
선거범죄,선거범죄,서울 영등포구,30,영등포구
병역범죄,병역범죄,서울 영등포구,91,영등포구
기타범죄,기타범죄,서울 영등포구,2715,영등포구
강력범죄,살인기수,서울 동작구,1,동작구
강력범죄,살인미수등,서울 동작구,0,동작구
강력범죄,강도,서울 동작구,1,동작구
강력범죄,강간,서울 동작구,20,동작구
강력범죄,유사강간,서울 동작구,7,동작구
강력범죄,강제추행,서울 동작구,152,동작구
강력범죄,기타 강간/강제추행등,서울 동작구,2,동작구
강력범죄,방화,서울 동작구,7,동작구
절도범죄,절도범죄,서울 동작구,1091,동작구
폭력범죄,상해,서울 동작구,78,동작구
폭력범죄,폭행,서울 동작구,701,동작구
폭력범죄,체포/감금,서울 동작구,4,동작구
폭력범죄,협박,서울 동작구,148,동작구
폭력범죄,약취/유인,서울 동작구,3,동작구
폭력범죄,폭력행위등,서울 동작구,11,동작구
폭력범죄,공갈,서울 동작구,44,동작구
폭력범죄,손괴,서울 동작구,198,동작구
지능범죄,직무유기,서울 동작구,4,동작구
지능범죄,직권남용,서울 동작구,4,동작구
지능범죄,증수뢰,서울 동작구,0,동작구
지능범죄,통화,서울 동작구,2,동작구
지능범죄,문서/인장,서울 동작구,54,동작구
지능범죄,유가증권인지,서울 동작구,0,동작구
지능범죄,사기,서울 동작구,2358,동작구
지능범죄,횡령,서울 동작구,569,동작구
지능범죄,배임,서울 동작구,24,동작구
풍속범죄,성풍속범죄,서울 동작구,130,동작구
풍속범죄,도박범죄,서울 동작구,205,동작구
특별경제범죄,특별경제범죄,서울 동작구,628,동작구
마약범죄,마약범죄,서울 동작구,72,동작구
보건범죄,보건범죄,서울 동작구,49,동작구
환경범죄,환경범죄,서울 동작구,2,동작구
교통범죄,교통범죄,서울 동작구,828,동작구
노동범죄,노동범죄,서울 동작구,1,동작구
안보범죄,안보범죄,서울 동작구,3,동작구
선거범죄,선거범죄,서울 동작구,8,동작구
병역범죄,병역범죄,서울 동작구,88,동작구
기타범죄,기타범죄,서울 동작구,1517,동작구
강력범죄,살인기수,서울 관악구,1,관악구
강력범죄,살인미수등,서울 관악구,3,관악구
강력범죄,강도,서울 관악구,3,관악구
강력범죄,강간,서울 관악구,88,관악구
강력범죄,유사강간,서울 관악구,22,관악구
강력범죄,강제추행,서울 관악구,221,관악구
강력범죄,기타 강간/강제추행등,서울 관악구,4,관악구
강력범죄,방화,서울 관악구,11,관악구
절도범죄,절도범죄,서울 관악구,1967,관악구
폭력범죄,상해,서울 관악구,103,관악구
폭력범죄,폭행,서울 관악구,1304,관악구
폭력범죄,체포/감금,서울 관악구,17,관악구
폭력범죄,협박,서울 관악구,265,관악구
폭력범죄,약취/유인,서울 관악구,4,관악구
폭력범죄,폭력행위등,서울 관악구,34,관악구
폭력범죄,공갈,서울 관악구,37,관악구
폭력범죄,손괴,서울 관악구,403,관악구
지능범죄,직무유기,서울 관악구,9,관악구
지능범죄,직권남용,서울 관악구,15,관악구
지능범죄,증수뢰,서울 관악구,1,관악구
지능범죄,통화,서울 관악구,2,관악구
지능범죄,문서/인장,서울 관악구,106,관악구
지능범죄,유가증권인지,서울 관악구,1,관악구
지능범죄,사기,서울 관악구,4753,관악구
지능범죄,횡령,서울 관악구,871,관악구
지능범죄,배임,서울 관악구,35,관악구
풍속범죄,성풍속범죄,서울 관악구,298,관악구
풍속범죄,도박범죄,서울 관악구,40,관악구
특별경제범죄,특별경제범죄,서울 관악구,1285,관악구
마약범죄,마약범죄,서울 관악구,173,관악구
보건범죄,보건범죄,서울 관악구,73,관악구
환경범죄,환경범죄,서울 관악구,1,관악구
교통범죄,교통범죄,서울 관악구,1125,관악구
노동범죄,노동범죄,서울 관악구,6,관악구
안보범죄,안보범죄,서울 관악구,0,관악구
선거범죄,선거범죄,서울 관악구,17,관악구
병역범죄,병역범죄,서울 관악구,228,관악구
기타범죄,기타범죄,서울 관악구,3013,관악구
강력범죄,살인기수,서울 서초구,4,서초구
강력범죄,살인미수등,서울 서초구,6,서초구
강력범죄,강도,서울 서초구,5,서초구
강력범죄,강간,서울 서초구,52,서초구
강력범죄,유사강간,서울 서초구,13,서초구
강력범죄,강제추행,서울 서초구,295,서초구
강력범죄,기타 강간/강제추행등,서울 서초구,1,서초구
강력범죄,방화,서울 서초구,8,서초구
절도범죄,절도범죄,서울 서초구,1587,서초구
폭력범죄,상해,서울 서초구,71,서초구
폭력범죄,폭행,서울 서초구,1091,서초구
폭력범죄,체포/감금,서울 서초구,13,서초구
폭력범죄,협박,서울 서초구,182,서초구
폭력범죄,약취/유인,서울 서초구,6,서초구
폭력범죄,폭력행위등,서울 서초구,35,서초구
폭력범죄,공갈,서울 서초구,58,서초구
폭력범죄,손괴,서울 서초구,356,서초구
지능범죄,직무유기,서울 서초구,34,서초구
지능범죄,직권남용,서울 서초구,20,서초구
지능범죄,증수뢰,서울 서초구,9,서초구
지능범죄,통화,서울 서초구,11,서초구
지능범죄,문서/인장,서울 서초구,205,서초구
지능범죄,유가증권인지,서울 서초구,4,서초구
지능범죄,사기,서울 서초구,4722,서초구
지능범죄,횡령,서울 서초구,1024,서초구
지능범죄,배임,서울 서초구,92,서초구
풍속범죄,성풍속범죄,서울 서초구,196,서초구
풍속범죄,도박범죄,서울 서초구,20,서초구
특별경제범죄,특별경제범죄,서울 서초구,1661,서초구
마약범죄,마약범죄,서울 서초구,220,서초구
보건범죄,보건범죄,서울 서초구,137,서초구
환경범죄,환경범죄,서울 서초구,1,서초구
교통범죄,교통범죄,서울 서초구,1787,서초구
노동범죄,노동범죄,서울 서초구,4,서초구
안보범죄,안보범죄,서울 서초구,1,서초구
선거범죄,선거범죄,서울 서초구,13,서초구
병역범죄,병역범죄,서울 서초구,128,서초구
기타범죄,기타범죄,서울 서초구,3166,서초구
강력범죄,살인기수,서울 강남구,3,강남구
강력범죄,살인미수등,서울 강남구,13,강남구
강력범죄,강도,서울 강남구,17,강남구
강력범죄,강간,서울 강남구,161,강남구
강력범죄,유사강간,서울 강남구,42,강남구
강력범죄,강제추행,서울 강남구,428,강남구
강력범죄,기타 강간/강제추행등,서울 강남구,4,강남구
강력범죄,방화,서울 강남구,9,강남구
절도범죄,절도범죄,서울 강남구,2094,강남구
폭력범죄,상해,서울 강남구,246,강남구
폭력범죄,폭행,서울 강남구,1900,강남구
폭력범죄,체포/감금,서울 강남구,27,강남구
폭력범죄,협박,서울 강남구,348,강남구
폭력범죄,약취/유인,서울 강남구,8,강남구
폭력범죄,폭력행위등,서울 강남구,76,강남구
폭력범죄,공갈,서울 강남구,119,강남구
폭력범죄,손괴,서울 강남구,611,강남구
지능범죄,직무유기,서울 강남구,13,강남구
지능범죄,직권남용,서울 강남구,23,강남구
지능범죄,증수뢰,서울 강남구,12,강남구
지능범죄,통화,서울 강남구,14,강남구
지능범죄,문서/인장,서울 강남구,250,강남구
지능범죄,유가증권인지,서울 강남구,6,강남구
지능범죄,사기,서울 강남구,10554,강남구
지능범죄,횡령,서울 강남구,1627,강남구
지능범죄,배임,서울 강남구,207,강남구
풍속범죄,성풍속범죄,서울 강남구,391,강남구
풍속범죄,도박범죄,서울 강남구,126,강남구
특별경제범죄,특별경제범죄,서울 강남구,2982,강남구
마약범죄,마약범죄,서울 강남구,817,강남구
보건범죄,보건범죄,서울 강남구,411,강남구
환경범죄,환경범죄,서울 강남구,1,강남구
교통범죄,교통범죄,서울 강남구,2991,강남구
노동범죄,노동범죄,서울 강남구,10,강남구
안보범죄,안보범죄,서울 강남구,6,강남구
선거범죄,선거범죄,서울 강남구,14,강남구
병역범죄,병역범죄,서울 강남구,193,강남구
기타범죄,기타범죄,서울 강남구,4951,강남구
강력범죄,살인기수,서울 송파구,4,송파구
강력범죄,살인미수등,서울 송파구,1,송파구
강력범죄,강도,서울 송파구,3,송파구
강력범죄,강간,서울 송파구,71,송파구
강력범죄,유사강간,서울 송파구,8,송파구
강력범죄,강제추행,서울 송파구,236,송파구
강력범죄,기타 강간/강제추행등,서울 송파구,1,송파구
강력범죄,방화,서울 송파구,10,송파구
절도범죄,절도범죄,서울 송파구,2500,송파구
폭력범죄,상해,서울 송파구,119,송파구
폭력범죄,폭행,서울 송파구,1374,송파구
폭력범죄,체포/감금,서울 송파구,15,송파구
폭력범죄,협박,서울 송파구,293,송파구
폭력범죄,약취/유인,서울 송파구,2,송파구
폭력범죄,폭력행위등,서울 송파구,32,송파구
폭력범죄,공갈,서울 송파구,91,송파구
폭력범죄,손괴,서울 송파구,420,송파구
지능범죄,직무유기,서울 송파구,12,송파구
지능범죄,직권남용,서울 송파구,18,송파구
지능범죄,증수뢰,서울 송파구,3,송파구
지능범죄,통화,서울 송파구,13,송파구
지능범죄,문서/인장,서울 송파구,197,송파구
지능범죄,유가증권인지,서울 송파구,3,송파구
지능범죄,사기,서울 송파구,5184,송파구
지능범죄,횡령,서울 송파구,1099,송파구
지능범죄,배임,서울 송파구,82,송파구
풍속범죄,성풍속범죄,서울 송파구,243,송파구
풍속범죄,도박범죄,서울 송파구,40,송파구
특별경제범죄,특별경제범죄,서울 송파구,1028,송파구
마약범죄,마약범죄,서울 송파구,154,송파구
보건범죄,보건범죄,서울 송파구,128,송파구
환경범죄,환경범죄,서울 송파구,1,송파구
교통범죄,교통범죄,서울 송파구,1767,송파구
노동범죄,노동범죄,서울 송파구,6,송파구
안보범죄,안보범죄,서울 송파구,31,송파구
선거범죄,선거범죄,서울 송파구,8,송파구
병역범죄,병역범죄,서울 송파구,91,송파구
기타범죄,기타범죄,서울 송파구,3033,송파구
강력범죄,살인기수,서울 강동구,0,강동구
강력범죄,살인미수등,서울 강동구,3,강동구
강력범죄,강도,서울 강동구,4,강동구
강력범죄,강간,서울 강동구,24,강동구
강력범죄,유사강간,서울 강동구,9,강동구
강력범죄,강제추행,서울 강동구,133,강동구
강력범죄,기타 강간/강제추행등,서울 강동구,0,강동구
강력범죄,방화,서울 강동구,5,강동구
절도범죄,절도범죄,서울 강동구,1662,강동구
폭력범죄,상해,서울 강동구,96,강동구
폭력범죄,폭행,서울 강동구,909,강동구
폭력범죄,체포/감금,서울 강동구,3,강동구
폭력범죄,협박,서울 강동구,172,강동구
폭력범죄,약취/유인,서울 강동구,6,강동구
폭력범죄,폭력행위등,서울 강동구,22,강동구
폭력범죄,공갈,서울 강동구,38,강동구
폭력범죄,손괴,서울 강동구,273,강동구
지능범죄,직무유기,서울 강동구,6,강동구
지능범죄,직권남용,서울 강동구,5,강동구
지능범죄,증수뢰,서울 강동구,1,강동구
지능범죄,통화,서울 강동구,2,강동구
지능범죄,문서/인장,서울 강동구,76,강동구
지능범죄,유가증권인지,서울 강동구,0,강동구
지능범죄,사기,서울 강동구,2876,강동구
지능범죄,횡령,서울 강동구,456,강동구
지능범죄,배임,서울 강동구,19,강동구
풍속범죄,성풍속범죄,서울 강동구,155,강동구
풍속범죄,도박범죄,서울 강동구,35,강동구
특별경제범죄,특별경제범죄,서울 강동구,1034,강동구
마약범죄,마약범죄,서울 강동구,68,강동구
보건범죄,보건범죄,서울 강동구,42,강동구
환경범죄,환경범죄,서울 강동구,2,강동구
교통범죄,교통범죄,서울 강동구,1028,강동구
노동범죄,노동범죄,서울 강동구,2,강동구
안보범죄,안보범죄,서울 강동구,3,강동구
선거범죄,선거범죄,서울 강동구,11,강동구
병역범죄,병역범죄,서울 강동구,100,강동구
기타범죄,기타범죄,서울 강동구,1987,강동구
