persona_key,persona_name,persona_summary,income_basis,income_top_band,income_segment_label,income_percentile,income_source_label,monthly_income_estimate_krw,annual_income_estimate_krw,debt_basis,debt_segment_label,debt_percentile,debt_source_label,debt_balance_estimate_krw,monthly_debt_service_estimate_krw,monthly_living_cost_estimate_krw,monthly_saving_estimate_krw,current_seed_estimate_krw,seed_money_2y_krw,seed_money_3y_krw,buying_power_2y_krw,buying_power_3y_krw,deposit_budget_cap_krw,monthly_budget_cap_krw,income_p25_annual_krw,income_p50_annual_krw,income_p75_annual_krw,income_p25_label,income_p50_label,income_p75_label,debt_p25_krw,debt_p50_krw,debt_p75_krw,debt_p25_label,debt_p50_label,debt_p75_label,reference_year,weight_budget,weight_commute,weight_safety,weight_infra
high_income_high_debt,고소득 고부채,2024년 기준 소득 P75와 해당 소득구간 내 금융권 대출 P75를 반영한 유형,전국 신혼부부 소득 분포,7천만원~1억원 미만,고소득,75,7천만원~1억원 미만,7083333,85000000,7천만원~1억원 미만 소득구간 내 금융권 대출 분포,고부채,75,2억원~3억원 미만,250000000,1125000,3683333,283333,22666667,29466667,32866667,196966667,200366667,680000000,1309000,40000000.0,60000000.0,85000000.0,3천만원~5천만원 미만,5천만원~7천만원 미만,7천만원~1억원 미만,60000000.0,150000000.0,250000000.0,5천만원~7천만원 미만,1억원~2억원 미만,2억원~3억원 미만,2024,0.3,0.28,0.22,0.2
high_income_mid_debt,고소득 중간부채,2024년 기준 소득 P75와 해당 소득구간 내 금융권 대출 P50를 반영한 유형,전국 신혼부부 소득 분포,7천만원~1억원 미만,고소득,75,7천만원~1억원 미만,7083333,85000000,7천만원~1억원 미만 소득구간 내 금융권 대출 분포,중간부채,50,1억원~2억원 미만,150000000,675000,3683333,883333,22666667,43866667,54466667,246366667,256966667,765000000,1433666,40000000.0,60000000.0,85000000.0,3천만원~5천만원 미만,5천만원~7천만원 미만,7천만원~1억원 미만,60000000.0,150000000.0,250000000.0,5천만원~7천만원 미만,1억원~2억원 미만,2억원~3억원 미만,2024,0.25,0.3,0.2,0.25
high_income_low_debt,고소득 저부채,2024년 기준 소득 P75와 해당 소득구간 내 금융권 대출 P25를 반영한 유형,전국 신혼부부 소득 분포,7천만원~1억원 미만,고소득,75,7천만원~1억원 미만,7083333,85000000,7천만원~1억원 미만 소득구간 내 금융권 대출 분포,저부채,25,5천만원~7천만원 미만,60000000,270000,3683333,1571667,22666667,60386667,79246667,294386667,313246667,850000000,1558333,40000000.0,60000000.0,85000000.0,3천만원~5천만원 미만,5천만원~7천만원 미만,7천만원~1억원 미만,60000000.0,150000000.0,250000000.0,5천만원~7천만원 미만,1억원~2억원 미만,2억원~3억원 미만,2024,0.2,0.35,0.15,0.3
mid_income_high_debt,중간소득 고부채,2024년 기준 소득 P50와 해당 소득구간 내 금융권 대출 P75를 반영한 유형,전국 신혼부부 소득 분포,5천만원~7천만원 미만,중간소득,50,5천만원~7천만원 미만,5000000,60000000,5천만원~7천만원 미만 소득구간 내 금융권 대출 분포,고부채,75,2억원~3억원 미만,250000000,1125000,2900000,200000,12000000,16800000,19200000,109300000,111700000,420000000,840000,40000000.0,60000000.0,85000000.0,3천만원~5천만원 미만,5천만원~7천만원 미만,7천만원~1억원 미만,40000000.0,150000000.0,250000000.0,3천만원~5천만원 미만,1억원~2억원 미만,2억원~3억원 미만,2024,0.4,0.2,0.2,0.2
mid_income_mid_debt,중간소득 중간부채,2024년 기준 소득 P50와 해당 소득구간 내 금융권 대출 P50를 반영한 유형,전국 신혼부부 소득 분포,5천만원~7천만원 미만,중간소득,50,5천만원~7천만원 미만,5000000,60000000,5천만원~7천만원 미만 소득구간 내 금융권 대출 분포,중간부채,50,1억원~2억원 미만,150000000,675000,2900000,200000,12000000,16800000,19200000,144300000,146700000,472500000,920000,40000000.0,60000000.0,85000000.0,3천만원~5천만원 미만,5천만원~7천만원 미만,7천만원~1억원 미만,40000000.0,150000000.0,250000000.0,3천만원~5천만원 미만,1억원~2억원 미만,2억원~3억원 미만,2024,0.35,0.25,0.2,0.2
mid_income_low_debt,중간소득 저부채,2024년 기준 소득 P50와 해당 소득구간 내 금융권 대출 P25를 반영한 유형,전국 신혼부부 소득 분포,5천만원~7천만원 미만,중간소득,50,5천만원~7천만원 미만,5000000,60000000,5천만원~7천만원 미만 소득구간 내 금융권 대출 분포,저부채,25,3천만원~5천만원 미만,40000000,180000,2900000,820000,12000000,31680000,41520000,197680000,207520000,525000000,1000000,40000000.0,60000000.0,85000000.0,3천만원~5천만원 미만,5천만원~7천만원 미만,7천만원~1억원 미만,40000000.0,150000000.0,250000000.0,3천만원~5천만원 미만,1억원~2억원 미만,2억원~3억원 미만,2024,0.3,0.25,0.2,0.25
low_income_high_debt,저소득 고부채,2024년 기준 소득 P25와 해당 소득구간 내 금융권 대출 P75를 반영한 유형,전국 신혼부부 소득 분포,3천만원~5천만원 미만,저소득,25,3천만원~5천만원 미만,3333333,40000000,3천만원~5천만원 미만 소득구간 내 금융권 대출 분포,고부채,75,2억원~3억원 미만,250000000,1125000,2066667,133333,6000000,9200000,10800000,41700000,43300000,293333333,504000,40000000.0,60000000.0,85000000.0,3천만원~5천만원 미만,5천만원~7천만원 미만,7천만원~1억원 미만,20000000.0,150000000.0,250000000.0,1천만원~3천만원 미만,1억원~2억원 미만,2억원~3억원 미만,2024,0.52,0.15,0.2,0.13
low_income_mid_debt,저소득 중간부채,2024년 기준 소득 P25와 해당 소득구간 내 금융권 대출 P50를 반영한 유형,전국 신혼부부 소득 분포,3천만원~5천만원 미만,저소득,25,3천만원~5천만원 미만,3333333,40000000,3천만원~5천만원 미만 소득구간 내 금융권 대출 분포,중간부채,50,1억원~2억원 미만,150000000,675000,2066667,133333,6000000,9200000,10800000,76700000,78300000,330000000,552000,40000000.0,60000000.0,85000000.0,3천만원~5천만원 미만,5천만원~7천만원 미만,7천만원~1억원 미만,20000000.0,150000000.0,250000000.0,1천만원~3천만원 미만,1억원~2억원 미만,2억원~3억원 미만,2024,0.47,0.18,0.2,0.15
low_income_low_debt,저소득 저부채,2024년 기준 소득 P25와 해당 소득구간 내 금융권 대출 P25를 반영한 유형,전국 신혼부부 소득 분포,3천만원~5천만원 미만,저소득,25,3천만원~5천만원 미만,3333333,40000000,3천만원~5천만원 미만 소득구간 내 금융권 대출 분포,저부채,25,1천만원~3천만원 미만,20000000,90000,2066667,376667,6000000,15040000,19560000,128040000,132560000,366666666,600000,40000000.0,60000000.0,85000000.0,3천만원~5천만원 미만,5천만원~7천만원 미만,7천만원~1억원 미만,20000000.0,150000000.0,250000000.0,1천만원~3천만원 미만,1억원~2억원 미만,2억원~3억원 미만,2024,0.42,0.2,0.18,0.2
